-- phpMyAdmin SQL Dump
-- version 5.1.1
-- https://www.phpmyadmin.net/
--
-- Хост: 185.178.46.248
-- Время создания: Ноя 30 2021 г., 14:35
-- Версия сервера: 5.7.36-0ubuntu0.18.04.1
-- Версия PHP: 7.4.24

SET SQL_MODE = "NO_AUTO_VALUE_ON_ZERO";
START TRANSACTION;
SET time_zone = "+00:00";


/*!40101 SET @OLD_CHARACTER_SET_CLIENT=@@CHARACTER_SET_CLIENT */;
/*!40101 SET @OLD_CHARACTER_SET_RESULTS=@@CHARACTER_SET_RESULTS */;
/*!40101 SET @OLD_COLLATION_CONNECTION=@@COLLATION_CONNECTION */;
/*!40101 SET NAMES utf8mb4 */;

--
-- База данных: `birthhelper`
--

-- --------------------------------------------------------

--
-- Структура таблицы `addresses`
--

CREATE TABLE `addresses` (
  `id` bigint(20) UNSIGNED NOT NULL,
  `address_str` text COLLATE utf8_unicode_ci NOT NULL,
  `district` bigint(20) UNSIGNED DEFAULT NULL,
  `country` text COLLATE utf8_unicode_ci,
  `city` text CHARACTER SET latin1,
  `street` text CHARACTER SET latin1,
  `building` int(11) DEFAULT NULL,
  `letera` varchar(5) CHARACTER SET latin1 DEFAULT NULL,
  `block` varchar(5) CHARACTER SET latin1 DEFAULT NULL,
  `position_lat` float DEFAULT NULL,
  `position_lon` float DEFAULT NULL
) ENGINE=InnoDB DEFAULT CHARSET=utf8 COLLATE=utf8_unicode_ci COMMENT='Адреса гео объектов системы';

--
-- Дамп данных таблицы `addresses`
--

INSERT INTO `addresses` (`id`, `address_str`, `district`, `country`, `city`, `street`, `building`, `letera`, `block`, `position_lat`, `position_lon`) VALUES
(1, 'г. Москва, Верхняя Первомайская ул., 57', 3, NULL, NULL, NULL, NULL, NULL, NULL, 55.8001, 37.8021),
(2, 'г. Москва, Вешняковская ул., 23', 3, NULL, NULL, NULL, NULL, NULL, NULL, 55.7313, 37.8334),
(3, 'г. Москва, Фортунатовская ул., 1, к.2', 3, NULL, NULL, NULL, NULL, NULL, NULL, 55.7917, 37.7393),
(4, 'г. Москва, Федеративный проспект,17', 3, NULL, NULL, NULL, NULL, NULL, NULL, 55.7558, 37.8137),
(5, 'г. Москва, 8-я ул. Соколиной Горы, 15', 3, NULL, NULL, NULL, NULL, NULL, NULL, 55.7691, 37.7395),
(6, 'г. Москва, Барболина ул., 3', 3, NULL, NULL, NULL, NULL, NULL, NULL, 55.7874, 37.688),
(7, 'г. Москва, Таймырская ул., 6.', 3, NULL, NULL, NULL, NULL, NULL, NULL, 55.8852, 37.706),
(8, 'г. Москва, Костромская ул., 3', 3, NULL, NULL, NULL, NULL, NULL, NULL, 55.8881, 37.5928),
(9, 'г. Москва, Ленская ул., 15, к.1', 3, NULL, NULL, NULL, NULL, NULL, NULL, 55.8657, 37.6635),
(10, 'г. Москва, Нежинская ул., 3', 4, NULL, NULL, NULL, NULL, NULL, NULL, 55.7173, 37.477),
(11, 'г. Москва, Маршала Тимошенко ул., 15', 4, NULL, NULL, NULL, NULL, NULL, NULL, 55.7491, 37.3808),
(12, 'г. Москва, 800-летия Москвы ул., 22, к.2', 5, NULL, NULL, NULL, NULL, NULL, NULL, 55.8779, 37.555),
(13, 'г. Москва, Коптевский б-р, 5', 5, NULL, NULL, NULL, NULL, NULL, NULL, 55.83, 37.5285),
(14, 'г. Москва, 4-й Вятский пер., 39', 5, NULL, NULL, NULL, NULL, NULL, NULL, 55.7996, 37.5697),
(15, 'г. Москва, Правды ул., 15/1', 5, NULL, NULL, NULL, NULL, NULL, NULL, 55.787, 37.5781),
(16, 'г. Москва, 3-я Красногвардейская ул., 1', 6, NULL, NULL, NULL, NULL, NULL, NULL, 55.7579, 37.5411),
(17, 'г. Москва, Ленинский пр., 8, к.4', 4, NULL, NULL, NULL, NULL, NULL, NULL, 55.726, 37.606),
(18, 'г. Москва, Еланского ул., 2', 6, NULL, NULL, NULL, NULL, NULL, NULL, 55.7339, 37.5731),
(19, 'г. Москва, Покровка ул., д.22а', 6, NULL, NULL, NULL, NULL, NULL, NULL, 55.759, 37.6489),
(20, 'г. Москва, Самаркандский б-р, 3', 7, NULL, NULL, NULL, NULL, NULL, NULL, 55.7036, 37.8283),
(21, 'г. Москва, Шарикоподшипниковская ул., 3', 7, NULL, NULL, NULL, NULL, NULL, NULL, 55.7234, 37.668),
(22, 'г. Москва, Гольяновская ул., 4a', 7, NULL, NULL, NULL, NULL, NULL, NULL, 55.7756, 37.7065),
(23, 'г. Москва, Госпитальная пл., 2', 7, NULL, NULL, NULL, NULL, NULL, NULL, 55.7665, 37.7005),
(24, 'г. Москва, Шкулева ул., 4', 7, NULL, NULL, NULL, NULL, NULL, NULL, 55.6936, 37.7527),
(25, 'г. Москва, Севастопольский проспект 24, к.1', 8, NULL, NULL, NULL, NULL, NULL, NULL, 55.6696, 37.5803),
(26, 'г. Москва, Академика Опарина ул., 4', 8, NULL, NULL, NULL, NULL, NULL, NULL, 55.6445, 37.5005),
(27, 'г. Москва, Новаторов ул., 3', 8, NULL, NULL, NULL, NULL, NULL, NULL, 55.6622, 37.5258),
(28, 'г. Москва, Азовская ул., 22', 8, NULL, NULL, NULL, NULL, NULL, NULL, 55.6545, 37.5978),
(29, 'г. Москва, Фотиевой ул., 6', 8, NULL, NULL, NULL, NULL, NULL, NULL, 55.7019, 37.5631),
(30, 'г. Москва, Волоколамское ш., 63 ', 9, NULL, NULL, NULL, NULL, NULL, NULL, 55.8171, 37.4584),
(31, 'г. Москва, Ленская ул., 15, к.1 ', 9, NULL, NULL, NULL, NULL, NULL, NULL, 55.8657, 37.6634),
(32, 'г. Москва, Вилиса Лациса ул., 4 ', 2, NULL, NULL, NULL, NULL, NULL, NULL, 55.8661, 37.431),
(33, 'г. Москва, Сосновая ул., 11 ', 2, NULL, NULL, NULL, NULL, NULL, NULL, 55.8065, 37.4783),
(34, 'г. Москва, Саляма Адиля ул., 2', 2, NULL, NULL, NULL, NULL, NULL, NULL, 55.7717, 37.4656);

-- --------------------------------------------------------

--
-- Структура таблицы `birthtype`
--

CREATE TABLE `birthtype` (
  `id` int(11) NOT NULL,
  `icon` varchar(50) COLLATE utf8_unicode_ci DEFAULT NULL,
  `title` varchar(50) COLLATE utf8_unicode_ci DEFAULT NULL,
  `description` text COLLATE utf8_unicode_ci,
  `description_ext1` text COLLATE utf8_unicode_ci,
  `description_ext2` text COLLATE utf8_unicode_ci,
  `advantage` text COLLATE utf8_unicode_ci,
  `lack` text COLLATE utf8_unicode_ci,
  `bg_color` varchar(10) COLLATE utf8_unicode_ci DEFAULT NULL
) ENGINE=InnoDB DEFAULT CHARSET=utf8 COLLATE=utf8_unicode_ci COMMENT='Виды родов';

--
-- Дамп данных таблицы `birthtype`
--

INSERT INTO `birthtype` (`id`, `icon`, `title`, `description`, `description_ext1`, `description_ext2`, `advantage`, `lack`, `bg_color`) VALUES
(1, NULL, 'Естественные', 'Естественные роды проходят в три последовательных этапа — период схваток, затем потуги и отхождение последа. Вариантов проведения всех этих трех этапов много, равно как и подходов к появлению на свет крохи. Все это разработано для того, чтобы облегчить родовой процесс матери и сделать рождение малыша максимально естественным, быстрым и легким. \n\nПреимущества\n\nМедицинский контроль за вашим состоянием.\nТщательный контроль за состоянием плода.\nВозможность экстренной медицинской помощи.\nПрисутствие педиатра на родах.\nСоблюдение санитарно-гигиенических норм.\nНедостатки\n\nНепривычная обстановка.\nИногда необоснованное назначение лекарств.', NULL, NULL, NULL, NULL, NULL),
(2, NULL, 'Кесарево сечение', 'Кесарево сечение выполняется в экстренных случаях или по следующим показаниям:\n\nЖизнь плода находится под угрозой. Например, врач определил замедленное сердцебиение или нестабильную работу органа, выделение первородного канала (разрыв плодного пузыря) и пр.;\nСуществует риск для жизни женщины, например, открывшееся кровотечение, высокое давление;\nНаблюдается механическое препятствие, не позволяющее плоду родиться: большой вес, искривление&#x2F;узкие родовые пути. Физиологические особенности таза девушки определяется гинекологом на этапе постановки на учет. Если размеры таза слишком узкие, беременность строго контролируется;\nСлабая родовая деятельность (слабые схватки, их отсутствие, плод не передвигается по родовым путям);\nЕсли предыдущие роды проходили при хирургическом вмешательстве, то повторные проводятся аналогично;\nПредлежание плаценты – состояние, при котором к выходу предлежит не голова&#x2F;таз малыша, а плацента;\nТазовое или поперечное предлежание плода;\nНаличие заболеваний у женщины, например, киста;\nГенитальный герпес, кондиломы;\nНаличие заболеваний (повышенный сахар в крови, плохое зрение и пр.);\nКесарево сечение также проводится, если мать вынашивает два и более плода;\nВИЧ-инфекция также служит показанием к проведению операции.\nПреимущества и недостатки кесарева сечения\nКесарево сечение имеет ряд плюсов, к которым относятся:\n\nОтсутствие осложнений для женского организма, которые возможны при обычных родах.\nРоженица во процессе родов не испытывает боли. Однако, женщина подвержена паническому страху, что в негативном ключе воздействует на психологическое состояние.\nТак как механическое давление на промежность отсутствует, не наблюдается разрывов, которые являются частыми спутниками обычных родов.\nИсключены риски образования геморроя.\nТакже этот вид хирургического вмешательства имеет ряд недостатков:\n\nПосле операции, когда действие анестетиков сходит на нет, женщина испытывает сильные болезненные ощущения.\nОтносительно длительное восстановление.\nМама не имеет возможности быть рядом с малышом, так как поднимать тяжелое запрещено.\nВ некоторых случаях возможна потеря психоэмоциональной связи с ребенком.\nПосле операции не рекомендуется интимная близость в течение нескольких месяцев.\nПри повторной беременности естественные роды исключены.\nПослеродовая депрессия в острой форме.', NULL, NULL, NULL, NULL, NULL),
(3, NULL, 'Мягкие', 'В развитии методики максимальной естественности при традиционных родах многие акушеры пошли далее обычной комфортной палаты и индивидуального родзала. Так появилась методика Лебойе или мягкие, комфортные роды. В них создается особая атмосфера, предрасполагающая к снятию стресса и расслаблению, приглушается свет, звук и создаются особые духовные «матрицы», подчеркиваются естественные связи матери и только что рожденного ребенка. Умиротворяющая музыка, мягкий теплый свет помогают сделать встречу младенца с мамой особенной и незабываемой, чтобы кроха не ощущал родового стресса.', NULL, NULL, NULL, NULL, NULL),
(4, NULL, 'Партнерские', 'У партнерских родов есть следующие преимущества:\n\nмуж окажет психологическую поддержку — женщина будет чувствовать себя спокойнее и увереннее, так как она будет понимать, что рядом есть близкий человек;\nу мужчины будет возможность сразу же после родов увидеть своего малыша;\nженщина не столкнется с чувством одиночества — это улучшит ее моральное состояние во время родов;\nв нужный момент супруг принесет воду, сделает массаж, поможет своей жене дойти до туалета или родильного блока;\nмуж сможет быстро позвать врача, если его жене в срочном порядке потребуется медицинская помощь;\nсчитается, что если оба партнера готовы к партнерским родам, то после рождения ребенка они сблизятся еще больше.\nОднако нужно понимать, что у партнерских родов также есть аргументы «против»:\n\nЖенщина может стесняться, ведь роды — это не развлечение, а сложный физиологический процесс, требующий от нее сил, выносливости и терпения. Внешний вид будущей мамы может быть не таким, как обычно, поэтому ей может быть дискомфортно перед мужем.\nПартнер может быть просто не готов к тому, чтобы принимать участие в таком процессе. Рассказы о том, что мужчины падают в обморок на родах, появились не случайно. Им очень тяжело осознавать, что их близкому человеку сейчас тяжело, а они не понимают, как могут помочь. К тому же кому-то становится плохо даже от вида крови.\nНеосознанное решение о партнерских родах. Если мужчина сам не проявил желания участвовать в процессе, но все-таки пошел из-за того, что его об этом просила жена, это может привести к разногласиям и неловкой обстановке.\n', NULL, NULL, NULL, NULL, NULL),
(5, NULL, 'В воде', 'Основа метода в том, что вода изменяет вес тела и ощущения, что уменьшает неприятные ощущения от схваток, расслабляет, снижает напряжение и облегчает боль. За счет воды происходит облегчение схваток, они легче переносятся, вода проводит своеобразный массаж тела, помогает снять напряжение. Если же в воде происходят и роды, считается, что ребенок попадает в более естественную для него среду, аналогичную той, что окружала его все предыдущее время. От этого родовой стресс для него не такой тяжелый.', NULL, NULL, NULL, NULL, NULL),
(7, NULL, 'Вертикальные', 'При вертикальных родах процесс схваток аналогичен естественным традиционным родам. Но сами потуги проводятся в положении женщины на коленях или коленно-локтевой позиции, либо сидя на специальном стульчике с выемкой посередине. Это помогает ребенку проще родиться за счет силы тяжести, влияющей на родовые пути. Потуги проходят быстрее, кроха рождается несколько проще.\n\nПреимущества\n\nРоженица ощущает меньший дискомфорт.\nЛегче тужиться.\nУменьшается боль.\nУменьшается продолжительность второго периода родов.\nУ ребенка снижается количество внутричерепных травм.\nНедостатки\n\nВрачам неудобно наблюдать за процессом, поэтому чаще случаются глубокие разрывы промежности.\nТрудно проводить наблюдение за состоянием плода.\nДля проведения родов в вертикальном положении требуются специальные кровати.', NULL, NULL, NULL, NULL, NULL);

-- --------------------------------------------------------

--
-- Структура таблицы `clinics`
--

CREATE TABLE `clinics` (
  `id` int(11) NOT NULL,
  `active` tinyint(1) DEFAULT '1',
  `address_id` bigint(11) UNSIGNED DEFAULT NULL,
  `phone_container_id` int(11) DEFAULT NULL,
  `title` varchar(50) COLLATE utf8_unicode_ci NOT NULL,
  `description` mediumtext COLLATE utf8_unicode_ci,
  `image_id` int(11) DEFAULT NULL,
  `license` varchar(50) COLLATE utf8_unicode_ci DEFAULT NULL,
  `status_iho` tinyint(1) DEFAULT NULL,
  `has_oms` tinyint(1) DEFAULT NULL,
  `has_dms` tinyint(1) DEFAULT NULL,
  `has_reanimation` tinyint(1) DEFAULT NULL,
  `has_consultation` tinyint(1) DEFAULT NULL,
  `stat_male` int(11) DEFAULT '0',
  `stat_female` int(11) NOT NULL DEFAULT '0',
  `foreign_service` tinyint(1) DEFAULT NULL,
  `mom_with_baby` tinyint(1) DEFAULT NULL,
  `free_meets` tinyint(1) DEFAULT NULL,
  `facilities_type` int(11) DEFAULT NULL,
  `specialities_type` int(11) DEFAULT NULL
) ENGINE=InnoDB DEFAULT CHARSET=utf8 COLLATE=utf8_unicode_ci;

--
-- Дамп данных таблицы `clinics`
--

INSERT INTO `clinics` (`id`, `active`, `address_id`, `phone_container_id`, `title`, `description`, `image_id`, `license`, `status_iho`, `has_oms`, `has_dms`, `has_reanimation`, `has_consultation`, `stat_male`, `stat_female`, `foreign_service`, `mom_with_baby`, `free_meets`, `facilities_type`, `specialities_type`) VALUES
(1, 1, 1, 1, 'Родильный дом №20 филиал ГКБ им. Д.Д.Плетнёва', 'Родильный дом городской клинической больницы имени Д.Д. Плетнёва – одно из ведущих медицинских учреждений столицы, где получают помощь женщины и новорожденные малыши.nnПосле полной реконструкции роддома, которая длилась целых девять лет, клинику можно по праву назвать современной, комфортной и отлично оснащенной.nnВедение беременности и роды проходят здесь под наблюдением опытных врачей акушеров-гинекологов. В КДО ведут консультации терапевт, офтальмолог, оториноларинголог, кардиолог, эндокринолог, стоматолог.n', 80, NULL, NULL, 1, 1, 1, 1, 1225, 667, NULL, 1, 0, 1, 1),
(2, 1, 2, 1, 'Родильный дом ГКБ №15 им. О.М. Филатова', 'Родильный дом ГКБ №15 им. О.М. Филатова – неотъемлемая часть крупнейшей многопрофильной больницы Москвы с ее возможностями: специалистами различных профилей и доступностью ультразвукового, рентгенологического обследований и лабораторных исследований.\n\nРоддом славится современными подходами в акушерстве и гинекологии. Например, именно здесь впервые была внедрена практика совместного пребывания матери и ребенка.\n\nПосле того, как в 2010 году роддом ГКБ №15 был открыт после масштабной реконструкции, это прекрасно оснащенный акушерский стационар, где женщины и их малыши получают плановую и экстренную акушерскую помощь.', 81, NULL, NULL, 1, 1, 1, 1, 645, 666, NULL, 1, 1, 1, 1),
(3, 1, 3, 1, 'Родильный дом ГКБ №36 им. Ф.И. Иноземцева', 'Полностью обновленный Акушерско-гинекологический центр ГКБ имени Ф.И. Иноземцева был открыт после капитального ремонта 1 апреля 2015 года. Будущих мам ждут уютные палаты, опытные и доброжелательные специалисты, современное оборудование, позволяющее принимать роды любой сложности.\n\nВ индивидуальных родильных боксах, оснащенных по всем стандартам акушерской помощи, вы будете чувствовать себя спокойно и уверенно, а потрясающий вид на Москву из послеродового отделения сделает дни, проведенные здесь, незабываемыми.', 82, NULL, 1, 1, 1, NULL, 1, 777, 666, NULL, 1, NULL, 1, 2),
(4, 1, 4, 1, 'Перинатальный центр ГКБ №70 им. Е.О. Мухина ', 'Перинатальный центр московской больницы № 70 им. Е.О. Мухина – современный медицинский центр, где женщины и дети могут получить весь спектр услуг в области как акушерства, гинекологии и педиатрии, так и диагностики, реабилитации.\n\nВ Центре специализируются на помощи женщинам с проблемой невынашивания беременности и сердечно-сосудистыми патологиями.\n\nМать и дитя здесь круглосуточно находятся вместе, за исключением случаев, когда ребенку требуется особая забота врачей. В отделении реабилитации проводится дополнительное обследование детей первого года жизни, а мамы обучаются навыкам помощи своим малышам.', 83, NULL, NULL, 1, 1, NULL, 1, 777, 666, NULL, 1, NULL, 1, 1),
(5, 0, 5, 1, 'Родильный дом при инфекционной больнице №2', '&quot;тест&quot; &lt;sfsdfds&gt;', NULL, NULL, NULL, NULL, NULL, NULL, NULL, 0, 0, NULL, NULL, NULL, 1, 1),
(6, 0, 6, 1, 'Родильный дом при туберкулезной больнице №7', '&lt;тест&gt; &quot;test&quot;', NULL, NULL, NULL, NULL, NULL, NULL, NULL, 0, 0, NULL, NULL, NULL, 1, 1),
(7, 1, 7, 1, 'Родильный дом ГКБ № 40', 'Полностью реконструированный роддом ГКБ №40 в Лосиноостровском районе Москвы начал работу 10 августа 2017 года.\n\nРоддом оснащен согласно всем современным стандартам оказания акушерской помощи. Уютные палаты и оборудованные всем необходимым родильные боксы обеспечат комфортное пребывание рожениц.\n\nМы хотим, чтобы вы сохранили только лучшие воспоминания о родах. Наша цель — закрепить за собой репутацию одного из лучших родильных домов города. Мы стремимся к тому, чтобы женщины приходили рожать к нам снова.', 84, NULL, 1, 1, 1, 1, 1, 777, 666, NULL, 1, 1, 1, 1),
(8, 1, 8, 1, 'Родильный дом №11 при ГКБ им.А.К.Ерамишанцева', 'На данный момент это единственное отделение во всех государственных роддомах Москвы с условиями повышенной комфортности, не уступающими частным родильным домам по разумным ценам! Это единственное отделение замкнутого цикла, в котором будущая мамочка находится с момента поступления на роды или операцию до комфортного размещения в послеродовых палатах разного уровня, в которых возможно круглосуточное проживание с родственниками!\n\nОтделение оборудовано по самому последнему слову науки и техники, аппаратура соответствует передовым медицинским технологиям. Мы имеем возможность предложить Вам самые последние тенденции современного акушерства, такие как мягкое кесарево сечение, вертикальные роды, роды в воду, роды с доулами, индивидуальными акушерками и монистрис, домашние роды в комфортной обстановке с приглушенным светом, музыкой и аромосвечами. Мы предоставим Вам возможность рожать самостоятельно с рубцом на матке и в тазовом предлежании. Ну и самое главное, что все наши специалисты - врачи высокого уровня высшей категории, кандидаты наук, c большим стажем и опытом!', 87, NULL, 1, 1, 1, NULL, 1, 777, 666, NULL, 1, NULL, 1, 1),
(9, 1, 9, 1, 'Родильный дом ГКБ №20 имени А.К. Ерамишанцева', 'Родильный дом ГКБ им. А.К. Ерамишанцева открылся после капитального ремонта всего 5 лет назад.\n\nСегодня этот московский роддом на Ленской улице радует будущих мам и их близких комфортными условиями и современным подходом, отвечая высоким требованиям безопасного акушерства. Здесь принимают рожениц с заболеваниями почек, а также ведут роды у пациенток с экстрагенитальными патологиями.\n\nИндивидуальные родовые боксы в родильном доме №1 оснащены всем необходимым, включая системы круглосуточного наблюдения за состоянием роженицы. Каждый из сотрудников роддома всегда готов помочь женщине и поддержать ее на таком важном этапе жизни.', 88, NULL, 1, 1, 1, 1, 1, 777, 666, NULL, 1, NULL, 1, 1),
(10, 1, 10, 1, 'Родильный дом №3 ЦПСиР филиал №4', 'Родильный дом №3 Центра Планирования семьи и Репродукции (ЦПСиР) — многопрофильная клиника Москвы, специалисты которой имеют огромный практический опыт акушерской помощи.\n\nПринципы нашей работы: европейские стандарты комфорта, качественная медицинская помощь, бережное отношение к новорожденным, готовность в любой ситуации помочь пациенткам. Родильный дом был полностью реконструирован в 2015 году. От старого роддома остались только стены.\n\nВрачи роддома № 3 сделают все возможное, чтобы мама и малыш были здоровы и счастливы!', 89, NULL, NULL, 1, 1, 1, 1, 777, 666, NULL, NULL, NULL, 1, 1),
(11, 1, 11, 1, 'Родильный дом при ЦКБ Управления Делами Президента', 'Центр акушерства, гинекологии и вспомогательных репродуктивных технологий ФГБУ «ЦКБ с поликлиникой» УД президента РФ (роддом ЦКБ) расположен на территории многопрофильной больницы в зеленой парковой зоне города Москвы.\nПомимо оперативного блока, родовых блоков, послеродовых палат, включая палаты совместного пребывания «мать и дитя» и палат для новорожденных с отделением реанимации, в корпусе имеются отделения хирургической репродуктивной гинекологии и вспомогательных репродуктивных технологий.\n\nВозможности расположения корпуса в составе многопрофильной больницы позволяют всесторонне обследовать беременную женщину и оценить ее готовность к родоразрешению как через естественные родовые пути, так и путем кесарева сечения.', 90, NULL, NULL, 1, 1, 1, 1, 777, 666, NULL, 1, 1, 1, 1),
(12, 1, 12, 1, 'Роддом №17 ГКБ им. В.В. Вересаева', 'Родильный дом ГКБ им. В.В. Вересаева входит в число лучших столичных роддомов. Он открыл свои двери для будущих мам 23 декабря 1993 г., разместившись в просторном семиэтажном здании.\n\nРоддом на улице 800-летия Москвы - одно из подразделений многопрофильного стационара, а значит, пациентки могут получить консультации ведущих специалистов больницы имени В.В. Вересаева. Здесь всегда готовы оказать женщинам и детям своевременную высококвалифицированную медицинскую помощь.\n\nВ работе роддома успешно сочетаются традиции акушерской помощи и самые современные технологии родовспоможения.', 91, NULL, NULL, 1, 1, NULL, 1, 777, 666, NULL, NULL, NULL, 1, 1),
(13, 1, 13, 1, 'Роддом №27 ГКБ им С.И. Спасокукоцкого', 'Родильный дом ГКБ им. С.И. Спасокукоцкого — место с большой историей, которая началась еще в 1947 году. А в 1982 году при роддоме открылся первый в Москве Центр перинатальной диагностики. Именно здесь женщинам впервые начали делать УЗИ.\n\nВ 2014 году началась реконструкция родильного дома, которая длилась 4 года. В марте 2018 года был открыт новый, полностью отвечающий мировым стандартам, с новым оборудованием и высококвалифицированными специалистами. Так роддом получил второе рождение.\n\nСегодня родильный дом ГКБ им. С.И. Спасокукоцкого — современный акушерский стационар, оснащенный согласно всем современным стандартам оказания акушерской помощи. Уютные палаты, оборудованные всем необходимым родильные боксы, внимательные и опытные специалисты - залог нашей успешной работы и гарантия того, что вам здесь будет хорошо.', 93, NULL, 1, 1, 1, 0, 1, 777, 666, NULL, 1, NULL, 1, 1),
(14, 1, 14, 1, 'Перинатальный центр при ГКБ №24', 'Перинатальный центр больницы №24 на Севере столицы – единая, четко и слаженно работающая система помощи малышам и их мамам. Именно этот роддом когда-то стал первым крупным специализированным учреждением в огромной стране, где помогали в случаях угрозы прерывания беременности и выхаживали самых слабеньких младенцев, разрабатывали и внедряли новые медицинские методы.\n\nСегодня Перинатальный центр ГКБ №24 остается одним из самых крупных в России акушерско-педиатрических комплексов со специализацией «преждевременные роды», но это вовсе не значит, что рожать здесь могут лишь пациентки с патологией. Двери Перинатального центра открыты для всех желающих!', 94, NULL, 1, 1, 1, 1, 1, 777, 666, NULL, 1, NULL, 1, 1),
(15, 1, 15, 1, 'Родильный дом ЕМС', 'Родильный дом Европейского медицинского центра соответствует высочайшим мировым стандартам: мы гармонично соединили лучшее в современном акушерстве и неонатологии. Родильный дом ЕМС — логичное продолжение нашей работы в области гинекологии, ЭКО, ведения беременности и педиатрии, которые всегда были в числе приоритетов клиники.\nРождение ребенка — самое счастливое и волнующее событие в жизни женщины. Поэтому мы позаботились о том, чтобы создать уютную домашнюю атмосферу в стенах суперсовременной высокотехнологичной клиники. В перинатальном центре ЕМС есть все для абсолютной безопасности малыша: детская реанимация, отделения патологии новорожденных и неонатологии.', 95, NULL, NULL, 1, 1, 1, 1, 777, 666, NULL, 1, 1, 1, 1),
(18, 1, 18, 1, 'Клиника акушерства им. В.Ф. Снегирева', 'В клинике акушерства и гинекологии им. В.Ф. Снегирева оказывается высококвалифицированная акушерско-гинекологическая помощь, проводится современное оперативное лечение любой сложности, в том числе с сохранением репродуктивной функции, реконструктивно-пластические операции на матке и придатках. В составе клиники работает отделение вспомогательных репродуктивных технологий.', 97, NULL, NULL, 1, 1, 1, 1, 777, 666, NULL, 1, 1, 1, 1),
(19, 1, 19, 1, 'Родильный дом при ГБУЗ МО МОНИИАГ', 'Родильный дом МОНИИАГ оснащен современным оборудованием и обеспечен всеми условиями для оказания экстренной помощи роженицам и новорожденным. В его работе успешно сочетаются традиции акушерской помощи и самые современные технологии родовспоможения, а ведение беременности и роды проходят под наблюдением ведущих специалистов мира — врачей первой и высшей категорий, кандидатов и докторов медицинских наук, профессоров, членов Российской Академии Наук, лауреатов государственных премий Российской Федерации.', 98, NULL, NULL, 1, 1, 0, 1, 777, 666, NULL, NULL, NULL, 1, 1),
(20, 1, 20, 1, 'Родильный дом №8 при ГКБ имени В. П. Демихова', 'Родильный дом №8 ГКБ им. В.П. Демихова — один из крупнейших в Москве. Ежегодно здесь появляется на свет более 6 000 малышей.\nРоддом оснащен самым современным оборудованием. В комфортных послеродовых палатах созданы отличные условия для естественных родов и грудного вскармливания. Врачи — настоящие профессионалы, любящие свое дело.', 99, NULL, 1, 1, 1, NULL, 1, 777, 666, NULL, 1, 0, 1, 1),
(21, NULL, 21, 1, 'ЗАКРЫТ Родильный дом №13 ', '', NULL, NULL, NULL, NULL, NULL, NULL, NULL, 0, 0, NULL, NULL, NULL, 1, 2),
(22, NULL, 22, 1, 'ЗАКРЫТ Родильный дом №18', '', NULL, NULL, NULL, NULL, NULL, NULL, NULL, 0, 0, NULL, NULL, NULL, 1, 2),
(23, 1, 23, 1, 'Родильный дом при ГКБ №29 им. Н.Э. Баумана', 'Один из крупнейших и современных роддомов Москвы, с учетом самых высоких мировых санитарно-эпидемиологических норм и Европейских стандартов комфорта.', 100, NULL, 1, 1, 1, 1, 1, 777, 666, NULL, 1, NULL, 1, 1),
(24, 0, 24, 1, 'ГКБ имени Демихова', 'Роддом полностью переехал г. Москва, ул. Самаркандский бульвар, д. 3', NULL, NULL, NULL, NULL, NULL, NULL, NULL, 0, 0, NULL, NULL, NULL, 1, 2),
(25, 1, 25, 1, 'Перинатальный медицинский центр Мать и дитя', 'Родильные дома Мать и Дитя сочетают в себе традиции классического акушерства и высокие медицинские технологии, заботу о будущей матери и ребенке, индивидуальный подход к родам.\nРоддома КГ Лапино и Перинатального медицинского центра включают отделения анестезиологии и реанимации для женщины, отделения реанимации новорожденных, патологии новорожденных и выхаживания недоношенных детей; собственные лаборатории, позволяющие проводить круглосуточные функциональные и лабораторные исследования – все это позволяет нам гарантировать женщине рождение здорового ребенка.', 101, NULL, 1, 1, 1, 1, 1, 777, 666, NULL, 1, 1, 1, 1),
(26, 1, 26, 1, 'ФГБУ «НМИЦ АГП им. В.И. Кулакова»', 'НАЦИОНАЛЬНЫЙ ЦЕНТР ИМ. В.И. КУЛАКОВА – КРУПНЕЙШЕЕ В СТРАНЕ И УНИКАЛЬНОЕ НЕ ТОЛЬКО ПО ОТЕЧЕСТВЕННЫМ, НО И МИРОВЫМ МЕРКАМ, ГОЛОВНОЕ РОССИЙСКОЕ НАУЧНОЕ, ЛЕЧЕБНОЕ И УЧЕБНОЕ УЧРЕЖДЕНИЕ, ЯВЛЯЮЩЕЕСЯ БАЗОЙ ДЛЯ РЕАЛИЗАЦИИ ГОСУДАРСТВЕННЫХ ПРОГРАММ ПО СОХРАНЕНИЮ ЗДОРОВЬЯ ЖЕНЩИНЫ, МАТЕРИ И РЕБЕНКА. ЦЕНТР ЯВЛЯЕТСЯ СВЯЗУЮЩИМ ОБЩЕФЕДЕРАЛЬНЫМ УЧРЕЖДЕНИЕМ, АККУМУЛИРУЮЩИМ НАУЧНЫЕ ДОСТИЖЕНИЯ ОТЕЧЕСТВЕННЫХ И ЗАРУБЕЖНЫХ СПЕЦИАЛИСТОВ В ЭТОЙ ОБЛАСТИ МЕДИЦИНСКОЙ НАУКИ И КООРДИНИРУЮЩИМ РАБОТУ РЕГИОНАЛЬНЫХ ЦЕНТРОВ', 103, NULL, 1, 1, 1, 1, 1, 777, 666, NULL, 1, 1, 1, 1),
(27, 1, 27, 1, 'Родильный дом №4 ГКБ им. В.В. Виноградова', 'Родильный дом №4 ГКБ им. В.В. Виноградова — это лечебное учреждение со своими традициями, историей и судьбой. Бережное отношение к здоровью женщины и ребенка — главный принцип нашей работы, а бережно — значит естественно. Более 30 лет назад мы начали проводить вертикальные роды. Наши специалисты имеют огромный опыт помощи при родах в удобном и безопасном вертикальном положении.', 104, NULL, 1, 1, 1, 0, 1, 777, 666, NULL, 1, NULL, 1, 1),
(28, 0, 28, 1, 'Родильный дом №10 на Каховке закрыт (см. ЦПСиР)', 'Филиал № 1 Родильный дом № 10 Государственного бюджетного учреждения здравоохранения города Москвы Центр планирования семьи и репродукции Департамента здравоохранения города Москвы\n\nhttps:&#x2F;&#x2F;cps-moscow.ru&#x2F;platnye-uslugi&#x2F;', NULL, NULL, NULL, NULL, NULL, NULL, NULL, 0, 0, NULL, NULL, NULL, 1, 2),
(29, 1, 29, 1, 'Родильный дом №25 ГКБ №1 им. Н.И. Пирогова', 'В 2005 г. по инициативе ВОЗ и ЮНИСЕФ за успешную организацию работы по охране, поощрению и поддержке грудного вскармливания Родильный дом № 252 награжден Международной премией Больница доброжелательная к ребенку с вручением Диплома Министерства здравоохранения и социального развития РФ. В конце 2012 г. Родильный дом № 25 подтвердил высокое международное звание Больница доброжелательная к ребенку.', 105, NULL, 1, 1, 1, NULL, 1, 777, 666, NULL, 1, NULL, 1, 1),
(30, 1, 30, 1, 'Родильный дом при инфекционной КБ №1 ', 'есть еще при КБ2 Роды бесплатные', 106, NULL, NULL, 1, 1, 1, 1, 777, 666, NULL, NULL, NULL, 1, 1),
(32, 1, 32, 1, 'Родильный дом №1 ГКБ №67 им. Л.А. Ворохобова', 'Родильный дом №1 ГКБ им. Л.А. Ворохобова находится на Северо-Западе Москвы. Это одно из ведущих медицинских учреждений столицы в сфере акушерства, гинекологии и неонатологии, обладающее статусом перинатального центра.\n\nОснащенность современным реанимационным и диагностическим оборудованием, комфортные условия пребывания, сплоченная команда профессионалов и, наконец, фантастический вид из окна делают роддом №1 местом, куда обязательно захочется вернуться еще за одним малышом.\n\nПеринатальный центр ГКБ им. Л.А. Ворохобова не раз одерживал победу как лучший роддом страны, а его сотрудники награждались почетными грамотами московского Правительства.', 107, NULL, NULL, 1, 1, NULL, 1, 777, 666, NULL, 1, NULL, 1, 1),
(33, 1, 33, 1, 'Родильный дом ГКБ №52', 'Родильный дом ГКБ №52 был открыт после капитального ремонта в декабре 2015 года. Сегодня это современная клиника, где женщинам и новорожденным оказывают диагностическую и лечебную помощь на всех этапах беременности.', 108, NULL, NULL, 1, 1, 1, 1, 777, 666, NULL, NULL, NULL, 1, 1),
(34, 0, 34, 1, 'Родильный дом №67', 'Евромед ', 110, NULL, NULL, NULL, NULL, NULL, NULL, 0, 0, NULL, NULL, NULL, 1, 1);

-- --------------------------------------------------------

--
-- Структура таблицы `clinic_specialities_containers`
--

CREATE TABLE `clinic_specialities_containers` (
  `id` int(11) NOT NULL,
  `container_id` int(11) NOT NULL,
  `speciality_id` int(11) NOT NULL,
  `overrided_title` varchar(50) COLLATE utf8_unicode_ci DEFAULT NULL,
  `overrided_description` text COLLATE utf8_unicode_ci,
  `comment` text COLLATE utf8_unicode_ci
) ENGINE=InnoDB DEFAULT CHARSET=utf8 COLLATE=utf8_unicode_ci;

--
-- Дамп данных таблицы `clinic_specialities_containers`
--

INSERT INTO `clinic_specialities_containers` (`id`, `container_id`, `speciality_id`, `overrided_title`, `overrided_description`, `comment`) VALUES
(1, 1, 2, NULL, NULL, NULL),
(2, 1, 1, NULL, NULL, NULL),
(3, 1, 3, NULL, NULL, NULL),
(4, 1, 4, NULL, NULL, NULL),
(5, 1, 5, NULL, NULL, NULL),
(6, 1, 6, NULL, NULL, NULL),
(7, 2, 6, NULL, NULL, NULL),
(8, 2, 1, NULL, NULL, NULL);

-- --------------------------------------------------------

--
-- Структура таблицы `clinic_specialities_containers_repo`
--

CREATE TABLE `clinic_specialities_containers_repo` (
  `id` bigint(20) UNSIGNED NOT NULL,
  `title` varchar(50) COLLATE utf8_unicode_ci DEFAULT NULL,
  `description` text COLLATE utf8_unicode_ci,
  `comment` text COLLATE utf8_unicode_ci
) ENGINE=InnoDB DEFAULT CHARSET=utf8 COLLATE=utf8_unicode_ci;

--
-- Дамп данных таблицы `clinic_specialities_containers_repo`
--

INSERT INTO `clinic_specialities_containers_repo` (`id`, `title`, `description`, `comment`) VALUES
(1, 'Полная', 'Все специализации в одном месте', NULL),
(2, 'Удалить', 'ууццуц', NULL);

-- --------------------------------------------------------

--
-- Структура таблицы `clinic_specialities_type`
--

CREATE TABLE `clinic_specialities_type` (
  `id` int(11) NOT NULL,
  `icon` varchar(50) CHARACTER SET utf8 COLLATE utf8_unicode_ci DEFAULT NULL,
  `title` varchar(50) CHARACTER SET utf8 COLLATE utf8_unicode_ci DEFAULT NULL,
  `description` text CHARACTER SET utf8 COLLATE utf8_unicode_ci,
  `bg_color` varchar(10) CHARACTER SET utf8 COLLATE utf8_unicode_ci DEFAULT NULL
) ENGINE=InnoDB DEFAULT CHARSET=latin1;

--
-- Дамп данных таблицы `clinic_specialities_type`
--

INSERT INTO `clinic_specialities_type` (`id`, `icon`, `title`, `description`, `bg_color`) VALUES
(1, NULL, 'Инфекционные заболевания ', '(в том числе гепатиты, капельные инфекции)', NULL),
(2, NULL, 'Заболевания крови AB0- и Rh- сенсибилизация', NULL, NULL),
(3, NULL, 'Патология мочевыводящей системы', NULL, NULL),
(4, NULL, 'Заболевания сердечнососудистой системы', NULL, NULL),
(5, NULL, 'Патология сосудов', NULL, NULL),
(6, NULL, 'Сахарный диабет', NULL, NULL);

-- --------------------------------------------------------

--
-- Структура таблицы `districts`
--

CREATE TABLE `districts` (
  `id` bigint(20) UNSIGNED NOT NULL,
  `name` varchar(20) COLLATE utf8_unicode_ci NOT NULL,
  `title` text COLLATE utf8_unicode_ci NOT NULL,
  `title_short` text COLLATE utf8_unicode_ci NOT NULL
) ENGINE=InnoDB DEFAULT CHARSET=utf8 COLLATE=utf8_unicode_ci;

--
-- Дамп данных таблицы `districts`
--

INSERT INTO `districts` (`id`, `name`, `title`, `title_short`) VALUES
(2, 'szao', 'Северо-западный автономный округ', 'СЗАО'),
(3, 'vao', 'Восточный автономный округ', 'ВАО'),
(4, 'zao', 'Западный автономный округ', 'ЗАО'),
(5, 'sao', 'Северный автономный округ', 'САО'),
(6, 'cao', 'Центральный автономный округ', 'ЦАО'),
(7, 'uvao', 'Юго - восточный автономный округ', 'ЮВАО'),
(8, 'uzao', 'Юго - западный автономный округ', 'ЮЗАО'),
(9, 'svao', 'Северо - восточный автономный округ', 'СВАО');

-- --------------------------------------------------------

--
-- Структура таблицы `doctors`
--

CREATE TABLE `doctors` (
  `id` int(11) NOT NULL,
  `full_name` varchar(50) COLLATE utf8_unicode_ci DEFAULT NULL,
  `short_name` varchar(50) COLLATE utf8_unicode_ci DEFAULT NULL,
  `patronymic` varchar(50) COLLATE utf8_unicode_ci DEFAULT NULL,
  `experience` varchar(50) COLLATE utf8_unicode_ci DEFAULT NULL COMMENT 'стаж',
  `count` int(11) DEFAULT NULL COMMENT 'количество родов',
  `image_id` int(11) DEFAULT NULL,
  `description_education` text COLLATE utf8_unicode_ci COMMENT 'образование',
  `category` bigint(20) UNSIGNED DEFAULT NULL,
  `description_experience` text COLLATE utf8_unicode_ci COMMENT 'проф навыки, сильные стороны',
  `position` bigint(20) UNSIGNED DEFAULT NULL COMMENT 'специализация врача',
  `clinic_id` int(11) DEFAULT NULL COMMENT 'Прикреплен к клинике (ID)',
  `def` tinyint(1) DEFAULT NULL
) ENGINE=InnoDB DEFAULT CHARSET=utf8 COLLATE=utf8_unicode_ci COMMENT='Врачи системы';

--
-- Дамп данных таблицы `doctors`
--

INSERT INTO `doctors` (`id`, `full_name`, `short_name`, `patronymic`, `experience`, `count`, `image_id`, `description_education`, `category`, `description_experience`, `position`, `clinic_id`, `def`) VALUES
(1, 'Ольга', 'Сергунина ', 'Сергеевна', '6', 40, 9, 'В 2011 г. с отличием закончила Российский Государственный Медицинский Университет им. Н.И. Пирогова.\n\nС 2011 г. по 2013 г. проходила обучение в клинической ординатуре по специальности «Акушерство и гинекология» на базе Научного Центра акушерства, гинекологии и перинатологии имени В.И. Кулакова.', 7, 'Имеет сертификат по ультразвуковой диагностике в акушерстве и гинекологии.', 1, 15, NULL),
(2, 'Николай', 'Поляков ', NULL, '6', 45, 10, 'окончил ММА им. И.М. Сеченова, интернатуру и ординатуру — на кафедре акушерства и гинекологии ММА им. И.М. Сеченова под руководством академика А.Н. Стрижакова.', 7, 'Прошел дополнительное обучение по направлениям: «Ультразвуковая диагностика в гинекологии» и «Гинекология-эндокринология».', 1, 15, NULL),
(3, 'Наталья', 'Кан ', NULL, '7', 66, 11, 'В 1990 г. окончила лечебный факультет по специальности «Лечебное дело», а затем прошла клиническую интернатуру и клиническую ординатуру на кафедре акушерства и гинекологии Владивостокского государственного медицинского университета.', 6, 'Защитила кандидатскую диссертацию на тему: «Состояние внутриутробного плода и ранняя адаптация новорожденных в зависимости от пола и предлежания плода» и докторскую диссертацию на тему: «Современные технологии в диагностике и прогнозировании внутриутробных инфекций». Дважды Лауреат национальной премии лучшим врачам России «Призвание»: «За проведение уникальной операции, спасшей жизнь человека». Награждена почетной грамотой Министерства здравоохранения Российской Федерации. Имеет Государственную награду Российской Федерации – медаль ордена «За заслуги перед Отечеством».', 1, 15, NULL),
(4, 'Виктор', 'Тютюнник', NULL, '9', 48, 12, 'В 1987 г. окончил лечебный факультет 2-го Московского ордена Ленина государственного медицинского института им Н.И. Пирогова, по окончании которого проходил обучение в интернатуре по специальности «Акушерство и гинекология» на базе городской клинической больницы № 1 им. Н.И. Пирогова г. Москва. В 1992 г. поступил в очную аспирантуру и в 1994 г. защитил диссертацию на соискание ученой степени кандидата медицинских наук на тему: «Особенности течения и тактика ведения беременности и родов у больных с гипогонадотропной формой аменореи».', 6, 'Дважды лауреат Национальной премии лучшим врачам России «Призвание»-2012 и -2015 в номинации «За проведение уникальной операции, спасшей жизнь человека». Награжден медалью «В память 850-летия Москвы». Имеет ведомственную награду Министерства здравоохранения Российской Федерации – нагрудный знак «Отличник здравоохранения».\n\nДоктор ведет роды любой сложности, через естественные родовые пути и путем кесарева сечения, в том числе экстренного КС, ведет ранний послеродовой период у родильниц после операции кесарева сечения.', 1, 15, NULL),
(8, 'Гаяне', 'Саакян ', NULL, '24', 65, 13, 'В 1997 г. окончила Ереванский государственный медицинский университет по специальности «Лечебное дело».', 7, '1998-2000 гг. - обучение в клинической интернатуре и в клинической ординатуре по специальности «Акушерство и гинекология» на базе Московской Медицинской Академии им И.М. Сеченова.\n2006 г. - профессиональная переподготовка по специальности «Эндокринология» на базе ММА им. И.М. Сеченова.\nВ 2012 г. присвоена первая квалификационная врачебная категория.\n2012 г. - курсы повышения квалификации по патологии шейки матки, влагалища и вульвы. Кольпоскопия.\n2014 г. - курс повышения квалификации по гинекологии детей и подростков.\n2015 г. – первичная специализация по ультразвуковой диагностике.', 1, 15, NULL),
(9, 'Али', 'Куруглиев', NULL, '44', 22, 14, 'В 1994 году закончил педиатрический факультет Дагестанского государственного медицинского института. ', 6, 'В 1995 г. ординатуру по специализации «Анестезиология и реаниматология».', 3, 15, NULL),
(10, 'Артур', 'Ли', '', '44', 333, 15, 'Высшее', 6, NULL, 1, 1, NULL),
(11, 'Алексей', 'Волкодав', NULL, '22', 41, 20, NULL, 6, NULL, 1, 1, NULL),
(12, 'Ольга', 'Горбунова', '', '20', 22, 21, NULL, 6, NULL, 1, 1, NULL),
(13, 'Олег', 'Ионов', '', '12', 30, 22, NULL, 6, NULL, 1, 1, NULL),
(14, 'Ольга', 'Конышева  ', NULL, '25', 45, 23, NULL, 6, NULL, 1, 2, NULL),
(15, 'Ольга', 'Глотова', NULL, '30', 60, NULL, NULL, 6, NULL, 1, 2, NULL),
(16, 'Алла', 'Евграфова', NULL, '15', 62, NULL, NULL, 6, NULL, 1, 2, NULL),
(17, 'Нина', 'Лукина ', NULL, '22', 68, NULL, NULL, 6, NULL, 1, 2, NULL),
(18, 'Елена', 'Медникова ', NULL, '33', 55, NULL, NULL, 7, NULL, 1, 2, NULL),
(19, 'Людмила', 'Васильева ', NULL, '5', 10, NULL, NULL, 7, NULL, 1, 2, NULL),
(20, 'Анастасия', 'Григорьева ', NULL, '5', 7, NULL, NULL, 8, NULL, 1, 2, NULL),
(21, 'Наталья ', 'Коршунова ', NULL, '16', 28, NULL, NULL, 7, NULL, 1, 2, NULL),
(22, 'Инна ', 'Сазанова ', NULL, '26', 81, NULL, NULL, 7, NULL, 1, 2, NULL),
(23, 'Юлия ', 'Лосик ', 'Станиславовна', '11', 13, 24, NULL, 6, NULL, 1, 3, NULL),
(25, 'Земфира ', 'Куланина ', 'Мясгутовна', '8', 21, 25, NULL, 7, NULL, 1, 3, NULL),
(26, 'Александр ', 'Чумаченко ', 'Геннадиевич', '14', 75, 26, 'В 2007 г  окончил клиническую ординатуру по специальности Акушерство и гинекология. Воронежская Государственная Медицинская Академия им. Н. Н. Бурденко', 8, NULL, 1, 3, NULL),
(27, 'Вера ', 'Любешкина ', 'Александровна', '10', 56, NULL, 'В 2011 г окончила  медицинский факультет Российского Университета Дружбы Народов.  В 2013 г окончила клиническую ординатуру по специальности «Акушерство и гинекология» на кафедре «Акушерства и гинекологии с курсом перинатологии»  медицинского факультета Российского Университета Дружбы Народов.', 6, 'Врач акушер-гинеколог,  член Междисциплинарной ассоциации специалистов репродуктивной медицины (МАРС) и Межрегиональной ассоциации по клинической микробиологии и антимикробной химиотерапии (МАКМАХ).', 1, 3, NULL),
(28, 'Елена ', 'Зрагус ', 'Владимировна', NULL, NULL, 27, NULL, 6, NULL, 1, 3, NULL),
(29, 'Яна ', 'Кравец ', 'Сергеевна', '20', NULL, 28, 'В 2000 году закончила Сибирский государственный университет в городе Томске.\nВрач высшей квалификационной категории, кандидат медицинских наук., ассистент кафедры акушерству и гинекологии МГМСУ им. А. И. Евдокимова.', 6, 'Естественные роды, Роды с рубцом на матке, Вертикальные роды\nОперативные роды( мягкое кесарево сечение)', 1, 4, NULL),
(30, 'Николай', 'Синев ', ' Сергеевич', '12', NULL, 29, 'Окончил Московский государственный медико-стоматологический университет имени А.И. Евдокимова. Прошел интернатуру по специальности «Акушерство и гинекология». Прошел обучение по программам дополнительного профессионального повышения квалификации «Сердечно-легочная реанимация» , «Безопасное применение вакуумной системы родовспоможения KIWI» , «Практическое акушерство» , «Профилактика профессионального выгорания в работе врача» , «Первичная реанимационная помощь новорожденным», «Практическая трансфузиология». Прошел обучение в Бельгии по теме «Мягкие роды»', 6, NULL, 1, 4, NULL),
(31, 'Мадина ', 'Изиева ', 'Мусрутдиновна', '22', NULL, 30, NULL, 7, NULL, 1, 4, NULL),
(32, 'Данна', 'Степанова ', 'Сергеевна', '20', 66, 31, 'Окончила Российский государственный медицинский университет по специальности «лечебное дело» в 1999 году.', 6, NULL, 1, 4, NULL),
(33, 'Екатерина ', 'Лопухина ', 'Николаевна', '6', 21, 32, NULL, 6, 'Прошла профессиональную переподготовку по специальности «ультразвуковая диагностика».', 1, 4, NULL),
(34, 'Мариана ', 'Марченко ', 'Валентиновна', '22', 68, 33, 'Окончила Государственный медико-фармацевтический университет имени Николая Тестамицану в 1999г. по специальности «лечебное дело». ', 6, 'Прошла ординатуру по специальности «акушерство и гинекология» в Московском Государственном медико-стоматологическом университете им. А. И. Евдокимова. Прошла профессиональную переподготовку по специальности «ультразвуковая диагностика». Прошла обучение по программе дополнительного профессионального повышения квалификации «Безопасное применение вакуумной системой KIWI».', 1, 4, NULL),
(35, 'Олеся ', 'Сахарова ', 'Владиславовна', '18', 42, 34, 'Диплом врача по специальности педиатрия, выдан 18.06.2003 года Новосибирской государственной медицинской академией. Сертификат по специальности акушерство и гинекология, выдан 28.06.2019 Федеральным государственным бюджетным образовательным учреждением высшего образования « Российский национальный исследовательский медицинский университет имени Н. И. Пирогова» Министерства здравоохранения Российской Федерации, действителен в течение 5 лет.', 6, NULL, 1, 7, NULL),
(36, 'Лариса ', 'Калинина ', 'Викторовна', '31', 69, 36, NULL, 6, NULL, 2, 7, NULL),
(37, 'Ирина ', 'Салихова ', 'Рашитовна', '31', 55, 35, NULL, 6, NULL, 1, 7, NULL),
(38, 'Татьяна', 'Новикова ', 'Александровна', '33', 62, 37, NULL, 6, NULL, 3, 7, NULL),
(40, 'Наталья', 'Скрипцина', 'Степановна', '11', 22, 40, NULL, 6, NULL, 1, 8, NULL),
(41, 'Алла', 'Пашкова', 'Валерьевна', '14', 66, 39, NULL, 7, NULL, 1, 8, NULL),
(42, 'Светлана', 'Любанская ', 'Васильевна', '14', 22, 41, NULL, 6, NULL, 1, 8, NULL),
(43, 'Ольга', 'Боброва', 'Николаевна', '18', 99, 42, 'Образование: Курский государственный медицинский университет, год окончания-1999, квалификация-врач-лечебник по специальности «лечебное дело».', 6, '2000 – интернатура в Курской областной акушерско-гинекологической больнице по специальности «акушерство и гинекология»\n\n2002 – клиническая ординатура при факультете последипломного образования Курского государственного медицинского университета по специальности «акушерство и гинекология»\n\nСертификат специалиста:\n\n2016 год — Первый Московский государственный медицинский университет имени И.М.Сеченова Министерства здравоохранения Российской Федерации по специальности «акушерство и гинекология»\n\nВладение смежной специальностью:\n\n2014 год — сертификат специалиста: Федеральное государственное бюджетное образовательное учреждение высшего профессионального образования «Российский университет дружбы народов» по специальности «ультразвуковая диагностика»\n\nЧлен Московского общества акушеров-гинекологов', 1, 9, NULL),
(44, 'Наталия ', 'Волкова', 'Владимировна', '15', 25, 43, 'В  1997  г. окончила Рязанский  государственный   мед. университет им. акад. Павлова по специальности « Лечебное дело»', 8, 'Плановая и экстренная   акушерско- гинекологическая помощь в полном объеме.', 1, 9, NULL),
(45, 'Артем ', 'Луговой ', 'Олегович', '18', 66, 44, NULL, 6, 'аппаратная коррекция дыхательной недостаточности;\nкоррекция гемодинамических параметров под контролем инвазивного мониторинга;\nприменение ультразвука в анестезиологии-реаниматологии;\nприменение технологий Fast-track (ранней реабилитации) в акушерстве;\nсовременные технологии обезболивания родов;\nаппаратная реинфузия крови и коррекция гемостаза при массивной кровопотере;\nорганизация работы по предотвращению неблагоприятных событий деятельности учреждения родовспоможения, в частности разработка и внедрение концепции безопасности пациенток.', 3, 9, NULL),
(46, 'Галина ', 'Гогичаишвили ', 'Вячеславовна', '19', 38, 45, NULL, 6, 'Оказание экстренной  и плановой помощи в акушерстве и гинекологии, первичная специализация по УЗИ', 1, 9, NULL),
(47, 'Роман ', 'Чунаев ', 'Игоревич', '13', 88, 46, 'В 2008 г. Окончил РГМУ им. Н.И. Пирогова. 2008-2011 гг - интернатура и клиническая ординатура на базе ГКБ№72 г. Москва. с 2011 г по 2014 гг ', 6, NULL, 1, 10, NULL),
(48, 'Алексей ', 'Хромылёв ', 'Викторович', '11', NULL, 47, '2002-2008гг - ГОУ ВПО Московская медицинская академия им. И.М. Сеченова, специальность «Лечебное дело», квалификация – врач. \n2008-2010гг - ГОУ ВПО Московская медицинская академия им. И.М. Сеченова – клиническая ординатура по специальности «Акушерство и гинекология», на базе родильного дома №7. \n 2010 – 2011г ГОУ ВПО Российский университет дружбы народов – профессиональная переподготовка по специальности «Ультразвуковая диагностика». \n2012-2016гг - ФГБОУ ВО Московский государственный медицинский университет им. И.М. Сеченова – аспирантура, на базе родильного дома №4.', 7, 'В 2016 году - сертификация по специальности Акушерство и гинекология в ГОУ ВПО Российский государственный медицинский университет Федерального агентства по здравоохранению и социальному развитию.\nВ 2016 году - сертификация по специальности Ультразвуковая диагностика ГОУ ВПО Российском университете дружбы народов.\n2017г – успешно провел защиту диссертации кандидата медицинских наук на тему: «Принципы профилактики послеоперационных тромбозов у беременных и родильниц с метаболическим синдромом и осложненным течением беременности в анамнезе после операции кесарева сечения». ', 1, 10, NULL),
(49, 'Нина ', 'Гринева ', 'Николаевна', '24', NULL, 48, 'В 1991 г окончила 2-ой МОЛГМИ им. Н.И. Пирогова, по специальности Педиатрия.С 1993 по 1994 интернатура по специальности Педиатрия в Морозовской ДКБ.', 6, 'С 1998г сертификация по специальности Неонатология.', 2, 10, NULL),
(50, 'Мария', 'Тишина ', ' Алексеевна', '30', NULL, 49, ' В 1985 г окончила II МОЛГМИ им. Н.И. Пирогова с красным дипломом по специальности Педиатрия.', 6, '1985-1987гг клиническая ординатура по специальности Неонатология на базе 7 ГКБ. Последняя сертификация по специальности неонатология в 2019г.', 2, 10, NULL),
(51, 'Евгения', 'Буртасова ', 'Викторовна', '3', NULL, 50, '2013г окончила Мордовский государственный университет им Н.П. Огарева медицинский институт по специальности Педиатрия.', 7, '2013-2015гг клиническая ординатура по специальности Неонатология. 2018г сертификация по специальности Ультразвуковая диагностика.', 2, 10, NULL),
(52, 'Юрий ', 'Кон ', 'Афонасьевич', '18', NULL, 51, 'Ташкентский педиатрический мединститут 2001-2008 гг, бакалавр.\nВолгоградский государственный медицинский университет 2009-2011 клиническая ординатура по Неонатологии, Педиатрии и ФУВ Санкт Петербургская Медицинская академия постдипломного образования 2011 г. Анестезиология', 7, NULL, 3, 10, NULL),
(53, 'Евгений ', 'Ткаченко ', 'Геннадьевич', '10', NULL, 53, 'Окончил Кубанский государственный медицинский университет 2007г, лечебный факультет. 2007-2009г клиническая ординатура анестезиология и реаниматология НЦ ССХ им А. Н. Бакулева. 2009-2013гг ОРИТН НЦ ССХ им Бакулева. 2013- н.в. РД 3. Стаж 10 лет. Последний действующий сертификат: анестезиология реаниматология от 02.2017г.', 7, NULL, 3, 10, NULL),
(54, 'Наталья ', 'Олейникова ', 'Владимировна', NULL, NULL, 54, NULL, 6, NULL, 1, 11, NULL),
(56, 'Светлана ', 'Шокодей ', 'Александровна', NULL, NULL, 55, NULL, 6, NULL, 1, 11, NULL),
(57, 'Мария ', 'Баранова ', 'Юрьевна', NULL, NULL, 56, NULL, 6, NULL, 1, 11, NULL),
(58, 'Тимур ', 'Рашидов ', 'Наильевич', '20', NULL, 57, 'Интернатура: 2000-2001г. Московская Медицинская Академия имени И.М.Сеченова по специальности Акушерство и гинекология\nОрдинатура: 2001-2003г. Московская Медицинская Академия имени И.М.Сеченова по специальности Акушерство и гинекология\n', 6, '', 1, 18, NULL),
(59, 'Анастасия', 'Савельева', 'Владимировна', '12', NULL, 58, 'Рязанский государственный медицинский университетРФ', 6, NULL, 1, 12, NULL),
(60, 'Татьяна ', 'Исаева ', 'Валерьевна', '22', NULL, 59, '', 6, NULL, 1, 12, NULL),
(61, 'Юлия ', 'Рогова ', 'Владимировна', '19', NULL, 60, NULL, 6, NULL, 1, 12, NULL),
(62, 'Чара ', 'Еганова ', 'Евгеньевна', NULL, NULL, 61, NULL, 6, NULL, 1, 13, NULL),
(63, 'Ирина ', 'Буренкова ', 'Александровна', NULL, NULL, 62, NULL, 6, NULL, 1, 13, NULL),
(64, 'Евгений ', 'Родионов ', 'Александрович', NULL, NULL, 63, NULL, 6, NULL, 1, 13, NULL),
(65, 'Виктория ', 'Сапожникова ', 'Павловна', NULL, NULL, 64, NULL, 6, NULL, 2, 13, NULL),
(66, 'Елена ', 'Готишан ', 'Дмитриевна', NULL, NULL, 72, NULL, 6, NULL, 2, 13, NULL),
(67, 'Евгений ', 'Буйнов ', 'Леонидович', NULL, NULL, 73, NULL, 6, NULL, 3, 13, NULL),
(68, 'Марианна ', 'Моисеева ', 'Алексеевна', NULL, NULL, 74, NULL, 6, NULL, 3, 13, NULL),
(69, 'Лариса ', 'Тимошенкова ', 'Владимировна', NULL, NULL, 75, NULL, 6, NULL, 4, 13, NULL),
(70, 'Оксана ', 'Деревяга ', 'Александровна', NULL, NULL, NULL, NULL, 6, NULL, 4, 13, NULL),
(71, 'Галина', 'Демянюк', 'Станиславовна', NULL, NULL, 76, 'Хабаровский государственный медициснкий институт', 6, 'Естественные роды, роды с рубцом на матке, вертикальные роды, оперативные роды (мягкое кесарево сечение)', 1, 20, NULL),
(72, 'Нюбар ', 'Аскерова ', 'Габиловна', NULL, NULL, 77, NULL, 8, NULL, 1, 20, NULL),
(73, 'Наталья ', 'Захаренко', 'Львовна', NULL, NULL, 78, 'Московский медицинский институт им. Сеченова', 6, 'Естественные роды, роды с рубцом на матке, вертикальные роды, оперативные роды (мягкое кесарево сечение)', 1, 20, NULL),
(75, 'Ирина ', 'Падафа ', 'Владимировна', NULL, NULL, NULL, NULL, 6, NULL, 1, 33, NULL),
(76, 'Елена ', 'Пичкур ', 'Викторовна', NULL, NULL, NULL, NULL, 8, NULL, 1, 33, NULL),
(77, 'Григорий ', 'Леладзе ', 'Автандилович', NULL, NULL, NULL, NULL, 7, NULL, 1, 33, NULL),
(78, 'Екатерина ', 'Сонголова ', 'Николаевна', NULL, NULL, NULL, NULL, 6, NULL, 1, 32, NULL),
(79, 'Нестор ', 'Месхи ', 'Теймуразович', NULL, NULL, NULL, NULL, 6, NULL, 1, 32, NULL),
(80, 'Вячеслав ', 'Немировский ', 'Борисович', NULL, NULL, NULL, NULL, 6, NULL, 1, 32, NULL),
(81, 'Врач акушер-гинеколог', 'Высшей категории', NULL, NULL, NULL, NULL, NULL, 6, NULL, 1, NULL, 1),
(82, 'Врач анестезиолог', 'Высшей категории', NULL, NULL, NULL, NULL, NULL, 6, NULL, 3, NULL, 1),
(83, 'Врач-неонатолог', 'Категория А', NULL, NULL, NULL, NULL, NULL, 6, NULL, 2, NULL, 1),
(84, 'Акушерка', 'Врач', NULL, NULL, NULL, NULL, NULL, 6, NULL, 4, NULL, 1),
(85, 'Доула', 'Высшая категория', NULL, NULL, NULL, NULL, NULL, 6, NULL, 5, NULL, 1),
(86, 'Акушер-гинеколог', 'Первая категория', NULL, NULL, NULL, NULL, NULL, 7, NULL, 1, NULL, 1),
(87, 'Акушер-гинеколог', 'Вторая категория', NULL, NULL, NULL, NULL, NULL, 8, NULL, 1, NULL, 1),
(88, 'Врач-неонатолог', 'Первая категория', NULL, NULL, NULL, NULL, NULL, 7, NULL, 2, NULL, 1);

-- --------------------------------------------------------

--
-- Структура таблицы `doctor_category_type`
--

CREATE TABLE `doctor_category_type` (
  `id` bigint(20) UNSIGNED NOT NULL,
  `title` varchar(50) CHARACTER SET utf8 COLLATE utf8_unicode_ci DEFAULT NULL,
  `lettera` varchar(1) DEFAULT NULL,
  `description` text CHARACTER SET utf8 COLLATE utf8_unicode_ci,
  `bg_color` varchar(10) CHARACTER SET utf8 COLLATE utf8_unicode_ci DEFAULT NULL,
  `icon` varchar(50) CHARACTER SET utf8 COLLATE utf8_unicode_ci DEFAULT NULL
) ENGINE=InnoDB DEFAULT CHARSET=latin1;

--
-- Дамп данных таблицы `doctor_category_type`
--

INSERT INTO `doctor_category_type` (`id`, `title`, `lettera`, `description`, `bg_color`, `icon`) VALUES
(6, 'Высшая категория', 'A', NULL, NULL, NULL),
(7, 'Первая категория', 'B', NULL, NULL, NULL),
(8, 'Вторая категория', 'C', NULL, NULL, NULL);

-- --------------------------------------------------------

--
-- Структура таблицы `doctor_position_type`
--

CREATE TABLE `doctor_position_type` (
  `id` bigint(20) UNSIGNED NOT NULL,
  `title` varchar(50) CHARACTER SET utf8 COLLATE utf8_unicode_ci DEFAULT NULL,
  `description` text CHARACTER SET utf8 COLLATE utf8_unicode_ci,
  `bg_color` varchar(10) CHARACTER SET utf8 COLLATE utf8_unicode_ci DEFAULT NULL,
  `icon` varchar(50) CHARACTER SET utf8 COLLATE utf8_unicode_ci DEFAULT NULL
) ENGINE=InnoDB DEFAULT CHARSET=latin1;

--
-- Дамп данных таблицы `doctor_position_type`
--

INSERT INTO `doctor_position_type` (`id`, `title`, `description`, `bg_color`, `icon`) VALUES
(1, 'Акушер-гинеколог', NULL, NULL, NULL),
(2, 'Врач-неонатолог', NULL, NULL, NULL),
(3, 'Врач-анестезиолог ', NULL, NULL, NULL),
(4, 'Акушерка', NULL, NULL, NULL),
(5, 'Доула', NULL, NULL, NULL);

-- --------------------------------------------------------

--
-- Структура таблицы `entity_type`
--

CREATE TABLE `entity_type` (
  `id` bigint(20) UNSIGNED NOT NULL,
  `title` varchar(50) COLLATE utf8_unicode_ci NOT NULL,
  `name` varchar(20) COLLATE utf8_unicode_ci NOT NULL,
  `comment` text COLLATE utf8_unicode_ci NOT NULL
) ENGINE=InnoDB DEFAULT CHARSET=utf8 COLLATE=utf8_unicode_ci COMMENT='Тип сущности';

--
-- Дамп данных таблицы `entity_type`
--

INSERT INTO `entity_type` (`id`, `title`, `name`, `comment`) VALUES
(1, 'Сущность', 'entity', ''),
(2, 'Контейнер', 'container', '');

-- --------------------------------------------------------

--
-- Структура таблицы `facilities_containers`
--

CREATE TABLE `facilities_containers` (
  `id` int(11) NOT NULL,
  `container_id` int(11) NOT NULL,
  `facility_id` int(11) NOT NULL,
  `overrided_title` varchar(50) COLLATE utf8_unicode_ci DEFAULT NULL,
  `overrided_description` text COLLATE utf8_unicode_ci,
  `comment` text COLLATE utf8_unicode_ci
) ENGINE=InnoDB DEFAULT CHARSET=utf8 COLLATE=utf8_unicode_ci;

--
-- Дамп данных таблицы `facilities_containers`
--

INSERT INTO `facilities_containers` (`id`, `container_id`, `facility_id`, `overrided_title`, `overrided_description`, `comment`) VALUES
(147, 1, 1, NULL, NULL, NULL),
(148, 1, 2, NULL, NULL, NULL),
(149, 1, 3, NULL, NULL, NULL),
(150, 1, 4, NULL, NULL, NULL),
(151, 1, 5, NULL, NULL, NULL),
(152, 1, 6, NULL, NULL, NULL),
(153, 1, 10, NULL, NULL, NULL),
(154, 1, 12, NULL, NULL, NULL),
(155, 1, 14, NULL, NULL, NULL),
(156, 2, 14, NULL, NULL, NULL);

-- --------------------------------------------------------

--
-- Структура таблицы `facilities_containers_repo`
--

CREATE TABLE `facilities_containers_repo` (
  `id` bigint(20) UNSIGNED NOT NULL,
  `title` varchar(50) COLLATE utf8_unicode_ci DEFAULT NULL,
  `description` text COLLATE utf8_unicode_ci,
  `comment` text COLLATE utf8_unicode_ci
) ENGINE=InnoDB DEFAULT CHARSET=utf8 COLLATE=utf8_unicode_ci;

--
-- Дамп данных таблицы `facilities_containers_repo`
--

INSERT INTO `facilities_containers_repo` (`id`, `title`, `description`, `comment`) VALUES
(1, 'Полный пакет', 'Все удобства', 'null'),
(2, 'VIP', 'Комфортабельная палата отвечает высочайшими требованиям комфорта и безопасности и идеальна для совместного пребывания мамы и ребенка. Светлый, наполненный воздухом интерьер располагает к спокойному отдыху и заботе о малыше.', NULL),
(3, 'Семейный люкс', 'Просторные двухкомнатные люкс-апартаменты сочетают в себе безупречный дизайн и функциональность с высочайшим уровнем комфорта и безопасности. Чистота линий, обилие света и воздуха создают неповторимую атмосферу классической элегантности. Мы предусмотрели отдельные комнаты для мамы и ребенка и ваших близких, чтобы они могли разделить с вами счастливые моменты общения с малышом.', NULL),
(4, 'Комфорт', 'Уютная студия обеспечит максимальный комфорт и удовольствие от пребывания,  возможность насладиться классической роскошью и элегантностью, станет приятным дополнением к долгожданному событию — рождению ребенка. В продуманном до мелочей интерьере гармонично объединены пространство для мамы и малыша и зона отдыха для ваших близких. ', NULL),
(5, 'Комфорт Плюс', 'Уютная студия обеспечит максимальный комфорт и удовольствие от пребывания,  возможность насладиться классической роскошью и элегантностью, станет приятным дополнением к долгожданному событию — рождению ребенка. В продуманном до мелочей интерьере гармонично объединены пространство для мамы и малыша и зона отдыха для ваших близких. ', NULL);

-- --------------------------------------------------------

--
-- Структура таблицы `facilities_type`
--

CREATE TABLE `facilities_type` (
  `id` int(11) NOT NULL,
  `icon` varchar(50) CHARACTER SET utf8 COLLATE utf8_unicode_ci DEFAULT NULL,
  `title` varchar(50) CHARACTER SET utf8 COLLATE utf8_unicode_ci DEFAULT NULL,
  `description` text CHARACTER SET utf8 COLLATE utf8_unicode_ci,
  `bg_color` varchar(10) CHARACTER SET utf8 COLLATE utf8_unicode_ci DEFAULT NULL
) ENGINE=InnoDB DEFAULT CHARSET=latin1;

--
-- Дамп данных таблицы `facilities_type`
--

INSERT INTO `facilities_type` (`id`, `icon`, `title`, `description`, `bg_color`) VALUES
(1, NULL, 'WiFi', '', NULL),
(2, NULL, 'Телевизор', '', NULL),
(3, NULL, 'Холодильник', '', NULL),
(4, NULL, 'Фен', '', NULL),
(5, NULL, 'Санузел в палате', '', NULL),
(6, NULL, 'Чайник', 'Электроприбор для подогревания воды', NULL),
(10, NULL, 'Кондиционер', 'Кондиционер', NULL),
(12, NULL, 'Многофункциональная медицинская кровать', '', NULL),
(14, NULL, 'Парковка для гостей', '', NULL);

-- --------------------------------------------------------

--
-- Структура таблицы `files`
--

CREATE TABLE `files` (
  `id` bigint(20) UNSIGNED NOT NULL,
  `filename` varchar(150) COLLATE utf8_unicode_ci NOT NULL,
  `folder` varchar(50) COLLATE utf8_unicode_ci NOT NULL,
  `type` varchar(50) COLLATE utf8_unicode_ci NOT NULL
) ENGINE=InnoDB DEFAULT CHARSET=utf8 COLLATE=utf8_unicode_ci;

--
-- Дамп данных таблицы `files`
--

INSERT INTO `files` (`id`, `filename`, `folder`, `type`) VALUES
(1, '1fe4b22873d29a7babb1f7e5b52efed2_1615363523765.jpg', 'uploads', 'image/jpeg'),
(2, '1fe4b22873d29a7babb1f7e5b52efed2_1615364161275.jpg', 'uploads', 'image/jpeg'),
(3, 'depositphotos_60575315-stock-photo-portrait-of-young-woman-doctor_1615366939639.jpg', 'uploads', 'image/jpeg'),
(4, '0_xMaFF2hSXpf_kIfG_1615401950196.jpg', 'uploads', 'image/jpeg'),
(5, 'IMG_20210310_104345_621_1615402201580.jpg', 'uploads', 'image/jpeg'),
(6, 'IMG-20201206-WA0002_1615402342879.jpg', 'uploads', 'image/jpeg'),
(7, 'IMG_20210127_132053_1615402385693.jpg', 'uploads', 'image/jpeg'),
(8, 'IMG_20210130_195915_1615402434318.jpg', 'uploads', 'image/jpeg'),
(9, 'сергунина ольга_1615626915737.jpg', 'uploads', 'image/jpeg'),
(10, 'поляков николай_1615627000653.jpg', 'uploads', 'image/jpeg'),
(11, 'кан наталья_1615627174331.jpg', 'uploads', 'image/jpeg'),
(12, 'тютюнник виктор_1615627256336.jpg', 'uploads', 'image/jpeg'),
(13, 'саакян гаяне_1615627320010.jpg', 'uploads', 'image/jpeg'),
(14, 'куруглиев али_1615627414304.jpg', 'uploads', 'image/jpeg'),
(15, '614_li_1615628011548.jpg', 'uploads', 'image/jpeg'),
(16, '614_volkodav_1615704813116.jpg', 'uploads', 'image/jpeg'),
(17, '614_gorbunova_1615704889011.jpg', 'uploads', 'image/jpeg'),
(18, '614_ionov_1615704921304.jpg', 'uploads', 'image/jpeg'),
(19, 'Конышева_1615705130133.jpg', 'uploads', 'image/jpeg'),
(20, '614_volkodav_1615705417893.jpg', 'uploads', 'image/jpeg'),
(21, '614_gorbunova_1615705440871.jpg', 'uploads', 'image/jpeg'),
(22, '614_ionov_1615705465248.jpg', 'uploads', 'image/jpeg'),
(23, 'Конышева_1615705490818.jpg', 'uploads', 'image/jpeg'),
(24, 'Лосик Юлия_1616507419624.jpg', 'uploads', 'image/jpeg'),
(25, 'Земфира_1616509991289.jpg', 'uploads', 'image/jpeg'),
(26, 'Чумаченко_1616921994606.jpg', 'uploads', 'image/jpeg'),
(27, 'Зрагус_1616923545744.jpg', 'uploads', 'image/jpeg'),
(28, 'Кравец Яна Сергеевна_1616924783344.jpg', 'uploads', 'image/jpeg'),
(29, 'Синев Николай Сергеевич_1616925348911.jpg', 'uploads', 'image/jpeg'),
(30, 'Изиева Мадина_1616925590955.jpg', 'uploads', 'image/jpeg'),
(31, 'Степанова Данна Сергеевна_1617340659936.jpg', 'uploads', 'image/jpeg'),
(32, 'Лопухина Екатерина_1617342033665.jpg', 'uploads', 'image/jpeg'),
(33, 'Марченко_1617346187805.jpg', 'uploads', 'image/jpeg'),
(34, '5ed70f89b640095327800ba3c805e254_1617351775417.jpg', 'uploads', 'image/jpeg'),
(35, 'c4a14158125d8d649bf9a57f3d895d7d_1617353433346.jpg', 'uploads', 'image/jpeg'),
(36, '853c094a3c4770f13e0deaa37f6cbca6_1617353457201.jpg', 'uploads', 'image/jpeg'),
(37, '3135e2505a75947c62a337fe0de8c1b2_1617353609588.jpg', 'uploads', 'image/jpeg'),
(38, '1_1617358573099.jpg', 'uploads', 'image/jpeg'),
(39, '1_1617358868699.jpg', 'uploads', 'image/jpeg'),
(40, '2_1617359025788.jpg', 'uploads', 'image/jpeg'),
(41, '3_1617359119012.jpg', 'uploads', 'image/jpeg'),
(42, 'LGA_4892-copy-450x500_1617366250186.jpg', 'uploads', 'image/jpeg'),
(43, 'Volkova-Natalja-Vladimirovna-r_o-1_1617366669823.jpg', 'uploads', 'image/jpeg'),
(44, 'Lugovoj-Artem-Olegovchi-450x500_1617367036309.jpg', 'uploads', 'image/jpeg'),
(45, 'Gogichaishvili-Galina-Vjacheslavovna-450x500_1617369298257.jpg', 'uploads', 'image/jpeg'),
(46, '1_1617482916871.jpg', 'uploads', 'image/jpeg'),
(47, '2_1617483067952.jpg', 'uploads', 'image/jpeg'),
(48, '3_1617483241995.jpg', 'uploads', 'image/jpeg'),
(49, '4_1617483370358.jpg', 'uploads', 'image/jpeg'),
(50, '5_1617483515766.jpg', 'uploads', 'image/jpeg'),
(51, '6_1617483791822.jpg', 'uploads', 'image/jpeg'),
(52, '7_1617483899902.jpg', 'uploads', 'image/jpeg'),
(53, '7_1617483951722.jpg', 'uploads', 'image/jpeg'),
(54, '1_1617494260423.jpg', 'uploads', 'image/jpeg'),
(55, '310x-shkodey_b1b_1617494385434.jpg', 'uploads', 'image/jpeg'),
(56, '310x-baranova_b1b_1617494463513.jpg', 'uploads', 'image/jpeg'),
(57, 'Rashidov-Timur-Nailevich_375_1617494859135.jpg', 'uploads', 'image/jpeg'),
(58, 'saveleva-av_1617495525865.jpg', 'uploads', 'image/jpeg'),
(59, 'isaeva-tv_1617495680938.jpg', 'uploads', 'image/jpeg'),
(60, 'rogova-yuv_1617495785311.jpg', 'uploads', 'image/jpeg'),
(61, 'eganova-ce_1618037607749.jpg', 'uploads', 'image/jpeg'),
(62, 'burenkova-ia_1618037805411.jpg', 'uploads', 'image/jpeg'),
(63, 'rodionov-ea_1618037862619.jpg', 'uploads', 'image/jpeg'),
(64, 'sapojnikova-vp_1618037944201.jpg', 'uploads', 'image/jpeg'),
(65, 'gotishan_1618038021313.jpg', 'uploads', 'image/jpeg'),
(66, 'gotishan_1618038025827.jpg', 'uploads', 'image/jpeg'),
(67, 'gotishan_1618038033244.jpg', 'uploads', 'image/jpeg'),
(68, 'gotishan_1618038036284.jpg', 'uploads', 'image/jpeg'),
(69, 'gotishan_1618038036294.jpg', 'uploads', 'image/jpeg'),
(70, 'gotishan_1618038037228.jpg', 'uploads', 'image/jpeg'),
(71, 'gotishan_1618038041759.jpg', 'uploads', 'image/jpeg'),
(72, 'gotishan_1618038162946.jpg', 'uploads', 'image/jpeg'),
(73, 'bujnov-el_1618038578394.jpg', 'uploads', 'image/jpeg'),
(74, 'moiseeva_1618038712958.jpg', 'uploads', 'image/jpeg'),
(75, 'timoshenkova-lv_1618038831406.jpg', 'uploads', 'image/jpeg'),
(76, 'ДемянюкГалинаСтаниславовна-263x350_1618131252037.jpg', 'uploads', 'image/jpeg'),
(77, 'Аскерава-Нюбар-Габиловна-1152x1536_1618134262108.jpg', 'uploads', 'image/jpeg'),
(78, 'Захаренко-Наталья-Львовна-1-1152x1536_1618134398598.jpg', 'uploads', 'image/jpeg'),
(79, 'gallery-photo1_1624913594639.jpg', 'uploads', 'image/jpeg'),
(80, 'gallery-photo1_1624914219533.jpg', 'uploads', 'image/jpeg'),
(81, '1030_1625080913442.jpg', 'uploads', 'image/jpeg'),
(82, 'inoz_1625081115859.jpg', 'uploads', 'image/jpeg'),
(83, 'Фасад_1625313406446.jpg', 'uploads', 'image/jpeg'),
(84, 'Фасад_1625314086473.jpg', 'uploads', 'image/jpeg'),
(85, 'Фасад_1625314233741.jpg', 'uploads', 'image/jpeg'),
(86, 'фасад 11_1625315311689.jpg', 'uploads', 'image/jpeg'),
(87, 'фасад 11_1625315398021.jpg', 'uploads', 'image/jpeg'),
(88, 'Фасад_1625315461568.jpg', 'uploads', 'image/jpeg'),
(89, 'Фасад_1625315625322.jpg', 'uploads', 'image/jpeg'),
(90, 'Роддом Президент фасад_1625316158755.jpg', 'uploads', 'image/jpeg'),
(91, 'Роддом 17_1625316869621.jpg', 'uploads', 'image/jpeg'),
(92, 'Роддом 27_1625317114113.jpg', 'uploads', 'image/jpeg'),
(93, 'Роддом 27_1625317114124.jpg', 'uploads', 'image/jpeg'),
(94, 'Роддом 24_1625319205237.jpg', 'uploads', 'image/jpeg'),
(95, 'ЕМС_1625319372032.jpg', 'uploads', 'image/jpeg'),
(96, 'Роддом 25_1625319648259.jpg', 'uploads', 'image/jpeg'),
(97, 'Снегирева клиника_1625320740419.jpg', 'uploads', 'image/jpeg'),
(98, 'Родильный дом при ГБУЗ МО МОНИИАГ_1625321153380.jpg', 'uploads', 'image/jpeg'),
(99, 'Роддом 8_1625321410620.jpg', 'uploads', 'image/jpeg'),
(100, 'Роддом 29_1625321656808.jpg', 'uploads', 'image/jpeg'),
(101, 'Мать и дитя_1625321878591.jpg', 'uploads', 'image/jpeg'),
(102, 'Кулакова_1625322115188.jpg', 'uploads', 'image/jpeg'),
(103, 'Кулакова_1625322177837.jpg', 'uploads', 'image/jpeg'),
(104, 'Роддом 4_1625322452798.jpg', 'uploads', 'image/jpeg'),
(105, 'Роддом 25_1625322675591.jpg', 'uploads', 'image/jpeg'),
(106, 'Инфекцион роддом_1625323071224.jpg', 'uploads', 'image/jpeg'),
(107, 'Воробохова_1625323272240.jpg', 'uploads', 'image/jpeg'),
(108, 'Роддом 52_1625323432018.jpg', 'uploads', 'image/jpeg'),
(109, 'Воробохова_1625391611775.jpg', 'uploads', 'image/jpeg'),
(110, 'test4_1625392975027.jpg', 'uploads', 'image/jpeg'),
(111, '90b14171fbe8dcb82d2d753853b883ff_1636198516386.jpg', 'uploads', 'image/jpeg'),
(112, '90b14171fbe8dcb82d2d753853b883ff_1636198776728.jpg', 'uploads', 'image/jpeg'),
(113, '90b14171fbe8dcb82d2d753853b883ff_1636198818640.jpg', 'uploads', 'image/jpeg'),
(114, '222_1636199405616.jpg', 'uploads', 'image/jpeg');

-- --------------------------------------------------------

--
-- Структура таблицы `images`
--

CREATE TABLE `images` (
  `id` bigint(20) UNSIGNED NOT NULL,
  `file_id` int(11) NOT NULL,
  `title` varchar(50) COLLATE utf8_unicode_ci NOT NULL,
  `description` text COLLATE utf8_unicode_ci NOT NULL,
  `datetime_update` timestamp NOT NULL DEFAULT CURRENT_TIMESTAMP ON UPDATE CURRENT_TIMESTAMP,
  `datetime_create` timestamp NOT NULL DEFAULT CURRENT_TIMESTAMP
) ENGINE=InnoDB DEFAULT CHARSET=utf8 COLLATE=utf8_unicode_ci;

--
-- Дамп данных таблицы `images`
--

INSERT INTO `images` (`id`, `file_id`, `title`, `description`, `datetime_update`, `datetime_create`) VALUES
(1, 1, 'null', 'null', '2021-03-10 08:05:23', '2021-03-10 08:05:23'),
(2, 2, 'null', 'null', '2021-03-10 08:16:01', '2021-03-10 08:16:01'),
(3, 3, 'null', 'null', '2021-03-10 09:02:19', '2021-03-10 09:02:19'),
(9, 9, 'null', 'null', '2021-03-13 09:15:15', '2021-03-13 09:15:15'),
(10, 10, 'null', 'null', '2021-03-13 09:16:40', '2021-03-13 09:16:40'),
(11, 11, 'null', 'null', '2021-03-13 09:19:34', '2021-03-13 09:19:34'),
(12, 12, 'null', 'null', '2021-03-13 09:20:56', '2021-03-13 09:20:56'),
(13, 13, 'null', 'null', '2021-03-13 09:22:00', '2021-03-13 09:22:00'),
(14, 14, 'null', 'null', '2021-03-13 09:23:34', '2021-03-13 09:23:34'),
(15, 15, 'null', 'null', '2021-03-13 09:33:31', '2021-03-13 09:33:31'),
(16, 16, 'null', 'null', '2021-03-14 06:53:33', '2021-03-14 06:53:33'),
(17, 17, 'null', 'null', '2021-03-14 06:54:49', '2021-03-14 06:54:49'),
(18, 18, 'null', 'null', '2021-03-14 06:55:21', '2021-03-14 06:55:21'),
(19, 19, 'null', 'null', '2021-03-14 06:58:50', '2021-03-14 06:58:50'),
(20, 20, 'null', 'null', '2021-03-14 07:03:37', '2021-03-14 07:03:37'),
(21, 21, 'null', 'null', '2021-03-14 07:04:00', '2021-03-14 07:04:00'),
(22, 22, 'null', 'null', '2021-03-14 07:04:25', '2021-03-14 07:04:25'),
(23, 23, 'null', 'null', '2021-03-14 07:04:50', '2021-03-14 07:04:50'),
(24, 24, 'null', 'null', '2021-03-23 13:50:19', '2021-03-23 13:50:19'),
(25, 25, 'null', 'null', '2021-03-23 14:33:11', '2021-03-23 14:33:11'),
(26, 26, 'null', 'null', '2021-03-28 08:59:54', '2021-03-28 08:59:54'),
(27, 27, 'null', 'null', '2021-03-28 09:25:45', '2021-03-28 09:25:45'),
(28, 28, 'null', 'null', '2021-03-28 09:46:23', '2021-03-28 09:46:23'),
(29, 29, 'null', 'null', '2021-03-28 09:55:48', '2021-03-28 09:55:48'),
(30, 30, 'null', 'null', '2021-03-28 09:59:50', '2021-03-28 09:59:50'),
(31, 31, 'null', 'null', '2021-04-02 05:17:39', '2021-04-02 05:17:39'),
(32, 32, 'null', 'null', '2021-04-02 05:40:33', '2021-04-02 05:40:33'),
(33, 33, 'null', 'null', '2021-04-02 06:49:47', '2021-04-02 06:49:47'),
(34, 34, 'null', 'null', '2021-04-02 08:22:55', '2021-04-02 08:22:55'),
(35, 35, 'null', 'null', '2021-04-02 08:50:33', '2021-04-02 08:50:33'),
(36, 36, 'null', 'null', '2021-04-02 08:50:57', '2021-04-02 08:50:57'),
(37, 37, 'null', 'null', '2021-04-02 08:53:29', '2021-04-02 08:53:29'),
(38, 38, 'null', 'null', '2021-04-02 10:16:13', '2021-04-02 10:16:13'),
(39, 39, 'null', 'null', '2021-04-02 10:21:08', '2021-04-02 10:21:08'),
(40, 40, 'null', 'null', '2021-04-02 10:23:45', '2021-04-02 10:23:45'),
(41, 41, 'null', 'null', '2021-04-02 10:25:19', '2021-04-02 10:25:19'),
(42, 42, 'null', 'null', '2021-04-02 12:24:10', '2021-04-02 12:24:10'),
(43, 43, 'null', 'null', '2021-04-02 12:31:09', '2021-04-02 12:31:09'),
(44, 44, 'null', 'null', '2021-04-02 12:37:16', '2021-04-02 12:37:16'),
(45, 45, 'null', 'null', '2021-04-02 13:14:58', '2021-04-02 13:14:58'),
(46, 46, 'null', 'null', '2021-04-03 20:48:36', '2021-04-03 20:48:36'),
(47, 47, 'null', 'null', '2021-04-03 20:51:07', '2021-04-03 20:51:07'),
(48, 48, 'null', 'null', '2021-04-03 20:54:02', '2021-04-03 20:54:02'),
(49, 49, 'null', 'null', '2021-04-03 20:56:10', '2021-04-03 20:56:10'),
(50, 50, 'null', 'null', '2021-04-03 20:58:35', '2021-04-03 20:58:35'),
(51, 51, 'null', 'null', '2021-04-03 21:03:11', '2021-04-03 21:03:11'),
(52, 52, 'null', 'null', '2021-04-03 21:04:59', '2021-04-03 21:04:59'),
(53, 53, 'null', 'null', '2021-04-03 21:05:51', '2021-04-03 21:05:51'),
(54, 54, 'null', 'null', '2021-04-03 23:57:40', '2021-04-03 23:57:40'),
(55, 55, 'null', 'null', '2021-04-03 23:59:45', '2021-04-03 23:59:45'),
(56, 56, 'null', 'null', '2021-04-04 00:01:03', '2021-04-04 00:01:03'),
(57, 57, 'null', 'null', '2021-04-04 00:07:39', '2021-04-04 00:07:39'),
(58, 58, 'null', 'null', '2021-04-04 00:18:45', '2021-04-04 00:18:45'),
(59, 59, 'null', 'null', '2021-04-04 00:21:20', '2021-04-04 00:21:20'),
(60, 60, 'null', 'null', '2021-04-04 00:23:05', '2021-04-04 00:23:05'),
(61, 61, 'null', 'null', '2021-04-10 06:53:27', '2021-04-10 06:53:27'),
(62, 62, 'null', 'null', '2021-04-10 06:56:45', '2021-04-10 06:56:45'),
(63, 63, 'null', 'null', '2021-04-10 06:57:42', '2021-04-10 06:57:42'),
(64, 64, 'null', 'null', '2021-04-10 06:59:04', '2021-04-10 06:59:04'),
(65, 65, 'null', 'null', '2021-04-10 07:00:21', '2021-04-10 07:00:21'),
(66, 66, 'null', 'null', '2021-04-10 07:00:25', '2021-04-10 07:00:25'),
(67, 67, 'null', 'null', '2021-04-10 07:00:33', '2021-04-10 07:00:33'),
(68, 68, 'null', 'null', '2021-04-10 07:00:36', '2021-04-10 07:00:36'),
(69, 69, 'null', 'null', '2021-04-10 07:00:36', '2021-04-10 07:00:36'),
(70, 70, 'null', 'null', '2021-04-10 07:00:37', '2021-04-10 07:00:37'),
(71, 71, 'null', 'null', '2021-04-10 07:00:41', '2021-04-10 07:00:41'),
(72, 72, 'null', 'null', '2021-04-10 07:02:43', '2021-04-10 07:02:43'),
(73, 73, 'null', 'null', '2021-04-10 07:09:38', '2021-04-10 07:09:38'),
(74, 74, 'null', 'null', '2021-04-10 07:11:52', '2021-04-10 07:11:52'),
(75, 75, 'null', 'null', '2021-04-10 07:13:51', '2021-04-10 07:13:51'),
(76, 76, 'null', 'null', '2021-04-11 08:54:12', '2021-04-11 08:54:12'),
(77, 77, 'null', 'null', '2021-04-11 09:44:22', '2021-04-11 09:44:22'),
(78, 78, 'null', 'null', '2021-04-11 09:46:38', '2021-04-11 09:46:38'),
(79, 79, 'null', 'null', '2021-06-28 20:53:14', '2021-06-28 20:53:14'),
(80, 80, 'null', 'null', '2021-06-28 21:03:39', '2021-06-28 21:03:39'),
(81, 81, 'null', 'null', '2021-06-30 19:21:53', '2021-06-30 19:21:53'),
(82, 82, 'null', 'null', '2021-06-30 19:25:15', '2021-06-30 19:25:15'),
(83, 83, 'null', 'null', '2021-07-03 11:56:46', '2021-07-03 11:56:46'),
(84, 84, 'null', 'null', '2021-07-03 12:08:06', '2021-07-03 12:08:06'),
(85, 85, 'null', 'null', '2021-07-03 12:10:33', '2021-07-03 12:10:33'),
(86, 86, 'null', 'null', '2021-07-03 12:28:31', '2021-07-03 12:28:31'),
(87, 87, 'null', 'null', '2021-07-03 12:29:58', '2021-07-03 12:29:58'),
(88, 88, 'null', 'null', '2021-07-03 12:31:01', '2021-07-03 12:31:01'),
(89, 89, 'null', 'null', '2021-07-03 12:33:45', '2021-07-03 12:33:45'),
(90, 90, 'null', 'null', '2021-07-03 12:42:38', '2021-07-03 12:42:38'),
(91, 91, 'null', 'null', '2021-07-03 12:54:29', '2021-07-03 12:54:29'),
(92, 92, 'null', 'null', '2021-07-03 12:58:34', '2021-07-03 12:58:34'),
(93, 93, 'null', 'null', '2021-07-03 12:58:34', '2021-07-03 12:58:34'),
(94, 94, 'null', 'null', '2021-07-03 13:33:25', '2021-07-03 13:33:25'),
(95, 95, 'null', 'null', '2021-07-03 13:36:12', '2021-07-03 13:36:12'),
(96, 96, 'null', 'null', '2021-07-03 13:40:48', '2021-07-03 13:40:48'),
(97, 97, 'null', 'null', '2021-07-03 13:59:00', '2021-07-03 13:59:00'),
(98, 98, 'null', 'null', '2021-07-03 14:05:53', '2021-07-03 14:05:53'),
(99, 99, 'null', 'null', '2021-07-03 14:10:10', '2021-07-03 14:10:10'),
(100, 100, 'null', 'null', '2021-07-03 14:14:16', '2021-07-03 14:14:16'),
(101, 101, 'null', 'null', '2021-07-03 14:17:58', '2021-07-03 14:17:58'),
(102, 102, 'null', 'null', '2021-07-03 14:21:55', '2021-07-03 14:21:55'),
(103, 103, 'null', 'null', '2021-07-03 14:22:57', '2021-07-03 14:22:57'),
(104, 104, 'null', 'null', '2021-07-03 14:27:32', '2021-07-03 14:27:32'),
(105, 105, 'null', 'null', '2021-07-03 14:31:15', '2021-07-03 14:31:15'),
(106, 106, 'null', 'null', '2021-07-03 14:37:51', '2021-07-03 14:37:51'),
(107, 107, 'null', 'null', '2021-07-03 14:41:12', '2021-07-03 14:41:12'),
(108, 108, 'null', 'null', '2021-07-03 14:43:52', '2021-07-03 14:43:52'),
(109, 109, 'null', 'null', '2021-07-04 09:40:11', '2021-07-04 09:40:11'),
(110, 110, 'Тестовое название', 'Какое то описание', '2021-07-04 10:45:11', '2021-07-04 10:02:55'),
(111, 111, 'null', 'null', '2021-11-06 11:35:16', '2021-11-06 11:35:16'),
(112, 112, 'null', 'null', '2021-11-06 11:39:36', '2021-11-06 11:39:36'),
(113, 113, 'null', 'null', '2021-11-06 11:40:18', '2021-11-06 11:40:18'),
(114, 114, 'null', 'null', '2021-11-06 11:50:05', '2021-11-06 11:50:05');

-- --------------------------------------------------------

--
-- Структура таблицы `orders`
--

CREATE TABLE `orders` (
  `id` bigint(20) UNSIGNED NOT NULL,
  `user_id` bigint(20) UNSIGNED NOT NULL,
  `session_id` bigint(20) UNSIGNED NOT NULL,
  `slot_entity_key` varchar(50) COLLATE utf8_unicode_ci NOT NULL,
  `slot_entity_id` bigint(20) UNSIGNED NOT NULL,
  `section_key` varchar(50) COLLATE utf8_unicode_ci DEFAULT NULL,
  `tab_key` varchar(50) COLLATE utf8_unicode_ci DEFAULT NULL,
  `floor_key` varchar(50) COLLATE utf8_unicode_ci DEFAULT NULL,
  `refferer` bigint(20) UNSIGNED NOT NULL,
  `status` varchar(20) COLLATE utf8_unicode_ci NOT NULL,
  `group_token` varchar(50) COLLATE utf8_unicode_ci DEFAULT NULL,
  `datetime_update` timestamp NOT NULL DEFAULT CURRENT_TIMESTAMP ON UPDATE CURRENT_TIMESTAMP,
  `datetime_create` timestamp NOT NULL DEFAULT CURRENT_TIMESTAMP
) ENGINE=InnoDB DEFAULT CHARSET=utf8 COLLATE=utf8_unicode_ci;

--
-- Дамп данных таблицы `orders`
--

INSERT INTO `orders` (`id`, `user_id`, `session_id`, `slot_entity_key`, `slot_entity_id`, `section_key`, `tab_key`, `floor_key`, `refferer`, `status`, `group_token`, `datetime_update`, `datetime_create`) VALUES
(1, 3, 215, 'ent_doctor_slots', 140, 'clinic', 'doctors', 'doctors', 3, 'deleted', NULL, '2021-11-25 18:32:31', '2021-11-25 16:57:30'),
(5, 3, 215, 'ent_placement_slots', 8, 'clinic', 'placement', 'placement', 3, 'deleted', NULL, '2021-11-25 18:11:02', '2021-11-25 17:25:19'),
(6, 3, 215, 'ent_doctor_slots', 142, 'clinic', 'doctors', 'doctors', 3, 'deleted', NULL, '2021-11-25 18:15:38', '2021-11-25 18:10:51'),
(7, 3, 215, 'ent_placement_slots', 8, 'clinic', 'placement', 'placement', 3, 'deleted', NULL, '2021-11-25 18:15:42', '2021-11-25 18:14:13'),
(8, 3, 215, 'ent_birth_type_slots', 63, 'clinic', 'birthtype', 'other', 3, 'deleted', NULL, '2021-11-25 18:15:47', '2021-11-25 18:14:16'),
(9, 3, 215, 'ent_birth_type_slots', 62, 'clinic', 'birthtype', 'other', 3, 'deleted', NULL, '2021-11-25 18:15:53', '2021-11-25 18:15:51'),
(10, 3, 215, 'ent_doctor_slots', 141, 'clinic', 'doctors', 'doctors', 3, 'deleted', NULL, '2021-11-25 18:25:26', '2021-11-25 18:17:59'),
(11, 3, 215, 'ent_placement_slots', 132, 'clinic', 'placement', 'placement', 3, 'deleted', NULL, '2021-11-25 18:22:56', '2021-11-25 18:18:04'),
(12, 3, 215, 'ent_birth_type_slots', 63, 'clinic', 'birthtype', 'other', 3, 'deleted', NULL, '2021-11-25 18:19:55', '2021-11-25 18:18:06'),
(13, 3, 215, 'ent_birth_type_slots', 63, 'clinic', 'birthtype', 'other', 3, 'deleted', NULL, '2021-11-25 18:22:25', '2021-11-25 18:22:23'),
(14, 3, 215, 'ent_doctor_slots', 141, 'clinic', 'doctors', 'doctors', 3, 'deleted', NULL, '2021-11-25 18:31:52', '2021-11-25 18:25:34'),
(15, 3, 215, 'ent_placement_slots', 8, 'clinic', 'placement', 'placement', 3, 'deleted', NULL, '2021-11-25 18:25:50', '2021-11-25 18:25:38'),
(16, 3, 215, 'ent_birth_type_slots', 63, 'clinic', 'birthtype', 'other', 3, 'deleted', NULL, '2021-11-25 18:25:48', '2021-11-25 18:25:42'),
(17, 3, 215, 'ent_placement_slots', 8, 'clinic', 'placement', 'placement', 3, 'pending', NULL, '2021-11-25 18:32:10', '2021-11-25 18:32:10'),
(18, 3, 215, 'ent_birth_type_slots', 63, 'clinic', 'birthtype', 'other', 3, 'deleted', NULL, '2021-11-25 18:32:21', '2021-11-25 18:32:14'),
(19, 3, 215, 'ent_doctor_slots', 141, 'clinic', 'doctors', 'doctors', 3, 'deleted', NULL, '2021-11-25 18:32:39', '2021-11-25 18:32:32'),
(20, 3, 215, 'ent_doctor_slots', 142, 'clinic', 'doctors', 'doctors', 3, 'pending', NULL, '2021-11-25 18:32:40', '2021-11-25 18:32:40'),
(21, 3, 215, 'ent_birth_type_slots', 63, 'clinic', 'birthtype', 'other', 3, 'pending', NULL, '2021-11-25 18:32:44', '2021-11-25 18:32:44'),
(22, 3, 215, 'ent_birth_type_slots', 64, 'clinic', 'birthtype', 'other', 3, 'pending', NULL, '2021-11-25 18:32:51', '2021-11-25 18:32:51'),
(23, 3, 215, 'ent_birth_type_slots', 62, 'clinic', 'birthtype', 'other', 3, 'pending', NULL, '2021-11-25 18:32:54', '2021-11-25 18:32:54'),
(24, 1, 160, 'ent_doctor_slots', 140, 'clinic', 'doctors', 'doctors', 1, 'deleted', NULL, '2021-11-26 16:38:04', '2021-11-26 16:34:19'),
(25, 1, 160, 'ent_doctor_slots', 141, 'clinic', 'doctors', 'doctors', 1, 'deleted', NULL, '2021-11-26 16:38:00', '2021-11-26 16:34:24'),
(26, 1, 160, 'ent_doctor_slots', 142, 'clinic', 'doctors', 'doctors', 1, 'deleted', NULL, '2021-11-26 16:38:02', '2021-11-26 16:34:27'),
(27, 1, 160, 'ent_doctor_slots', 141, 'clinic', 'doctors', 'doctors', 1, 'pending', NULL, '2021-11-26 16:38:06', '2021-11-26 16:38:06'),
(28, 1, 160, 'ent_placement_slots', 8, 'clinic', 'placement', 'placement', 1, 'pending', NULL, '2021-11-26 16:38:12', '2021-11-26 16:38:12'),
(29, 1, 160, 'ent_birth_type_slots', 63, 'clinic', 'birthtype', 'other', 1, 'deleted', NULL, '2021-11-26 16:38:18', '2021-11-26 16:38:14'),
(30, 19, 181, 'ent_doctor_slots', 140, 'clinic', 'doctors', 'doctors', 19, 'pending', NULL, '2021-11-28 08:12:37', '2021-11-28 08:12:37'),
(31, 19, 181, 'ent_placement_slots', 8, 'clinic', 'placement', 'placement', 19, 'pending', NULL, '2021-11-28 08:12:46', '2021-11-28 08:12:46'),
(32, 19, 181, 'ent_birth_type_slots', 61, 'clinic', 'birthtype', 'other', 19, 'pending', NULL, '2021-11-28 08:12:50', '2021-11-28 08:12:50'),
(33, 3, 204, 'ent_doctor_slots', 173, 'clinic', 'doctors', 'doctors', 3, 'deleted', NULL, '2021-11-28 11:40:59', '2021-11-28 11:40:47'),
(34, 3, 204, 'ent_doctor_slots', 172, 'clinic', 'doctors', 'doctors', 3, 'deleted', NULL, '2021-11-28 11:41:04', '2021-11-28 11:41:00'),
(35, 3, 204, 'ent_doctor_slots', 272, 'clinic', 'doctors', 'doctors', 3, 'deleted', NULL, '2021-11-28 11:41:12', '2021-11-28 11:41:07'),
(36, 19, 141, 'ent_doctor_slots', 153, 'clinic', 'doctors', 'doctors', 19, 'deleted', NULL, '2021-11-28 15:50:46', '2021-11-28 15:50:38'),
(37, 19, 141, 'ent_doctor_slots', 154, 'clinic', 'doctors', 'doctors', 19, 'deleted', NULL, '2021-11-28 15:50:53', '2021-11-28 15:50:50'),
(38, 19, 141, 'ent_placement_slots', 16, 'clinic', 'placement', 'placement', 19, 'pending', NULL, '2021-11-28 15:50:59', '2021-11-28 15:50:59'),
(39, 19, 141, 'ent_birth_type_slots', 73, 'clinic', 'birthtype', 'other', 19, 'pending', NULL, '2021-11-28 15:51:04', '2021-11-28 15:51:04'),
(40, 3, 215, 'ent_doctor_slots', 145, 'clinic', 'doctors', 'doctors', 3, 'pending', NULL, '2021-11-28 17:55:47', '2021-11-28 16:44:45'),
(41, 3, 215, 'ent_doctor_slots', 153, 'clinic', 'doctors', 'doctors', 3, 'pending', NULL, '2021-11-28 17:38:00', '2021-11-28 17:38:00'),
(42, 3, 215, 'ent_birth_type_slots', 75, 'clinic', 'birthtype', 'other', 3, 'pending', NULL, '2021-11-28 17:38:03', '2021-11-28 17:38:03'),
(43, 3, 215, 'ent_placement_slots', 16, 'clinic', 'placement', 'placement', 3, 'pending', NULL, '2021-11-28 17:38:04', '2021-11-28 17:38:04'),
(44, 3, 215, 'ent_doctor_slots', 146, 'clinic', 'doctors', 'doctors', 3, 'deleted', NULL, '2021-11-28 17:57:07', '2021-11-28 17:53:27'),
(45, 3, 215, 'ent_placement_slots', 14, 'clinic', 'placement', 'placement', 3, 'pending', NULL, '2021-11-28 17:57:14', '2021-11-28 17:57:14'),
(46, 3, 215, 'ent_birth_type_slots', 68, 'clinic', 'birthtype', 'other', 3, 'pending', NULL, '2021-11-28 17:57:17', '2021-11-28 17:57:17');

-- --------------------------------------------------------

--
-- Структура таблицы `order_status_type`
--

CREATE TABLE `order_status_type` (
  `slug` varchar(20) COLLATE utf8_unicode_ci NOT NULL,
  `title` varchar(50) COLLATE utf8_unicode_ci NOT NULL,
  `description` text COLLATE utf8_unicode_ci NOT NULL
) ENGINE=InnoDB DEFAULT CHARSET=utf8 COLLATE=utf8_unicode_ci;

--
-- Дамп данных таблицы `order_status_type`
--

INSERT INTO `order_status_type` (`slug`, `title`, `description`) VALUES
('canceled', 'Отменен', 'Заказ отменен'),
('completed', 'Завершен', 'Заказ завершен (архив)'),
('deleted', 'Удален', 'Заказ удален'),
('inprogress', 'Выполняется', 'Передан Контрагенту'),
('pending', 'Ожидание', 'Ожидает подтверждения клиента'),
('rejected', 'Отклонен', 'Отклонен менеджером'),
('resolved', 'Одобрен', 'Одобрен менеджером'),
('waiting', 'На одобрении', 'Ожидает подтверждения менеджера');

-- --------------------------------------------------------

--
-- Структура таблицы `phones`
--

CREATE TABLE `phones` (
  `id` bigint(20) UNSIGNED NOT NULL,
  `title` varchar(50) COLLATE utf8_unicode_ci DEFAULT NULL,
  `description` text COLLATE utf8_unicode_ci,
  `phone` varchar(50) COLLATE utf8_unicode_ci NOT NULL,
  `comment` text COLLATE utf8_unicode_ci
) ENGINE=InnoDB DEFAULT CHARSET=utf8 COLLATE=utf8_unicode_ci;

--
-- Дамп данных таблицы `phones`
--

INSERT INTO `phones` (`id`, `title`, `description`, `phone`, `comment`) VALUES
(1, 'Телефон 1', 'Телефон заведующей Клиники 15', '9171215000', NULL),
(2, 'Телефон 2', 'Телефон регистратуры Клиники 15', '34555343', NULL),
(3, 'Телефон 3', NULL, '44444', NULL),
(4, 'несортированный ', NULL, '4545454', NULL),
(5, 'тестовый', 'тест', '4893к7302роо8', 'тест'),
(6, 'тест2', 'тестовый телефон 2', '677899097', 'тест');

-- --------------------------------------------------------

--
-- Структура таблицы `phones_containers_repo`
--

CREATE TABLE `phones_containers_repo` (
  `id` bigint(20) UNSIGNED NOT NULL,
  `title` varchar(50) COLLATE utf8_unicode_ci DEFAULT NULL,
  `description` text COLLATE utf8_unicode_ci,
  `comment` text COLLATE utf8_unicode_ci
) ENGINE=InnoDB DEFAULT CHARSET=utf8 COLLATE=utf8_unicode_ci;

--
-- Дамп данных таблицы `phones_containers_repo`
--

INSERT INTO `phones_containers_repo` (`id`, `title`, `description`, `comment`) VALUES
(14, 'Тестирование', 'описание', NULL),
(15, 'Еще один', NULL, NULL),
(16, 'И еще один', NULL, NULL);

-- --------------------------------------------------------

--
-- Структура таблицы `phone_containers`
--

CREATE TABLE `phone_containers` (
  `id` int(11) NOT NULL,
  `container_id` int(11) NOT NULL,
  `phone_id` int(11) NOT NULL,
  `overrided_title` varchar(50) COLLATE utf8_unicode_ci DEFAULT NULL,
  `overrided_description` text COLLATE utf8_unicode_ci,
  `comment` text COLLATE utf8_unicode_ci
) ENGINE=InnoDB DEFAULT CHARSET=utf8 COLLATE=utf8_unicode_ci;

--
-- Дамп данных таблицы `phone_containers`
--

INSERT INTO `phone_containers` (`id`, `container_id`, `phone_id`, `overrided_title`, `overrided_description`, `comment`) VALUES
(69, 15, 1, NULL, NULL, NULL),
(70, 15, 2, NULL, NULL, NULL),
(79, 14, 2, NULL, NULL, NULL),
(80, 14, 4, NULL, NULL, NULL);

-- --------------------------------------------------------

--
-- Структура таблицы `roles`
--

CREATE TABLE `roles` (
  `id` bigint(20) UNSIGNED NOT NULL,
  `title` varchar(50) COLLATE utf8_unicode_ci DEFAULT NULL,
  `description` text COLLATE utf8_unicode_ci,
  `slug` varchar(50) COLLATE utf8_unicode_ci NOT NULL,
  `rank` int(20) NOT NULL DEFAULT '0',
  `datetime_create` timestamp NOT NULL DEFAULT CURRENT_TIMESTAMP,
  `datetime_update` timestamp NOT NULL DEFAULT CURRENT_TIMESTAMP ON UPDATE CURRENT_TIMESTAMP
) ENGINE=InnoDB DEFAULT CHARSET=utf8 COLLATE=utf8_unicode_ci;

--
-- Дамп данных таблицы `roles`
--

INSERT INTO `roles` (`id`, `title`, `description`, `slug`, `rank`, `datetime_create`, `datetime_update`) VALUES
(1, 'Гость', 'Доступ только на чтение', 'guest', 1, '2021-08-16 18:08:24', '2021-08-16 21:34:40'),
(2, 'Пользователь', 'Те кто авторизован с фронта', 'user', 3, '2021-08-16 18:08:24', '2021-08-16 18:08:24'),
(5, 'Модератор', 'Редактирование только своих клиник и услуг', 'moderator', 5, '2021-08-16 18:11:03', '2021-08-17 16:52:14'),
(6, 'Администратор', 'Полный доступ к словарям и сущностям системы. \r\nЗа исключением системных SQL ', 'admin', 7, '2021-08-16 18:11:03', '2021-08-16 18:11:03'),
(7, 'Супер админ', 'Владелец', 'master', 9, '2021-08-16 18:11:51', '2021-08-16 18:11:51');

-- --------------------------------------------------------

--
-- Структура таблицы `search`
--

CREATE TABLE `search` (
  `hash` varchar(50) COLLATE utf8_unicode_ci NOT NULL,
  `section` varchar(50) COLLATE utf8_unicode_ci DEFAULT NULL,
  `filters` text COLLATE utf8_unicode_ci NOT NULL,
  `datetime_create` timestamp NOT NULL DEFAULT CURRENT_TIMESTAMP,
  `datetime_update` timestamp NOT NULL DEFAULT CURRENT_TIMESTAMP ON UPDATE CURRENT_TIMESTAMP
) ENGINE=InnoDB DEFAULT CHARSET=utf8 COLLATE=utf8_unicode_ci;

--
-- Дамп данных таблицы `search`
--

INSERT INTO `search` (`hash`, `section`, `filters`, `datetime_create`, `datetime_update`) VALUES
('0c551ac87c68f600d7b836c2c372ef6b', 'clinic', '{\"clinic_placement_birth_section\":{\"1\":true}}', '2021-09-08 14:28:20', '2021-09-08 14:28:20'),
('1306d7cadf574f16d6f8998cf9e15dd3', 'clinic', '{\"clinic_facilities_birth_section\":{\"1\":true}}', '2021-09-13 14:53:43', '2021-09-13 14:53:43'),
('19fb3b07b5a89d8691136f3bc0be902d', 'clinic', '{\"clinic_type_birth_section\":{\"1\":true,\"5\":true},\"clinic_placement_birth_section\":{\"3\":true},\"clinic_facilities_birth_section\":{\"1\":true}}', '2021-09-08 14:27:54', '2021-09-08 14:27:54'),
('31ddd6fb33a0627128140fdb0efd246d', 'clinic', '{\"clinic_type_birth_section\":{\"1\":true},\"clinic_personal_birth_section\":{\"1\":true},\"clinic_facilities_birth_section\":{\"14\":true}}', '2021-09-13 14:54:26', '2021-09-13 14:54:26'),
('393e94a6ef730bd5b9a133b359f62f70', 'clinic', '{\"clinic_type_birth_section\":{\"1\":true},\"clinic_placement_birth_section\":{\"3\":true}}', '2021-09-08 12:44:52', '2021-09-08 12:44:52'),
('49a8f9f9fe3f8e78ba1c95cb5802a5d1', 'clinic', '{\"clinic_facilities_birth_section\":{\"14\":true}}', '2021-09-13 14:38:05', '2021-09-13 14:38:05'),
('4a36493c596ab986e168dababd56b05d', 'clinic', '{\"clinic_type_birth_section\":{\"1\":true,\"5\":true},\"clinic_placement_birth_section\":{\"3\":true},\"clinic_facilities_birth_section\":{\"10\":true}}', '2021-09-08 14:28:04', '2021-09-08 14:28:04'),
('5624f1f1b8224109e15d6304fc91bfb4', 'clinic', '{\"clinic_type_birth_section\":{\"1\":true}}', '2021-09-05 20:57:23', '2021-09-05 20:57:23'),
('589b4ccde38d8dbe6521c8370b6e37f8', 'clinic', '{\"clinic_type_birth_section\":{\"1\":true},\"clinic_facilities_birth_section\":{\"14\":true}}', '2021-09-13 14:54:22', '2021-09-13 14:54:22'),
('611d9aa5e9236416e5e7ed44379286c9', 'clinic', '{\"clinic_personal_birth_section\":{\"1\":true},\"clinic_placement_birth_section\":{\"3\":true}}', '2021-09-08 14:28:29', '2021-09-08 14:28:29'),
('63ab0eaccd46e1a7f4b7dc85cd91ef13', 'clinic', '{\"clinic_type_birth_section\":{\"1\":true,\"5\":true},\"clinic_placement_birth_section\":{\"3\":true},\"clinic_facilities_birth_section\":{\"14\":true}}', '2021-09-08 14:28:06', '2021-09-08 14:28:06'),
('7f6b2eaee2e9f1090d6ce3633151123a', 'clinic', '{\"clinic_type_birth_section\":{\"2\":true}}', '2021-09-08 12:44:28', '2021-09-08 12:44:28'),
('89cd154810107daa23e2a1c68738b37d', 'clinic', '{\"clinic_placement_birth_section\":{\"2\":true}}', '2021-09-13 14:33:01', '2021-09-13 14:33:01'),
('9e50195bafb1305d51bccdad2c5c61c0', 'clinic', '{\"clinic_type_birth_section\":{\"1\":true},\"clinic_placement_birth_section\":{\"3\":true},\"clinic_facilities_birth_section\":{\"14\":true}}', '2021-09-08 12:45:00', '2021-09-08 12:45:00'),
('a6917ebf9731f3ffc340722c2d40b69e', 'clinic', '{\"clinic_personal_birth_section\":{\"1\":true}}', '2021-09-13 14:38:18', '2021-09-13 14:38:18'),
('a736b663b573e7b93aa05910f9f1d398', 'clinic', '{\"clinic_placement_birth_section\":{\"3\":true}}', '2021-09-08 12:44:43', '2021-09-08 12:44:43'),
('b0475438ab621656e9b96d66f2ccc26c', 'clinic', '{\"clinic_type_birth_section\":{\"1\":true,\"5\":true},\"clinic_placement_birth_section\":{\"3\":true}}', '2021-09-08 14:27:46', '2021-09-08 14:27:46'),
('b9025f2b48e91f971ef8c08a41c6667a', 'clinic', '{\"clinic_type_birth_section\":{\"1\":true,\"5\":true},\"clinic_placement_birth_section\":{\"1\":true},\"clinic_facilities_birth_section\":{\"14\":true}}', '2021-09-08 14:28:10', '2021-09-08 14:28:10'),
('bee387e01b15bc29b2648bbb280eb559', 'clinic', '{\"clinic_type_birth_section\":{\"1\":true,\"5\":true},\"clinic_placement_birth_section\":{\"3\":true},\"clinic_facilities_birth_section\":{\"6\":true}}', '2021-09-08 14:28:01', '2021-09-08 14:28:01'),
('c114cd071da13ae2cc6551c4b1463679', 'clinic', '{\"clinic_personal_birth_section\":{\"3\":true,\"4\":true,\"5\":true},\"clinic_placement_birth_section\":{\"2\":true}}', '2021-09-08 14:49:03', '2021-09-08 14:49:03'),
('dcc00ffb1e54f7dc18ac3d95b564719a', 'clinic', '{\"clinic_type_birth_section\":{\"1\":true},\"clinic_personal_birth_section\":{\"1\":true,\"5\":true},\"clinic_placement_birth_section\":{\"3\":true},\"clinic_facilities_birth_section\":{\"2\":true,\"3\":true}}', '2021-11-05 11:43:01', '2021-11-05 11:43:01'),
('df618b6bcc4ca1c9083f55207804cdc9', 'clinic', '{\"clinic_type_birth_section\":{\"1\":true,\"2\":true,\"3\":true,\"4\":true,\"5\":true,\"7\":true},\"clinic_placement_birth_section\":{\"2\":true}}', '2021-09-08 14:49:19', '2021-09-08 14:49:19'),
('e2d38c524f53474c6468f6d287108ec9', 'clinic', '{\"clinic_placement_birth_section\":{\"3\":true},\"clinic_facilities_birth_section\":{\"14\":true}}', '2021-09-13 14:38:08', '2021-09-13 14:38:08'),
('f90d4375829c1fed89a10db759f8beb5', 'clinic', '{\"clinic_type_birth_section\":{\"1\":true},\"clinic_placement_birth_section\":{\"1\":true}}', '2021-09-08 14:28:16', '2021-09-08 14:28:16'),
('fd8b290d2e64b486cc896904f991470a', 'clinic', '{\"clinic_type_birth_section\":{\"1\":true,\"5\":true},\"clinic_placement_birth_section\":{\"1\":true}}', '2021-09-08 14:28:13', '2021-09-08 14:28:13');

-- --------------------------------------------------------

--
-- Структура таблицы `services`
--

CREATE TABLE `services` (
  `id` int(11) NOT NULL,
  `title` varchar(50) CHARACTER SET utf8 COLLATE utf8_unicode_ci NOT NULL,
  `description` text CHARACTER SET utf8 COLLATE utf8_unicode_ci,
  `description_ext1` text CHARACTER SET utf8 COLLATE utf8_unicode_ci,
  `description_ext2` text CHARACTER SET utf8 COLLATE utf8_unicode_ci,
  `image_id` int(11) DEFAULT NULL,
  `article_id` int(11) DEFAULT NULL,
  `trimester` int(11) DEFAULT NULL,
  `slot_category_type` bigint(20) UNSIGNED DEFAULT NULL COMMENT 'Категория услуги',
  `adv` tinyint(1) DEFAULT NULL,
  `area_min` int(11) UNSIGNED DEFAULT NULL,
  `area_max` int(11) UNSIGNED DEFAULT NULL
) ENGINE=InnoDB DEFAULT CHARSET=latin1;

--
-- Дамп данных таблицы `services`
--

INSERT INTO `services` (`id`, `title`, `description`, `description_ext1`, `description_ext2`, `image_id`, `article_id`, `trimester`, `slot_category_type`, `adv`, `area_min`, `area_max`) VALUES
(4, 'Обследование (Check-up) 1 триместр', 'Вам предстоит сдать обширный список анализов:\nобщий и биохимический анализ крови;\nобщий анализ мочи;\nтесты на ВИЧ, СПИД, гепатиты, ТОРЧ-инфекции и ЗППП;\nкоагулограмма;\nмазок на вагинальную микрофлору.\nТакже важно определить вашу группу крови и резус-фактор, для диагностики возможных патологий работы сердца выполняется ЭКГ.\n\n', NULL, NULL, 113, NULL, 1, 4, 1, 0, 0),
(5, 'Обследование (Check-up) 2 триместр', 'На 18-21 неделе она проходит второй скрининг, «тройной тест», по которому врачи определяют уже более точно риск возможной патологии ребенка;\nС 18 по 21 неделю делают второе плановое УЗИ, оценивая состояние плаценты, околоплодных вод, смотрят, как развивается малыш, на этом сроке уже можно узнать его пол;\nСдают общий анализ мочи;\nСдают второе обследование на сифилис.', NULL, NULL, 113, NULL, 2, 4, 1, 0, 0),
(6, 'Обследование (Check-up) 3 триместр', 'В период с 30 по 34 неделю делают третье УЗИ, определяют рост, примерный вес малыша, смотрят его расположение в матке, изучают состояние плаценты, нет ли обвития пуповины, смотрят количество и качество околоплодных вод.\nВ период с 32 по 35 неделю делают КТГ (кардиотокографию), исследуют работу сердечно-сосудистой системы эмбриона, наблюдают его двигательную активность. Это исследование помогает определить, как чувствует себя ребенок, нет ли проблем в развитии.\nС 36 недели и до родов гинеколог осматривает беременную каждую неделю.\nНа 30 неделе врач дает направление на общий анализ мочи, общий анализ крови, биохимический анализ крови, анализ на ВИЧ и гепатит, третье обследование на сифилис, берется мазок на цитологическое исследование', NULL, NULL, 114, NULL, 3, 4, 1, 0, 0),
(8, 'Палата VIP', 'Уютная студия обеспечит максимальный комфорт и удовольствие от пребывания, возможность насладиться классической роскошью и элегантностью, станет приятным дополнением к долгожданному событию — рождению ребенка. В продуманном до мелочей интерьере гармонично объединены пространство для мамы и малыша и зона отдыха для ваших близких.', NULL, NULL, NULL, NULL, NULL, 2, NULL, 0, 0);

-- --------------------------------------------------------

--
-- Структура таблицы `services_containers_repo`
--

CREATE TABLE `services_containers_repo` (
  `id` bigint(20) UNSIGNED NOT NULL,
  `title` varchar(50) COLLATE utf8_unicode_ci DEFAULT NULL,
  `description` text COLLATE utf8_unicode_ci,
  `comment` text COLLATE utf8_unicode_ci
) ENGINE=InnoDB DEFAULT CHARSET=utf8 COLLATE=utf8_unicode_ci;

--
-- Дамп данных таблицы `services_containers_repo`
--

INSERT INTO `services_containers_repo` (`id`, `title`, `description`, `comment`) VALUES
(4, 'Родовспоможение VIP', 'какое то описание пакета', 'null'),
(5, 'Стандартные роды', 'аава', NULL),
(6, 'Тест', 'Контейнер для отладки', NULL);

-- --------------------------------------------------------

--
-- Структура таблицы `service_containers`
--

CREATE TABLE `service_containers` (
  `id` bigint(20) UNSIGNED NOT NULL,
  `container_id` int(11) NOT NULL,
  `service_id` int(11) NOT NULL,
  `overrided_title` varchar(50) COLLATE utf8_unicode_ci DEFAULT NULL,
  `overrided_description` text COLLATE utf8_unicode_ci,
  `comment` text COLLATE utf8_unicode_ci
) ENGINE=InnoDB DEFAULT CHARSET=utf8 COLLATE=utf8_unicode_ci;

--
-- Дамп данных таблицы `service_containers`
--

INSERT INTO `service_containers` (`id`, `container_id`, `service_id`, `overrided_title`, `overrided_description`, `comment`) VALUES
(12, 4, 21, NULL, NULL, NULL),
(13, 4, 22, NULL, NULL, NULL),
(14, 4, 24, NULL, NULL, NULL),
(26, 5, 3, NULL, NULL, NULL),
(48, 6, 2, NULL, NULL, NULL),
(49, 6, 1, NULL, NULL, NULL);

-- --------------------------------------------------------

--
-- Структура таблицы `service_slot`
--

CREATE TABLE `service_slot` (
  `id` bigint(20) UNSIGNED NOT NULL,
  `title` varchar(50) COLLATE utf8_unicode_ci NOT NULL,
  `image_id` int(11) DEFAULT NULL,
  `service_id` bigint(20) UNSIGNED NOT NULL,
  `price` int(20) NOT NULL,
  `benefit_price` int(11) DEFAULT NULL,
  `benefit_percent` int(11) DEFAULT NULL,
  `contragent_id` bigint(20) UNSIGNED NOT NULL,
  `entity_type` bigint(20) UNSIGNED NOT NULL DEFAULT '1',
  `slot_category_type` bigint(20) UNSIGNED DEFAULT NULL,
  `facilities_type` int(11) DEFAULT NULL
) ENGINE=InnoDB DEFAULT CHARSET=utf8 COLLATE=utf8_unicode_ci;

--
-- Дамп данных таблицы `service_slot`
--

INSERT INTO `service_slot` (`id`, `title`, `image_id`, `service_id`, `price`, `benefit_price`, `benefit_percent`, `contragent_id`, `entity_type`, `slot_category_type`, `facilities_type`) VALUES
(8, 'Роддом 20', NULL, 2, 16800, NULL, NULL, 1, 1, 2, 2),
(14, 'Роддом 15', NULL, 3, 16000, NULL, NULL, 2, 1, 2, 2),
(15, 'Роддом 15', NULL, 3, 24000, NULL, NULL, 2, 1, 2, 3),
(16, 'Роддом 36', NULL, 3, 18000, NULL, NULL, 3, 1, 2, 2),
(17, 'Роддом 36', NULL, 3, 14000, NULL, NULL, 3, 1, 2, 4),
(18, 'Роддом 36', NULL, 3, 16000, NULL, NULL, 3, 1, 2, 5),
(19, 'Роддом 36', NULL, 3, 20000, NULL, NULL, 3, 1, 2, 3),
(20, 'Роддом 70', NULL, 3, 10000, NULL, NULL, 4, 1, 2, 4),
(21, 'Роддом 40', NULL, 3, 12000, NULL, NULL, 7, 1, 2, 5),
(22, 'Роддом 40', NULL, 3, 16000, NULL, NULL, 7, 1, 2, 3),
(24, 'Роддом 40', NULL, 3, 15000, NULL, NULL, 7, 1, 2, 2),
(26, 'Роддом 11', NULL, 3, 10000, NULL, NULL, 8, 1, 2, 5),
(27, 'Роддом 11', NULL, 3, 15000, NULL, NULL, 8, 1, 2, 3),
(28, 'Роддом 11', NULL, 3, 20000, NULL, NULL, 8, 1, 2, 2),
(29, 'Роддом 3', NULL, 3, 8600, NULL, NULL, 10, 1, 2, 4),
(30, 'Роддом 3', NULL, 3, 11220, NULL, NULL, 10, 1, 2, 2),
(31, 'ЦКБ', NULL, 3, 12000, NULL, NULL, 11, 1, 2, 4),
(32, 'ЦКБ', NULL, 3, 17200, NULL, NULL, 11, 1, 2, 3),
(33, 'ЦКБ', NULL, 3, 25000, NULL, NULL, 11, 1, 2, 2),
(34, 'Роддом 17', NULL, 3, 8500, NULL, NULL, 12, 1, 2, 4),
(35, 'Роддом 27', NULL, 3, 12400, NULL, NULL, 13, 1, 2, 4),
(36, 'Роддом 27', NULL, 3, 16000, NULL, NULL, 13, 1, 2, 5),
(37, 'Роддом 27', NULL, 3, 18000, NULL, NULL, 13, 1, 2, 3),
(38, 'Роддом 27', NULL, 3, 22000, NULL, NULL, 13, 1, 2, 2),
(39, 'Роддом 8', NULL, 3, 9000, NULL, NULL, 14, 1, 2, 4),
(40, 'Роддом 8', NULL, 3, 10500, NULL, NULL, 14, 1, 2, 3),
(41, 'Роддом 8', NULL, 3, 14000, NULL, NULL, 14, 1, 2, 2),
(42, 'ЕМЦ', NULL, 3, 45000, NULL, NULL, 15, 1, 2, 5),
(43, 'ЕМЦ', NULL, 3, 65000, NULL, NULL, 15, 1, 2, 3),
(44, 'ЕМЦ', NULL, 3, 85000, NULL, NULL, 15, 1, 2, 2),
(45, 'Роддом Пирогова', NULL, 3, 8300, NULL, NULL, 17, 1, 2, 4),
(46, 'Роддом Снегирева', NULL, 3, 8600, NULL, NULL, 18, 1, 2, 4),
(47, 'Роддом МОНИИАГ', NULL, 3, 7600, NULL, NULL, 19, 1, 2, 4),
(48, 'Мать и дитя', NULL, 3, 24000, NULL, NULL, 25, 1, 2, 4),
(49, 'Мать и дитя', NULL, 3, 36000, NULL, NULL, 25, 1, 2, 5),
(50, 'Мать и дитя', NULL, 3, 40000, NULL, NULL, 25, 1, 2, 3),
(51, 'Мать и дитя', NULL, 3, 56000, NULL, NULL, 25, 1, 2, 2),
(52, 'Кулакова', NULL, 3, 10000, NULL, NULL, 26, 1, 2, 4),
(53, 'Кулакова', NULL, 3, 25000, NULL, NULL, 26, 1, 2, 2),
(54, 'Кулакова', NULL, 3, 20000, NULL, NULL, 26, 1, 2, 3),
(55, 'Евромед', NULL, 3, 12000, NULL, NULL, 34, 1, 2, 4),
(56, 'Евромед', NULL, 3, 18000, NULL, NULL, 34, 1, 2, 3),
(57, 'Евромед', NULL, 3, 24000, NULL, NULL, 34, 1, 2, 2),
(58, 'Сергунина Ольга', NULL, 1, 90000, NULL, NULL, 15, 1, 1, NULL),
(61, 'Естественные роды', NULL, 1, 25000, NULL, NULL, 1, 1, 3, NULL),
(62, 'Кесарево сечение', NULL, 2, 35000, NULL, NULL, 1, 1, 3, NULL),
(63, 'Мягкие роды', NULL, 3, 31000, NULL, NULL, 1, 1, 3, NULL),
(64, 'Партнерские роды', NULL, 4, 37000, NULL, NULL, 1, 1, 3, NULL),
(65, 'Роды в воду', NULL, 5, 45000, NULL, NULL, 1, 1, 3, NULL),
(66, 'Вертикальные роды', NULL, 7, 31500, NULL, NULL, 1, 1, 3, NULL),
(67, 'Естественные роды', NULL, 1, 25000, NULL, NULL, 2, 1, 3, NULL),
(68, 'Кесарево сечение', NULL, 2, 35000, NULL, NULL, 2, 1, 3, NULL),
(69, 'Мягкие роды', NULL, 3, 31000, NULL, NULL, 2, 1, 3, NULL),
(70, 'Партнерские роды', NULL, 4, 45000, NULL, NULL, 2, 1, 3, NULL),
(71, 'Роды в воду', NULL, 5, 45000, NULL, NULL, 2, 1, 3, NULL),
(72, 'Вертикальные роды', NULL, 7, 31500, NULL, NULL, 2, 1, 3, NULL),
(73, 'Естественные роды', NULL, 1, 25000, NULL, NULL, 3, 1, 3, NULL),
(74, 'Кесарево сечение', NULL, 2, 35000, NULL, NULL, 3, 1, 3, NULL),
(75, 'Мягкие роды', NULL, 3, 31000, NULL, NULL, 3, 1, 3, NULL),
(76, 'Партнерские роды', NULL, 4, 37000, NULL, NULL, 3, 1, 3, NULL),
(77, 'Роды в воду', NULL, 5, 45000, NULL, NULL, 3, 1, 3, NULL),
(78, 'Вертикальные роды', NULL, 7, 31500, NULL, NULL, 3, 1, 3, NULL),
(79, 'Естественные роды', NULL, 1, 25000, NULL, NULL, 4, 1, 3, NULL),
(80, 'Кесарево сечение', NULL, 2, 35000, NULL, NULL, 4, 1, 3, NULL),
(81, 'Мягкие роды', NULL, 3, 31000, NULL, NULL, 4, 1, 3, NULL),
(82, 'Партнерские роды', NULL, 4, 37000, NULL, NULL, 4, 1, 3, NULL),
(83, 'Роды в воду', NULL, 5, 45000, NULL, NULL, 4, 1, 3, NULL),
(84, 'Вертикальные роды', NULL, 7, 31500, NULL, NULL, 4, 1, 3, NULL),
(85, 'Естественные роды', NULL, 1, 25000, NULL, NULL, 7, 1, 3, NULL),
(86, 'Кесарево сечение', NULL, 2, 35000, NULL, NULL, 7, 1, 3, NULL),
(87, 'Партнерские роды', NULL, 4, 37000, NULL, NULL, 7, 1, 3, NULL),
(88, 'Мягкие роды', NULL, 3, 22541, NULL, NULL, 7, 1, 3, NULL),
(89, 'Роды в воду', NULL, 5, 45000, NULL, NULL, 7, 1, 3, NULL),
(90, 'Вертикальные роды', NULL, 7, 31500, NULL, NULL, 7, 1, 3, NULL),
(91, 'Естественные роды', NULL, 1, 25000, NULL, NULL, 8, 1, 3, NULL),
(92, 'Кесарево сечение', NULL, 2, 35000, NULL, NULL, 8, 1, 3, NULL),
(93, 'Мягкие роды', NULL, 3, 22541, NULL, NULL, 8, 1, 3, NULL),
(94, 'Партнерские роды', NULL, 4, 37000, NULL, NULL, 8, 1, 3, NULL),
(95, 'Роды в воду', NULL, 5, 45000, NULL, NULL, 8, 1, 3, NULL),
(96, 'Вертикальные роды', NULL, 7, 31500, NULL, NULL, 8, 1, 3, NULL),
(97, 'Естественные роды', NULL, 1, 25000, NULL, NULL, 9, 1, 3, NULL),
(98, 'Кесарево сечение', NULL, 2, 35000, NULL, NULL, 9, 1, 3, NULL),
(99, 'Мягкие роды', NULL, 3, 31000, NULL, NULL, 9, 1, 3, NULL),
(100, 'Партнерские роды', NULL, 4, 37000, NULL, NULL, 9, 1, 3, NULL),
(101, 'Вертикальные роды', NULL, 7, 31500, NULL, NULL, 9, 1, 3, NULL),
(102, 'Роды в воду', NULL, 5, 45000, NULL, NULL, 9, 1, 3, NULL),
(103, 'Естественные роды', NULL, 1, 25000, NULL, NULL, 10, 1, 3, NULL),
(104, 'Кесарево сечение', NULL, 2, 35000, NULL, NULL, 10, 1, 3, NULL),
(105, 'Мягкие роды', NULL, 3, 31000, NULL, NULL, 10, 1, 3, NULL),
(106, 'Партнерские роды', NULL, 4, 37000, NULL, NULL, 10, 1, 3, NULL),
(107, 'Роды в воду', NULL, 5, 45000, NULL, NULL, 10, 1, 3, NULL),
(108, 'Вертикальные роды', NULL, 7, 31500, NULL, NULL, 10, 1, 3, NULL),
(109, 'Естественные роды', NULL, 1, 25000, NULL, NULL, 11, 1, 3, NULL),
(110, 'Кесарево сечение', NULL, 2, 35000, NULL, NULL, 11, 1, 3, NULL),
(111, 'Мягкие роды', NULL, 3, 31000, NULL, NULL, 11, 1, 3, NULL),
(112, 'Партнерские роды', NULL, 4, 37000, NULL, NULL, 11, 1, 3, NULL),
(113, 'Роды в воду', NULL, 5, 45000, NULL, NULL, 11, 1, 3, NULL),
(114, 'Вертикальные роды', NULL, 7, 31500, NULL, NULL, 11, 1, 3, NULL),
(118, 'Естественные роды', NULL, 1, 25000, NULL, NULL, 12, 1, 3, NULL),
(119, 'Кесарево сечение', NULL, 2, 35000, NULL, NULL, 12, 1, 3, NULL),
(120, 'Мягкие роды', NULL, 3, 31000, NULL, NULL, 12, 1, 3, NULL),
(121, 'Партнерские роды', NULL, 4, 37000, NULL, NULL, 12, 1, 3, NULL),
(122, 'Роды в воду', NULL, 5, 45000, NULL, NULL, 12, 1, 3, NULL),
(123, 'Вертикальные роды', NULL, 7, 31500, NULL, NULL, 12, 1, 3, NULL),
(124, 'Естественные роды', NULL, 1, 25000, NULL, NULL, 13, 1, 3, NULL),
(126, 'Кесарево сечение', NULL, 2, 35000, NULL, NULL, 13, 1, 3, NULL),
(127, 'Мягкие роды', NULL, 3, 31000, NULL, NULL, 13, 1, 3, NULL),
(128, 'Партнерские роды', NULL, 4, 37000, NULL, NULL, 13, 1, 3, NULL),
(129, 'Роды в воду', NULL, 5, 45000, NULL, NULL, 13, 1, 3, NULL),
(130, 'Вертикальные роды', NULL, 7, 31500, NULL, NULL, 13, 1, 3, NULL),
(132, 'Удалить', NULL, 6, 9999999, NULL, NULL, 1, 2, 2, 1),
(135, 'Поляков  Николай', NULL, 2, 60000, NULL, NULL, 15, 1, 1, NULL),
(136, 'Кан Наталья', NULL, 3, 95000, NULL, NULL, 15, 1, 1, NULL),
(137, 'Тютюнник Виктор', NULL, 4, 85000, NULL, NULL, 15, 1, 1, NULL),
(138, 'Гаяна Саакян ', NULL, 8, 50000, NULL, NULL, 15, 1, 1, NULL),
(139, 'Куруглиев Али', NULL, 9, 70000, NULL, NULL, 15, 1, 1, NULL),
(140, 'Артур Ли', NULL, 10, 30000, NULL, NULL, 1, 1, 1, NULL),
(141, 'Алексей Волкодав', NULL, 11, 30000, NULL, NULL, 1, 1, 1, NULL),
(142, 'Горбунова Ольга', NULL, 12, 30000, NULL, NULL, 1, 1, 1, NULL),
(143, 'Ионов Олег', NULL, 13, 30000, NULL, NULL, 1, 1, 1, NULL),
(144, 'Конышева Ольга', NULL, 14, 30000, NULL, NULL, 2, 1, 1, NULL),
(145, 'Глотова Ольга', NULL, 15, 30000, NULL, NULL, 2, 1, 1, NULL),
(146, 'Евграфова Алла', NULL, 16, 30000, NULL, NULL, 2, 1, 1, NULL),
(147, 'Лукина Нина', NULL, 17, 30000, NULL, NULL, 2, 1, 1, NULL),
(148, 'Медникова Елена', NULL, 18, 30000, NULL, NULL, 2, 1, 1, NULL),
(149, 'Васильева Людмила', NULL, 19, 30000, NULL, NULL, 2, 1, 1, NULL),
(150, 'Анастасия Григорьева ', NULL, 20, 30000, NULL, NULL, 2, 1, 1, NULL),
(151, 'Коршунова Наталья ', NULL, 21, 30000, NULL, NULL, 2, 1, 1, NULL),
(152, 'Сазанова Инна', NULL, 22, 30000, NULL, NULL, 2, 1, 1, NULL),
(153, 'Лосик Юлия', NULL, 23, 30000, NULL, NULL, 3, 1, 1, NULL),
(154, 'Куланина Земфира ', NULL, 25, 30000, NULL, NULL, 3, 1, 1, NULL),
(155, 'Чумаченко Александр', NULL, 26, 30000, NULL, NULL, 3, 1, 1, NULL),
(156, 'Любешкина Вера', NULL, 27, 30000, NULL, NULL, 3, 1, 1, NULL),
(157, 'Зрагус Елена', NULL, 28, 30000, NULL, NULL, 3, 1, 1, NULL),
(158, 'Кравец Яна', NULL, 29, 30000, NULL, NULL, 4, 1, 1, NULL),
(159, 'Синев Николай', NULL, 30, 30000, NULL, NULL, 4, 1, 1, NULL),
(160, 'Изиева Мадина ', NULL, 31, 30000, NULL, NULL, 4, 1, 1, NULL),
(161, 'Степанова Данна', NULL, 32, 30000, NULL, NULL, 4, 1, 1, NULL),
(162, 'Лопухина Екатерина ', NULL, 33, 30000, NULL, NULL, 4, 1, 1, NULL),
(163, 'Марченко Мариана ', NULL, 34, 30000, NULL, NULL, 4, 1, 1, NULL),
(164, 'Сахарова Олеся ', NULL, 35, 30000, NULL, NULL, 7, 1, 1, NULL),
(165, 'Калинина Лариса ', NULL, 36, 30000, NULL, NULL, 7, 1, 1, NULL),
(166, 'Салихова Ирина', NULL, 37, 30000, NULL, NULL, 7, 1, 1, NULL),
(167, 'Новикова Татьяна', NULL, 38, 30000, NULL, NULL, 7, 1, 1, NULL),
(168, 'Скрипцина Наталья', NULL, 40, 30000, NULL, NULL, 8, 1, 1, NULL),
(169, 'Пашкова Алла', NULL, 41, 30000, NULL, NULL, 8, 1, 1, NULL),
(170, 'Любанская Светлана', NULL, 42, 30000, NULL, NULL, 8, 1, 1, NULL),
(171, 'Боброва Ольга ', NULL, 43, 30000, NULL, NULL, 9, 1, 1, NULL),
(172, 'Волкова Наталия ', NULL, 44, 30000, NULL, NULL, 9, 1, 1, NULL),
(173, 'Луговой Артем', NULL, 45, 30000, NULL, NULL, 9, 1, 1, NULL),
(174, 'Гогичаишвили Галина ', NULL, 46, 30000, NULL, NULL, 9, 1, 1, NULL),
(175, 'Чунаев Роман ', NULL, 47, 30000, NULL, NULL, 10, 1, 1, NULL),
(176, 'Хромылёв Алексей ', NULL, 48, 30000, NULL, NULL, 10, 1, 1, NULL),
(177, 'Гринева Нина ', NULL, 49, 30000, NULL, NULL, 10, 1, 1, NULL),
(178, 'Тишина Мария', NULL, 50, 30000, NULL, NULL, 10, 1, 1, NULL),
(179, 'Буртасова Евгения', NULL, 51, 30000, NULL, NULL, 10, 1, 1, NULL),
(180, 'Кон Юрий ', NULL, 52, 30000, NULL, NULL, 10, 1, 1, NULL),
(181, 'Ткаченко Евгений', NULL, 53, 30000, NULL, NULL, 10, 1, 1, NULL),
(182, 'Олейникова Наталья ', NULL, 54, 30000, NULL, NULL, 11, 1, 1, NULL),
(184, 'Баранова Мария ', NULL, 57, 30000, NULL, NULL, 11, 1, 1, NULL),
(185, 'Баранова Мария ', NULL, 57, 30000, NULL, NULL, 11, 1, 1, NULL),
(186, 'Рашидов Тимур', NULL, 58, 30000, NULL, NULL, 18, 1, 1, NULL),
(187, 'Савельева Анастасия', NULL, 59, 30000, NULL, NULL, 12, 1, 1, NULL),
(188, 'Исаева Татьяна ', NULL, 60, 30000, NULL, NULL, 12, 1, 1, NULL),
(189, 'Рогова Юлия ', NULL, 61, 30000, NULL, NULL, 12, 1, 1, NULL),
(190, 'Чара Еганова ', NULL, 62, 30000, NULL, NULL, 13, 1, 1, NULL),
(191, 'Буренкова Ирина ', NULL, 63, 30000, NULL, NULL, 13, 1, 1, NULL),
(192, 'Родионов Евгений ', NULL, 64, 30000, NULL, NULL, 13, 1, 1, NULL),
(193, 'Сапожникова Виктория ', NULL, 65, 30000, NULL, NULL, 13, 1, 1, NULL),
(194, 'Готишан Елена ', NULL, 66, 30000, NULL, NULL, 13, 1, 1, NULL),
(195, 'Буйнов Евгений ', NULL, 67, 30000, NULL, NULL, 13, 1, 1, NULL),
(196, 'Моисеева Марианна ', NULL, 68, 30000, NULL, NULL, 13, 1, 1, NULL),
(197, 'Тимошенкова Лариса ', NULL, 69, 30000, NULL, NULL, 13, 1, 1, NULL),
(198, 'Деревяга Оксана ', NULL, 70, 30000, NULL, NULL, 13, 1, 1, NULL),
(199, 'Демянюк Галина', NULL, 71, 30000, NULL, NULL, 20, 1, 1, NULL),
(200, 'Аскерова Нюбар ', NULL, 72, 30000, NULL, NULL, 20, 1, 1, NULL),
(201, 'Захаренко Наталья ', NULL, 73, 30000, NULL, NULL, 20, 1, 1, NULL),
(202, 'Падафа Ирина ', NULL, 75, 30000, NULL, NULL, 33, 1, 1, NULL),
(203, 'Пичкур Елена ', NULL, 76, 30000, NULL, NULL, 33, 1, 1, NULL),
(204, 'Леладзе Григорий ', NULL, 77, 30000, NULL, NULL, 33, 1, 1, NULL),
(205, 'Сонголова Екатерина ', NULL, 78, 30000, NULL, NULL, 32, 1, 1, NULL),
(206, 'Месхи Нестор ', NULL, 79, 30000, NULL, NULL, 32, 1, 1, NULL),
(207, 'Немировский Вячеслав ', NULL, 80, 30000, NULL, NULL, 32, 1, 1, NULL),
(208, 'Дежурный врач-гинеколог', NULL, 81, 34500, NULL, NULL, 1, 1, 1, NULL),
(209, 'Врач анестезиолог', NULL, 82, 28000, NULL, NULL, 1, 1, 1, NULL),
(210, 'Врач акушер-гинеколог', NULL, 81, 34500, NULL, NULL, 2, 1, 1, NULL),
(211, 'Врач акушер-гинеколог', NULL, 81, 34500, NULL, NULL, 3, 1, 1, NULL),
(212, 'Врач акушер-гинеколог', NULL, 81, 34500, NULL, NULL, 4, 1, 1, NULL),
(213, 'Врач акушер-гинеколог', NULL, 81, 34500, NULL, NULL, 5, 1, 1, NULL),
(214, 'Врач акушер-гинеколог', NULL, 81, 34500, NULL, NULL, 6, 1, 1, NULL),
(215, 'Врач акушер-гинеколог', NULL, 81, 34500, NULL, NULL, 7, 1, 1, NULL),
(216, 'Врач акушер-гинеколог', NULL, 81, 34500, NULL, NULL, 8, 1, 1, NULL),
(217, 'Врач акушер-гинеколог', NULL, 81, 34500, NULL, NULL, 9, 1, 1, NULL),
(218, 'Врач акушер-гинеколог', NULL, 81, 34500, NULL, NULL, 10, 1, 1, NULL),
(219, 'Врач акушер-гинеколог', NULL, 81, 34500, NULL, NULL, 11, 1, 1, NULL),
(220, 'Врач акушер-гинеколог', NULL, 81, 34500, NULL, NULL, 12, 1, 1, NULL),
(221, 'Врач акушер-гинеколог', NULL, 81, 34500, NULL, NULL, 13, 1, 1, NULL),
(222, 'Врач акушер-гинеколог', NULL, 81, 34500, NULL, NULL, 14, 1, 1, NULL),
(223, 'Врач акушер-гинеколог', NULL, 81, 34500, NULL, NULL, 15, 1, 1, NULL),
(224, 'Врач акушер-гинеколог', NULL, 81, 34500, NULL, NULL, 18, 1, 1, NULL),
(225, 'Врач акушер-гинеколог', NULL, 81, 34500, NULL, NULL, 19, 1, 1, NULL),
(226, 'Врач акушер-гинеколог', NULL, 81, 34500, NULL, NULL, 20, 1, 1, NULL),
(227, 'Врач акушер-гинеколог', NULL, 81, 34500, NULL, NULL, 23, 1, 1, NULL),
(228, 'Врач акушер-гинеколог', NULL, 81, 34500, NULL, NULL, 24, 1, 1, NULL),
(229, 'Врач акушер-гинеколог', NULL, 81, 34500, NULL, NULL, 25, 1, 1, NULL),
(230, 'Врач акушер-гинеколог', NULL, 81, 34500, NULL, NULL, 26, 1, 1, NULL),
(231, 'Врач акушер-гинеколог', NULL, 81, 34500, NULL, NULL, 27, 1, 1, NULL),
(232, 'Врач акушер-гинеколог', NULL, 81, 34500, NULL, NULL, 29, 1, 1, NULL),
(233, 'Врач акушер-гинеколог', NULL, 81, 34500, NULL, NULL, 30, 1, 1, NULL),
(234, 'Врач акушер-гинеколог', NULL, 81, 34500, NULL, NULL, 32, 1, 1, NULL),
(235, 'Врач акушер-гинеколог', NULL, 81, 34500, NULL, NULL, 33, 1, 1, NULL),
(236, 'Врач акушер-гинеколог', NULL, 81, 34500, NULL, NULL, 34, 1, 1, NULL),
(237, 'Врач анестезиолог', NULL, 82, 34500, NULL, NULL, 2, 1, 1, NULL),
(238, 'Врач анестезиолог', NULL, 82, 34500, NULL, NULL, 3, 1, 1, NULL),
(239, 'Врач анестезиолог', NULL, 82, 34500, NULL, NULL, 4, 1, 1, NULL),
(240, 'Врач анестезиолог', NULL, 82, 34500, NULL, NULL, 5, 1, 1, NULL),
(241, 'Врач анестезиолог', NULL, 82, 34500, NULL, NULL, 6, 1, 1, NULL),
(242, 'Врач анестезиолог', NULL, 82, 34500, NULL, NULL, 7, 1, 1, NULL),
(243, 'Врач анестезиолог', NULL, 82, 34500, NULL, NULL, 8, 1, 1, NULL),
(244, 'Врач анестезиолог', NULL, 82, 34500, NULL, NULL, 9, 1, 1, NULL),
(245, 'Врач анестезиолог', NULL, 82, 34500, NULL, NULL, 10, 1, 1, NULL),
(246, 'Врач анестезиолог', NULL, 82, 34500, NULL, NULL, 11, 1, 1, NULL),
(247, 'Врач анестезиолог', NULL, 82, 34500, NULL, NULL, 12, 1, 1, NULL),
(248, 'Врач анестезиолог', NULL, 82, 34500, NULL, NULL, 13, 1, 1, NULL),
(249, 'Врач анестезиолог', NULL, 82, 34500, NULL, NULL, 14, 1, 1, NULL),
(250, 'Врач анестезиолог', NULL, 82, 34500, NULL, NULL, 15, 1, 1, NULL),
(251, 'Врач анестезиолог', NULL, 82, 34500, NULL, NULL, 18, 1, 1, NULL),
(252, 'Врач анестезиолог', NULL, 82, 34500, NULL, NULL, 19, 1, 1, NULL),
(253, 'Врач анестезиолог', NULL, 82, 34500, NULL, NULL, 20, 1, 1, NULL),
(254, 'Врач анестезиолог', NULL, 82, 34500, NULL, NULL, 23, 1, 1, NULL),
(255, 'Врач анестезиолог', NULL, 82, 34500, NULL, NULL, 24, 1, 1, NULL),
(256, 'Врач анестезиолог', NULL, 82, 34500, NULL, NULL, 25, 1, 1, NULL),
(257, 'Врач анестезиолог', NULL, 82, 34500, NULL, NULL, 26, 1, 1, NULL),
(258, 'Врач анестезиолог', NULL, 82, 34500, NULL, NULL, 27, 1, 1, NULL),
(259, 'Врач анестезиолог', NULL, 82, 34500, NULL, NULL, 29, 1, 1, NULL),
(260, 'Врач анестезиолог', NULL, 82, 34500, NULL, NULL, 30, 1, 1, NULL),
(261, 'Врач анестезиолог', NULL, 82, 34500, NULL, NULL, 32, 1, 1, NULL),
(262, 'Врач анестезиолог', NULL, 82, 34500, NULL, NULL, 33, 1, 1, NULL),
(263, 'Врач анестезиолог', NULL, 82, 34500, NULL, NULL, 34, 1, 1, NULL),
(264, 'Врач-неонатолог', NULL, 83, 34500, NULL, NULL, 1, 1, 1, NULL),
(265, 'Врач-неонатолог', NULL, 83, 34500, NULL, NULL, 2, 1, 1, NULL),
(266, 'Врач-неонатолог', NULL, 83, 34500, NULL, NULL, 3, 1, 1, NULL),
(267, 'Врач-неонатолог', NULL, 83, 34500, NULL, NULL, 4, 1, 1, NULL),
(268, 'Врач-неонатолог', NULL, 83, 34500, NULL, NULL, 5, 1, 1, NULL),
(269, 'Врач-неонатолог', NULL, 83, 34500, NULL, NULL, 6, 1, 1, NULL),
(270, 'Врач-неонатолог', NULL, 83, 34500, NULL, NULL, 7, 1, 1, NULL),
(271, 'Врач-неонатолог', NULL, 83, 34500, NULL, NULL, 8, 1, 1, NULL),
(272, 'Врач-неонатолог', NULL, 83, 34500, NULL, NULL, 9, 1, 1, NULL),
(273, 'Врач-неонатолог', NULL, 83, 34500, NULL, NULL, 10, 1, 1, NULL),
(274, 'Врач-неонатолог', NULL, 83, 34500, NULL, NULL, 11, 1, 1, NULL),
(275, 'Врач-неонатолог', NULL, 83, 34500, NULL, NULL, 12, 1, 1, NULL),
(276, 'Врач-неонатолог', NULL, 83, 34500, NULL, NULL, 13, 1, 1, NULL),
(277, 'Врач-неонатолог', NULL, 83, 34500, NULL, NULL, 14, 1, 1, NULL),
(278, 'Врач-неонатолог', NULL, 83, 34500, NULL, NULL, 15, 1, 1, NULL),
(279, 'Врач-неонатолог', NULL, 83, 34500, NULL, NULL, 18, 1, 1, NULL),
(280, 'Врач-неонатолог', NULL, 83, 34500, NULL, NULL, 19, 1, 1, NULL),
(281, 'Врач-неонатолог', NULL, 83, 34500, NULL, NULL, 20, 1, 1, NULL),
(282, 'Врач-неонатолог', NULL, 83, 34500, NULL, NULL, 23, 1, 1, NULL),
(283, 'Врач-неонатолог', NULL, 83, 34500, NULL, NULL, 24, 1, 1, NULL),
(284, 'Врач-неонатолог', NULL, 83, 34500, NULL, NULL, 25, 1, 1, NULL),
(285, 'Врач-неонатолог', NULL, 83, 34500, NULL, NULL, 26, 1, 1, NULL),
(286, 'Врач-неонатолог', NULL, 83, 34500, NULL, NULL, 27, 1, 1, NULL),
(287, 'Врач-неонатолог', NULL, 83, 34500, NULL, NULL, 29, 1, 1, NULL),
(288, 'Врач-неонатолог', NULL, 83, 34500, NULL, NULL, 30, 1, 1, NULL),
(289, 'Врач-неонатолог', NULL, 83, 34500, NULL, NULL, 32, 1, 1, NULL),
(290, 'Врач-неонатолог', NULL, 83, 34500, NULL, NULL, 33, 1, 1, NULL),
(291, 'Врач-неонатолог', NULL, 83, 34500, NULL, NULL, 34, 1, 1, NULL),
(292, 'Акушерка', NULL, 84, 34500, NULL, NULL, 1, 1, 1, NULL),
(293, 'Акушерка', NULL, 84, 34500, NULL, NULL, 2, 1, 1, NULL),
(294, 'Акушерка', NULL, 84, 34500, NULL, NULL, 3, 1, 1, NULL),
(295, 'Акушерка', NULL, 84, 34500, NULL, NULL, 4, 1, 1, NULL),
(296, 'Акушерка', NULL, 84, 34500, NULL, NULL, 5, 1, 1, NULL),
(297, 'Акушерка', NULL, 84, 34500, NULL, NULL, 6, 1, 1, NULL),
(298, 'Акушерка', NULL, 84, 34500, NULL, NULL, 7, 1, 1, NULL),
(299, 'Акушерка', NULL, 84, 34500, NULL, NULL, 8, 1, 1, NULL),
(300, 'Акушерка', NULL, 84, 34500, NULL, NULL, 9, 1, 1, NULL),
(301, 'Акушерка', NULL, 84, 34500, NULL, NULL, 10, 1, 1, NULL),
(302, 'Акушерка', NULL, 84, 34500, NULL, NULL, 11, 1, 1, NULL),
(303, 'Акушерка', NULL, 84, 34500, NULL, NULL, 12, 1, 1, NULL),
(304, 'Акушерка', NULL, 84, 34500, NULL, NULL, 13, 1, 1, NULL),
(305, 'Акушерка', NULL, 84, 34500, NULL, NULL, 14, 1, 1, NULL),
(306, 'Акушерка', NULL, 84, 34500, NULL, NULL, 15, 1, 1, NULL),
(307, 'Акушерка', NULL, 84, 34500, NULL, NULL, 18, 1, 1, NULL),
(308, 'Акушерка', NULL, 84, 34500, NULL, NULL, 19, 1, 1, NULL),
(309, 'Акушерка', NULL, 84, 34500, NULL, NULL, 20, 1, 1, NULL),
(310, 'Акушерка', NULL, 84, 34500, NULL, NULL, 23, 1, 1, NULL),
(311, 'Акушерка', NULL, 84, 34500, NULL, NULL, 24, 1, 1, NULL),
(312, 'Акушерка', NULL, 84, 34500, NULL, NULL, 25, 1, 1, NULL),
(313, 'Акушерка', NULL, 84, 34500, NULL, NULL, 26, 1, 1, NULL),
(314, 'Акушерка', NULL, 84, 34500, NULL, NULL, 27, 1, 1, NULL),
(315, 'Акушерка', NULL, 84, 34500, NULL, NULL, 29, 1, 1, NULL),
(316, 'Акушерка', NULL, 84, 34500, NULL, NULL, 30, 1, 1, NULL),
(317, 'Акушерка', NULL, 84, 34500, NULL, NULL, 32, 1, 1, NULL),
(318, 'Акушерка', NULL, 84, 34500, NULL, NULL, 33, 1, 1, NULL),
(319, 'Акушерка', NULL, 84, 34500, NULL, NULL, 34, 1, 1, NULL),
(320, 'Доула', NULL, 85, 34500, NULL, NULL, 1, 1, 1, NULL),
(321, 'Доула', NULL, 85, 34500, NULL, NULL, 2, 1, 1, NULL),
(322, 'Доула', NULL, 85, 34500, NULL, NULL, 3, 1, 1, NULL),
(323, 'Доула', NULL, 85, 34500, NULL, NULL, 4, 1, 1, NULL),
(324, 'Доула', NULL, 85, 34500, NULL, NULL, 5, 1, 1, NULL),
(325, 'Доула', NULL, 85, 34500, NULL, NULL, 6, 1, 1, NULL),
(326, 'Доула', NULL, 85, 34500, NULL, NULL, 7, 1, 1, NULL),
(327, 'Доула', NULL, 85, 34500, NULL, NULL, 8, 1, 1, NULL),
(328, 'Доула', NULL, 85, 34500, NULL, NULL, 9, 1, 1, NULL),
(329, 'Доула', NULL, 85, 34500, NULL, NULL, 10, 1, 1, NULL),
(330, 'Доула', NULL, 85, 34500, NULL, NULL, 11, 1, 1, NULL),
(331, 'Доула', NULL, 85, 34500, NULL, NULL, 12, 1, 1, NULL),
(332, 'Доула', NULL, 85, 34500, NULL, NULL, 13, 1, 1, NULL),
(333, 'Доула', NULL, 85, 34500, NULL, NULL, 14, 1, 1, NULL),
(334, 'Доула', NULL, 85, 34500, NULL, NULL, 15, 1, 1, NULL),
(335, 'Доула', NULL, 85, 34500, NULL, NULL, 18, 1, 1, NULL),
(336, 'Доула', NULL, 85, 34500, NULL, NULL, 19, 1, 1, NULL),
(337, 'Доула', NULL, 85, 34500, NULL, NULL, 20, 1, 1, NULL),
(338, 'Доула', NULL, 85, 34500, NULL, NULL, 23, 1, 1, NULL),
(339, 'Доула', NULL, 85, 34500, NULL, NULL, 24, 1, 1, NULL),
(340, 'Доула', NULL, 85, 34500, NULL, NULL, 25, 1, 1, NULL),
(341, 'Доула', NULL, 85, 34500, NULL, NULL, 26, 1, 1, NULL),
(342, 'Доула', NULL, 85, 34500, NULL, NULL, 27, 1, 1, NULL),
(343, 'Доула', NULL, 85, 34500, NULL, NULL, 29, 1, 1, NULL),
(344, 'Доула', NULL, 85, 34500, NULL, NULL, 30, 1, 1, NULL),
(345, 'Доула', NULL, 85, 34500, NULL, NULL, 32, 1, 1, NULL),
(346, 'Доула', NULL, 85, 34500, NULL, NULL, 33, 1, 1, NULL),
(347, 'Доула', NULL, 85, 34500, NULL, NULL, 34, 1, 1, NULL),
(348, 'Акушер-гинеколог Первая категория', NULL, 86, 34500, NULL, NULL, 1, 1, 1, NULL),
(349, 'Акушер-гинеколог Первая категория', NULL, 86, 34500, NULL, NULL, 2, 1, 1, NULL),
(350, 'Акушер-гинеколог Первая категория', NULL, 86, 34500, NULL, NULL, 3, 1, 1, NULL),
(351, 'Акушер-гинеколог Первая категория', NULL, 86, 34500, NULL, NULL, 4, 1, 1, NULL),
(352, 'Акушер-гинеколог Первая категория', NULL, 86, 34500, NULL, NULL, 5, 1, 1, NULL),
(353, 'Акушер-гинеколог Первая категория', NULL, 86, 34500, NULL, NULL, 6, 1, 1, NULL),
(354, 'Акушер-гинеколог Первая категория', NULL, 86, 34500, NULL, NULL, 7, 1, 1, NULL),
(355, 'Акушер-гинеколог Первая категория', NULL, 86, 34500, NULL, NULL, 8, 1, 1, NULL),
(356, 'Акушер-гинеколог Первая категория', NULL, 86, 34500, NULL, NULL, 9, 1, 1, NULL),
(357, 'Акушер-гинеколог Первая категория', NULL, 86, 34500, NULL, NULL, 10, 1, 1, NULL),
(358, 'Акушер-гинеколог Первая категория', NULL, 86, 34500, NULL, NULL, 11, 1, 1, NULL),
(359, 'Акушер-гинеколог Первая категория', NULL, 86, 34500, NULL, NULL, 12, 1, 1, NULL),
(360, 'Акушер-гинеколог Первая категория', NULL, 86, 34500, NULL, NULL, 13, 1, 1, NULL),
(361, 'Акушер-гинеколог Первая категория', NULL, 86, 34500, NULL, NULL, 14, 1, 1, NULL),
(362, 'Акушер-гинеколог Первая категория', NULL, 86, 34500, NULL, NULL, 15, 1, 1, NULL),
(363, 'Акушер-гинеколог Первая категория', NULL, 86, 34500, NULL, NULL, 18, 1, 1, NULL),
(364, 'Акушер-гинеколог Первая категория', NULL, 86, 34500, NULL, NULL, 19, 1, 1, NULL),
(365, 'Акушер-гинеколог Первая категория', NULL, 86, 34500, NULL, NULL, 20, 1, 1, NULL),
(366, 'Акушер-гинеколог Первая категория', NULL, 86, 34500, NULL, NULL, 23, 1, 1, NULL),
(367, 'Акушер-гинеколог Первая категория', NULL, 86, 34500, NULL, NULL, 24, 1, 1, NULL),
(368, 'Акушер-гинеколог Первая категория', NULL, 86, 34500, NULL, NULL, 25, 1, 1, NULL),
(369, 'Акушер-гинеколог Первая категория', NULL, 86, 34500, NULL, NULL, 26, 1, 1, NULL),
(370, 'Акушер-гинеколог Первая категория', NULL, 86, 34500, NULL, NULL, 27, 1, 1, NULL),
(371, 'Акушер-гинеколог Первая категория', NULL, 86, 34500, NULL, NULL, 29, 1, 1, NULL),
(372, 'Акушер-гинеколог Первая категория', NULL, 86, 34500, NULL, NULL, 30, 1, 1, NULL),
(373, 'Акушер-гинеколог Первая категория', NULL, 86, 34500, NULL, NULL, 32, 1, 1, NULL),
(374, 'Акушер-гинеколог Первая категория', NULL, 86, 34500, NULL, NULL, 33, 1, 1, NULL),
(375, 'Акушер-гинеколог Первая категория', NULL, 86, 34500, NULL, NULL, 34, 1, 1, NULL),
(376, 'Акушер-гинеколог Вторая категория', NULL, 87, 34500, NULL, NULL, 1, 1, 1, NULL),
(377, 'Акушер-гинеколог Вторая категория', NULL, 87, 34500, NULL, NULL, 2, 1, 1, NULL),
(378, 'Акушер-гинеколог Вторая категория', NULL, 87, 34500, NULL, NULL, 3, 1, 1, NULL),
(379, 'Акушер-гинеколог Вторая категория', NULL, 87, 34500, NULL, NULL, 4, 1, 1, NULL),
(380, 'Акушер-гинеколог Вторая категория', NULL, 87, 34500, NULL, NULL, 5, 1, 1, NULL),
(381, 'Акушер-гинеколог Вторая категория', NULL, 87, 34500, NULL, NULL, 6, 1, 1, NULL),
(382, 'Акушер-гинеколог Вторая категория', NULL, 87, 34500, NULL, NULL, 7, 1, 1, NULL),
(383, 'Акушер-гинеколог Вторая категория', NULL, 87, 34500, NULL, NULL, 8, 1, 1, NULL),
(384, 'Акушер-гинеколог Вторая категория', NULL, 87, 34500, NULL, NULL, 9, 1, 1, NULL),
(385, 'Акушер-гинеколог Вторая категория', NULL, 87, 34500, NULL, NULL, 10, 1, 1, NULL),
(386, 'Акушер-гинеколог Вторая категория', NULL, 87, 34500, NULL, NULL, 11, 1, 1, NULL),
(387, 'Акушер-гинеколог Вторая категория', NULL, 87, 34500, NULL, NULL, 12, 1, 1, NULL),
(388, 'Акушер-гинеколог Вторая категория', NULL, 87, 34500, NULL, NULL, 13, 1, 1, NULL),
(389, 'Акушер-гинеколог Вторая категория', NULL, 87, 34500, NULL, NULL, 14, 1, 1, NULL),
(390, 'Акушер-гинеколог Вторая категория', NULL, 87, 34500, NULL, NULL, 15, 1, 1, NULL),
(391, 'Акушер-гинеколог Вторая категория', NULL, 87, 34500, NULL, NULL, 18, 1, 1, NULL),
(392, 'Акушер-гинеколог Вторая категория', NULL, 87, 34500, NULL, NULL, 19, 1, 1, NULL),
(393, 'Акушер-гинеколог Вторая категория', NULL, 87, 34500, NULL, NULL, 20, 1, 1, NULL),
(394, 'Акушер-гинеколог Вторая категория', NULL, 87, 34500, NULL, NULL, 23, 1, 1, NULL),
(395, 'Акушер-гинеколог Вторая категория', NULL, 87, 34500, NULL, NULL, 24, 1, 1, NULL),
(396, 'Акушер-гинеколог Вторая категория', NULL, 87, 34500, NULL, NULL, 25, 1, 1, NULL),
(397, 'Акушер-гинеколог Вторая категория', NULL, 87, 34500, NULL, NULL, 26, 1, 1, NULL),
(398, 'Акушер-гинеколог Вторая категория', NULL, 87, 34500, NULL, NULL, 27, 1, 1, NULL),
(399, 'Акушер-гинеколог Вторая категория', NULL, 87, 34500, NULL, NULL, 29, 1, 1, NULL),
(400, 'Акушер-гинеколог Вторая категория', NULL, 87, 34500, NULL, NULL, 30, 1, 1, NULL),
(401, 'Акушер-гинеколог Вторая категория', NULL, 87, 34500, NULL, NULL, 32, 1, 1, NULL),
(402, 'Акушер-гинеколог Вторая категория', NULL, 87, 34500, NULL, NULL, 33, 1, 1, NULL),
(403, 'Акушер-гинеколог Вторая категория', NULL, 87, 34500, NULL, NULL, 34, 1, 1, NULL),
(404, 'Врач-неонатолог Первая категория', NULL, 88, 34500, NULL, NULL, 1, 1, 1, NULL),
(405, 'Врач-неонатолог Первая категория', NULL, 88, 34500, NULL, NULL, 2, 1, 1, NULL),
(406, 'Врач-неонатолог Первая категория', NULL, 88, 34500, NULL, NULL, 3, 1, 1, NULL),
(407, 'Врач-неонатолог Первая категория', NULL, 88, 34500, NULL, NULL, 4, 1, 1, NULL),
(408, 'Врач-неонатолог Первая категория', NULL, 88, 34500, NULL, NULL, 5, 1, 1, NULL),
(409, 'Врач-неонатолог Первая категория', NULL, 88, 34500, NULL, NULL, 6, 1, 1, NULL),
(410, 'Врач-неонатолог Первая категория', NULL, 88, 34500, NULL, NULL, 7, 1, 1, NULL),
(411, 'Врач-неонатолог Первая категория', NULL, 88, 34500, NULL, NULL, 8, 1, 1, NULL),
(412, 'Врач-неонатолог Первая категория', NULL, 88, 34500, NULL, NULL, 9, 1, 1, NULL),
(413, 'Врач-неонатолог Первая категория', NULL, 88, 34500, NULL, NULL, 10, 1, 1, NULL),
(414, 'Врач-неонатолог Первая категория', NULL, 88, 34500, NULL, NULL, 11, 1, 1, NULL),
(415, 'Врач-неонатолог Первая категория', NULL, 88, 34500, NULL, NULL, 12, 1, 1, NULL),
(416, 'Врач-неонатолог Первая категория', NULL, 88, 34500, NULL, NULL, 13, 1, 1, NULL),
(417, 'Врач-неонатолог Первая категория', NULL, 88, 34500, NULL, NULL, 14, 1, 1, NULL),
(418, 'Врач-неонатолог Первая категория', NULL, 88, 34500, NULL, NULL, 15, 1, 1, NULL),
(419, 'Врач-неонатолог Первая категория', NULL, 88, 34500, NULL, NULL, 18, 1, 1, NULL),
(420, 'Врач-неонатолог Первая категория', NULL, 88, 34500, NULL, NULL, 19, 1, 1, NULL),
(421, 'Врач-неонатолог Первая категория', NULL, 88, 34500, NULL, NULL, 20, 1, 1, NULL),
(422, 'Врач-неонатолог Первая категория', NULL, 88, 34500, NULL, NULL, 23, 1, 1, NULL),
(423, 'Врач-неонатолог Первая категория', NULL, 88, 34500, NULL, NULL, 24, 1, 1, NULL),
(424, 'Врач-неонатолог Первая категория', NULL, 88, 34500, NULL, NULL, 25, 1, 1, NULL),
(425, 'Врач-неонатолог Первая категория', NULL, 88, 34500, NULL, NULL, 26, 1, 1, NULL),
(426, 'Врач-неонатолог Первая категория', NULL, 88, 34500, NULL, NULL, 27, 1, 1, NULL),
(427, 'Врач-неонатолог Первая категория', NULL, 88, 34500, NULL, NULL, 29, 1, 1, NULL),
(428, 'Врач-неонатолог Первая категория', NULL, 88, 34500, NULL, NULL, 30, 1, 1, NULL),
(429, 'Врач-неонатолог Первая категория', NULL, 88, 34500, NULL, NULL, 32, 1, 1, NULL),
(430, 'Врач-неонатолог Первая категория', NULL, 88, 34500, NULL, NULL, 33, 1, 1, NULL),
(431, 'Врач-неонатолог Первая категория', NULL, 88, 34500, NULL, NULL, 34, 1, 1, NULL),
(432, 'ЦКБ', NULL, 8, 17200, NULL, NULL, 1, 1, 2, 3);

-- --------------------------------------------------------

--
-- Структура таблицы `sessions`
--

CREATE TABLE `sessions` (
  `id` bigint(20) UNSIGNED NOT NULL,
  `token` varchar(50) COLLATE utf8_unicode_ci NOT NULL,
  `user_id` bigint(20) UNSIGNED NOT NULL,
  `datetime_create` timestamp NOT NULL DEFAULT CURRENT_TIMESTAMP,
  `datetime_update` timestamp NOT NULL DEFAULT CURRENT_TIMESTAMP ON UPDATE CURRENT_TIMESTAMP
) ENGINE=InnoDB DEFAULT CHARSET=utf8 COLLATE=utf8_unicode_ci;

--
-- Дамп данных таблицы `sessions`
--

INSERT INTO `sessions` (`id`, `token`, `user_id`, `datetime_create`, `datetime_update`) VALUES
(8, '317b1d88-39ff-402d-9973-58672928253b', 3, '2021-08-26 08:03:24', '2021-08-26 08:03:24'),
(9, '6fdde198-2b5b-4fdd-8e05-72a840a5f08d', 3, '2021-08-26 08:03:40', '2021-08-26 08:03:40'),
(11, '993e5de9-9091-4139-803a-b41c5b8e847d', 19, '2021-08-26 08:18:28', '2021-08-26 08:18:28'),
(12, '167ffb84-2d2d-487f-b0d2-61974ecb6e78', 3, '2021-08-26 08:40:39', '2021-08-26 08:40:39'),
(13, 'b28fdd04-a4b4-488c-bdb5-b83ac4aed88e', 3, '2021-08-26 08:44:35', '2021-08-26 08:44:35'),
(14, 'b64ce044-35ba-435f-a66f-988a5c4680d2', 3, '2021-08-26 09:14:00', '2021-08-26 09:14:00'),
(15, 'c4078962-ebfe-446b-bd6d-e8652423d210', 3, '2021-08-29 22:22:21', '2021-08-29 22:22:21'),
(16, 'b9b43576-335b-4486-ac10-e977de433d42', 3, '2021-08-30 06:21:53', '2021-08-30 06:21:53'),
(18, '66087fca-4aee-4ce0-a12e-c6270c5c34fe', 3, '2021-08-30 07:12:18', '2021-08-30 07:12:18'),
(20, 'a21a43db-09bb-4915-9705-1aaa89e728a0', 3, '2021-08-30 07:12:46', '2021-08-30 07:12:46'),
(23, '638e91ce-e7ee-4ec2-8732-f911d0d884cd', 3, '2021-08-30 07:14:31', '2021-08-30 07:14:31'),
(26, 'c2c830f0-7bcf-48f0-92d2-55e84c8030bb', 3, '2021-08-30 07:16:02', '2021-08-30 07:16:02'),
(29, '522ffed9-6d0b-4d88-8aed-9387422b9469', 3, '2021-08-30 09:30:20', '2021-08-30 09:30:20'),
(33, 'c6f194df-8078-4d64-abb4-c0a3777815a7', 3, '2021-08-30 09:40:26', '2021-08-30 09:40:26'),
(38, '42b03ddf-bdc2-4ae5-8b71-8e184c24c22e', 3, '2021-08-30 10:01:58', '2021-08-30 10:01:58'),
(39, 'dfece4c6-5275-4249-aec8-56ef66fcff17', 3, '2021-08-30 10:01:59', '2021-08-30 10:01:59'),
(43, '500f8aac-d882-418b-b0f6-76c827137470', 3, '2021-08-30 10:06:42', '2021-08-30 10:06:42'),
(45, 'e7e069c0-5caa-4a8a-ad15-806f633c94bd', 3, '2021-08-30 10:07:09', '2021-08-30 10:07:09'),
(47, '73cbc66c-2251-43c8-baa5-a62d92f78059', 3, '2021-08-30 10:11:06', '2021-08-30 10:11:06'),
(49, 'd87412bd-076e-407d-88ca-b4f55f6916f7', 3, '2021-08-30 10:13:16', '2021-08-30 10:13:16'),
(51, '5fe9860b-131c-4476-80fe-bf02949b05af', 3, '2021-08-30 10:27:12', '2021-08-30 10:27:12'),
(53, '19577e6c-3619-4e04-b77e-b08bed02d320', 3, '2021-08-30 10:27:47', '2021-08-30 10:27:47'),
(55, '0afc28d3-b6d1-4f75-b6b9-c000f314c159', 3, '2021-08-30 10:32:08', '2021-08-30 10:32:08'),
(57, '532bc1ee-128b-41ae-a8c0-9f9f1dc1bfb6', 3, '2021-08-30 17:13:33', '2021-08-30 17:13:33'),
(59, '778399cc-c822-4035-a11d-a0c48562df4b', 3, '2021-08-31 05:11:55', '2021-08-31 05:11:55'),
(60, 'ed9b7db1-13ed-482a-95be-9282301d16cc', 3, '2021-08-31 07:05:27', '2021-08-31 07:05:27'),
(61, 'd7564dc9-ddd9-4bae-b53e-200a1129272c', 3, '2021-08-31 09:51:33', '2021-08-31 09:51:33'),
(62, 'caa01e68-ca8c-44fd-a00e-b336b48f1949', 3, '2021-08-31 09:53:35', '2021-08-31 09:53:35'),
(63, 'aef7517f-6d79-4b81-8baa-d2c93eed21fc', 3, '2021-08-31 09:59:50', '2021-08-31 09:59:50'),
(64, '3df83ce3-3249-4c2b-9353-45370b33b2cd', 3, '2021-08-31 10:08:30', '2021-08-31 10:08:30'),
(65, '54359cd2-21f6-4fdd-b19c-a9a4c2b3e3ee', 3, '2021-08-31 16:54:21', '2021-08-31 16:54:21'),
(66, 'c1c42768-f72a-4eda-a337-9943af0c9c2d', 3, '2021-08-31 19:08:02', '2021-08-31 19:08:02'),
(67, '9fa5e412-ad0a-4e8c-97aa-43b364c629e1', 3, '2021-09-02 14:40:39', '2021-09-02 14:40:39'),
(68, 'd6c18ce3-0c8d-4c8e-b6bd-ccb9c156b5ab', 3, '2021-09-03 05:43:35', '2021-09-03 05:43:35'),
(69, '85c490b6-165b-44dd-8be5-4c6fb4f0223b', 3, '2021-09-03 20:34:33', '2021-09-03 20:34:33'),
(70, '2f8b1e54-a741-439e-a810-2c114426dac8', 3, '2021-09-04 10:29:32', '2021-09-04 10:29:32'),
(73, '01e9baf0-4a31-46ed-8837-312bf7ac4db5', 3, '2021-09-05 10:03:31', '2021-09-05 10:03:31'),
(74, '83831f48-961e-4322-8008-4360c231eb0d', 3, '2021-09-05 10:39:21', '2021-09-05 10:39:21'),
(75, '7a535a8c-200c-4424-93e0-001838fc97cb', 3, '2021-09-08 14:47:53', '2021-09-08 14:47:53'),
(76, '1862fc51-cbe2-43a2-9f3e-543de139e9e8', 3, '2021-09-08 14:48:33', '2021-09-08 14:48:33'),
(77, 'd6622043-fdb0-48ee-a45f-d3691dbfa0cf', 3, '2021-09-08 16:47:36', '2021-09-08 16:47:36'),
(78, '034e9b51-45bd-418c-8010-bc3151a4eaa8', 3, '2021-09-10 23:24:17', '2021-09-10 23:24:17'),
(79, 'cbb27da1-8102-4765-a4b6-4fafb7a99f86', 3, '2021-09-12 04:18:48', '2021-09-12 04:18:48'),
(80, 'cfed4d6c-acd1-4976-a602-52d3e8cfdbfd', 3, '2021-09-12 04:19:30', '2021-09-12 04:19:30'),
(81, '2309c881-b28c-4eb4-8b0a-a499dbc2f4c3', 3, '2021-09-14 19:42:40', '2021-09-14 19:42:40'),
(82, 'b9e4edae-61ac-43e1-a5d1-146a4c574072', 3, '2021-09-14 19:44:38', '2021-09-14 19:44:38'),
(83, '4228f935-4cd0-45cf-b899-269272b0f33e', 3, '2021-09-14 20:53:14', '2021-09-14 20:53:14'),
(84, '2bec5ffd-01d8-4a56-b21e-c139d37a0b60', 19, '2021-09-16 17:45:15', '2021-09-16 17:45:15'),
(85, 'ad8bbf52-f078-40ac-a77e-4849bbdf1055', 3, '2021-09-16 18:47:44', '2021-09-16 18:47:44'),
(86, 'c42238fa-e2d5-42bb-99c9-95cc2ac9aff0', 19, '2021-09-16 18:48:46', '2021-09-16 18:48:46'),
(87, 'a08c761c-a6e0-40a6-a3c3-28bcfea4b496', 19, '2021-09-16 18:48:55', '2021-09-16 18:48:55'),
(88, '923d18f4-63ec-4203-a5aa-fa140058b3a3', 19, '2021-09-16 18:48:56', '2021-09-16 18:48:56'),
(89, 'a176e386-d8d3-4e35-8ae0-2dc15967b42c', 19, '2021-09-16 18:48:58', '2021-09-16 18:48:58'),
(90, 'cb0bad3a-6812-4534-8129-adc9ddabdd35', 3, '2021-09-16 18:49:44', '2021-09-16 18:49:44'),
(91, '89cb63e8-b162-4755-af1e-87f82e1b72ca', 19, '2021-09-16 18:51:14', '2021-09-16 18:51:14'),
(92, '012fd164-6a76-48dd-b4bb-5921af9fc6d8', 19, '2021-09-16 18:51:18', '2021-09-16 18:51:18'),
(93, '91e81a50-68c5-465e-bc5e-e88493cc736e', 19, '2021-09-16 18:51:19', '2021-09-16 18:51:19'),
(94, 'bc59051e-7b86-4418-8b0d-f633ac7a111b', 19, '2021-09-16 18:51:20', '2021-09-16 18:51:20'),
(95, '37ab8a24-e190-4f4d-8018-83d3a52def38', 19, '2021-09-16 18:51:20', '2021-09-16 18:51:20'),
(96, 'c4325624-88f0-45a5-8bcf-6fb5ad9b5d42', 19, '2021-09-16 18:51:20', '2021-09-16 18:51:20'),
(97, '7345c7cb-20ff-4e52-b904-300e2487f2f3', 19, '2021-09-16 18:51:20', '2021-09-16 18:51:20'),
(98, '0018be71-e67a-4591-8ba0-af9396699961', 19, '2021-09-16 18:51:20', '2021-09-16 18:51:20'),
(99, '8f289e55-a247-44c9-bcb0-0364a704618d', 19, '2021-09-16 18:51:21', '2021-09-16 18:51:21'),
(100, '7cb8ab2c-be24-4808-9ffe-d7709de7e0d7', 19, '2021-09-16 18:51:21', '2021-09-16 18:51:21'),
(101, 'e617b46d-51d0-4420-bc5a-697aa651ce1c', 19, '2021-09-16 18:51:21', '2021-09-16 18:51:21'),
(102, 'a7ca45b9-13f8-43b7-8c92-cff66e09424b', 19, '2021-09-16 18:51:21', '2021-09-16 18:51:21'),
(103, '8c9e92f8-a8da-48dc-be8b-c72fd9e6eac5', 19, '2021-09-16 18:51:22', '2021-09-16 18:51:22'),
(104, '33cbf1f8-909c-49bd-9b84-85fd289d4781', 19, '2021-09-16 18:51:23', '2021-09-16 18:51:23'),
(105, 'b5866180-206a-4a04-ae80-96e9ef6766e1', 19, '2021-09-16 18:51:24', '2021-09-16 18:51:24'),
(106, '1ad26032-715d-4c23-b40d-157c3ab5ca62', 19, '2021-09-16 18:51:39', '2021-09-16 18:51:39'),
(107, '8cadf65c-4c6c-42bb-bcdd-2cc060335947', 19, '2021-09-16 18:51:40', '2021-09-16 18:51:40'),
(108, 'ae190114-275c-4b92-a35f-5a5369f55dc0', 19, '2021-09-16 18:51:41', '2021-09-16 18:51:41'),
(109, '762e9127-7787-4533-b7dc-1deb93349f84', 19, '2021-09-16 18:51:41', '2021-09-16 18:51:41'),
(110, 'd287ad86-4a4b-4d4f-b042-96abadfa9fa7', 19, '2021-09-16 18:51:41', '2021-09-16 18:51:41'),
(111, 'c1f855f7-a65c-404b-983f-bc9e03b93ab2', 19, '2021-09-16 18:51:42', '2021-09-16 18:51:42'),
(112, 'c8344d06-3806-4ece-80df-d6197c8d95b8', 19, '2021-09-16 18:51:42', '2021-09-16 18:51:42'),
(113, '5c2eea97-ccac-4c25-a488-5e25151854f7', 19, '2021-09-16 18:51:42', '2021-09-16 18:51:42'),
(114, 'bdd73fbd-20c3-4e23-b922-15db3e72891b', 19, '2021-09-16 18:51:43', '2021-09-16 18:51:43'),
(115, 'a5a9882d-1e69-47a3-be27-893a4752f182', 19, '2021-09-16 18:51:43', '2021-09-16 18:51:43'),
(116, 'ba6c4c92-2fbc-4de4-8406-9407c8a17c73', 19, '2021-09-16 18:51:50', '2021-09-16 18:51:50'),
(117, '9dd73cfa-b6fd-404c-87d1-ffb1fe26db18', 19, '2021-09-16 18:51:59', '2021-09-16 18:51:59'),
(118, '32a5ecc6-f3ef-4098-b96e-baded3e4684e', 19, '2021-09-16 18:52:00', '2021-09-16 18:52:00'),
(119, '4879f570-9a15-4534-98cf-a8b74114b6f6', 19, '2021-09-16 18:52:01', '2021-09-16 18:52:01'),
(120, '012b707c-a648-48eb-b84f-86d42a624462', 19, '2021-09-16 18:52:35', '2021-09-16 18:52:35'),
(121, '3a86fec0-aefd-43cf-ac06-c8ec1535dd26', 19, '2021-09-16 18:52:52', '2021-09-16 18:52:52'),
(122, 'f71b2ffe-8f34-4dee-aef2-e975421cc97f', 19, '2021-09-16 18:52:55', '2021-09-16 18:52:55'),
(123, '6fb27359-7fa4-430c-955e-00977ce5b150', 19, '2021-09-16 18:52:56', '2021-09-16 18:52:56'),
(124, '900d29dd-66f7-4979-90ca-4a76228e37e2', 19, '2021-09-16 18:52:56', '2021-09-16 18:52:56'),
(125, '98835b5c-f880-4ab4-b380-a1dc7cbe610f', 19, '2021-09-16 18:52:56', '2021-09-16 18:52:56'),
(126, 'd8bea465-1c28-49ff-bef4-f41b660be929', 19, '2021-09-16 18:52:56', '2021-09-16 18:52:56'),
(127, '128ba39c-ecc4-4842-bb4b-b0f0dae887c2', 19, '2021-09-16 18:52:57', '2021-09-16 18:52:57'),
(128, 'ace346d8-cf43-4b13-911b-8b91903e7cf1', 3, '2021-09-16 18:58:45', '2021-09-16 18:58:45'),
(129, '32aee20d-5e63-4531-bef1-d1a509cc0abd', 3, '2021-09-16 18:58:55', '2021-09-16 18:58:55'),
(130, '015bc0ed-fa94-404b-a65e-16928b03c96c', 3, '2021-09-16 18:59:01', '2021-09-16 18:59:01'),
(131, '3f31001b-2b33-4b21-9c67-94b23d65618d', 19, '2021-09-16 18:59:53', '2021-09-16 18:59:53'),
(132, '66241885-6f38-429e-a107-4e6e9ff4528d', 19, '2021-09-16 19:00:04', '2021-09-16 19:00:04'),
(133, '0b48825f-03f1-4ffd-8082-e62c8cbc3fad', 1, '2021-09-16 19:00:43', '2021-09-16 19:00:43'),
(134, '48a858e6-49d4-4a12-9f0a-55a06a62b7e5', 3, '2021-09-16 19:02:44', '2021-09-16 19:02:44'),
(135, '9554441e-fed2-41f8-930f-b97f6e48ef0d', 1, '2021-09-16 19:03:21', '2021-09-16 19:03:21'),
(137, '02f58f46-6c34-4233-988d-cb54a0835d1e', 3, '2021-09-16 19:10:45', '2021-09-16 19:10:45'),
(138, '4a7eaed2-2fa8-432b-a9ff-15a445fcb180', 19, '2021-09-16 19:11:24', '2021-09-16 19:11:24'),
(139, '1554eb93-5bb9-480c-a339-a134a8859142', 3, '2021-09-16 20:18:39', '2021-09-16 20:18:39'),
(140, 'ee0769b6-014f-45d5-96ea-ac20f5d6f3ba', 1, '2021-09-16 20:18:48', '2021-09-16 20:18:48'),
(141, '49e00734-baae-40dd-98b1-26d143c07573', 19, '2021-09-17 03:35:09', '2021-09-17 03:35:09'),
(142, '1587daf7-e3b4-44fb-98b4-74b777862006', 3, '2021-09-19 10:12:01', '2021-09-19 10:12:01'),
(143, '4880521e-9f77-465a-93c8-5b0f0a8ae93d', 19, '2021-09-19 10:27:42', '2021-09-19 10:27:42'),
(144, '08af9f09-47c0-49ac-a129-22d20bc9eb0a', 3, '2021-09-19 19:40:39', '2021-09-19 19:40:39'),
(145, '27635f72-bfe0-450a-99a7-ce58cf785662', 1, '2021-09-19 19:40:48', '2021-09-19 19:40:48'),
(147, '40fedfc9-c9ee-47a4-9c68-2b7449d89037', 3, '2021-09-22 13:15:53', '2021-09-22 13:15:53'),
(148, '780e9a9f-c8ce-4f91-a601-2a8186d81fd5', 3, '2021-09-23 10:21:34', '2021-09-23 10:21:34'),
(149, 'de7b276f-ea7f-4204-bf9a-30590915ae2b', 3, '2021-09-25 15:57:33', '2021-09-25 15:57:33'),
(150, '4e177475-63f6-44dd-8b92-053c1ee71998', 19, '2021-09-25 16:14:17', '2021-09-25 16:14:17'),
(151, '12285d2f-37ea-40b4-be4b-b128bb84d247', 3, '2021-09-28 19:45:41', '2021-09-28 19:45:41'),
(152, '84bca077-8621-4d8e-8f12-72cd87805eef', 3, '2021-09-28 19:45:48', '2021-09-28 19:45:48'),
(153, '9dc16c71-da71-4d4e-b0a7-ee093566d772', 3, '2021-10-02 04:49:02', '2021-10-02 04:49:02'),
(154, 'b2292e77-722a-46cc-b33f-387f7754ffd1', 3, '2021-10-02 04:50:49', '2021-10-02 04:50:49'),
(155, 'a0827b6d-076d-4305-a4e9-b623ae53f7f6', 3, '2021-10-02 11:17:27', '2021-10-02 11:17:27'),
(157, 'bc8c2b3d-2f69-4a20-a4af-79c7c11873c6', 3, '2021-10-02 20:33:19', '2021-10-02 20:33:19'),
(159, '8e9f8850-25ae-47eb-bdf2-b1795284cab5', 3, '2021-10-05 09:28:29', '2021-10-05 09:28:29'),
(160, 'f1c268ca-6dfa-4c82-a86c-8739e0c26688', 1, '2021-10-05 09:28:50', '2021-10-05 09:28:50'),
(161, 'a3a0c4b7-6020-4c3d-a27a-a10480f976ed', 3, '2021-10-07 23:44:12', '2021-10-07 23:44:12'),
(162, 'd03362a7-bcfc-4eb0-a03c-87472f601748', 3, '2021-10-08 14:11:19', '2021-10-08 14:11:19'),
(163, 'a9e80b7d-8722-4097-b298-06995c42bee1', 3, '2021-10-10 14:37:08', '2021-10-10 14:37:08'),
(164, '32303494-e7dc-4569-a6bc-063e7283dd25', 3, '2021-10-12 12:19:27', '2021-10-12 12:19:27'),
(165, 'e041a25d-0b5f-4f8c-a66c-54e16e058e9b', 3, '2021-10-12 19:53:40', '2021-10-12 19:53:40'),
(166, 'd3031042-097e-47f2-9659-aea7ddcc91c8', 3, '2021-10-12 21:23:37', '2021-10-12 21:23:37'),
(167, '91ab83bd-2157-403c-8850-fa0b569f0e49', 3, '2021-10-14 03:00:33', '2021-10-14 03:00:33'),
(168, '09fa77e2-904a-43a9-a097-37d6ac5131fd', 3, '2021-10-16 09:38:02', '2021-10-16 09:38:02'),
(169, '4ae58947-25e2-4234-8d8f-9bf54c143a68', 3, '2021-10-17 12:08:38', '2021-10-17 12:08:38'),
(170, '1184e68f-91e8-41f9-8de6-7b40499aa21b', 3, '2021-10-17 18:09:40', '2021-10-17 18:09:40'),
(171, '47e2aaa3-f97c-44aa-bf96-be802b7b6c82', 3, '2021-10-18 00:48:02', '2021-10-18 00:48:02'),
(172, '14c692ff-b675-4cc5-abda-d49c0cfb557c', 3, '2021-10-18 05:02:06', '2021-10-18 05:02:06'),
(173, '7e27b6a4-04d5-4a5d-8565-388d8749312a', 3, '2021-10-18 14:07:30', '2021-10-18 14:07:30'),
(174, '676bd306-3750-48ef-9bee-f8020dbe9128', 3, '2021-10-20 04:03:12', '2021-10-20 04:03:12'),
(175, '231f0501-2075-4a5e-8a6e-7818cc129dac', 3, '2021-10-21 00:37:49', '2021-10-21 00:37:49'),
(176, '8f8e3af3-de3a-4817-a733-0df7b2cc668a', 3, '2021-10-21 00:39:47', '2021-10-21 00:39:47'),
(177, '1f3a9dce-6f7e-4bd5-b895-06a9cc8f1060', 3, '2021-10-21 06:29:49', '2021-10-21 06:29:49'),
(178, '9af58c93-09a9-4ae5-9281-cb14e171788b', 3, '2021-10-30 09:50:59', '2021-10-30 09:50:59'),
(179, '4e34a928-3ab4-44be-a3f4-38ee10c7a638', 3, '2021-10-30 09:51:27', '2021-10-30 09:51:27'),
(180, '4f6aa4ac-d1fe-4459-a858-67de45b0570f', 1, '2021-10-30 09:53:18', '2021-10-30 09:53:18'),
(181, '59dc46cd-7679-4834-ab8c-4841d1c7d519', 19, '2021-10-30 09:54:11', '2021-10-30 09:54:11'),
(182, '4da20084-8610-43b6-bfc9-69bb7c5a7ca7', 3, '2021-10-31 08:23:49', '2021-10-31 08:23:49'),
(183, 'aa319de2-35b0-4e2f-b204-0240a458b6b7', 3, '2021-11-02 04:16:22', '2021-11-02 04:16:22'),
(184, '892d331f-a512-4b9b-a14c-5b57ba65e6cd', 3, '2021-11-02 09:52:09', '2021-11-02 09:52:09'),
(185, '1dd35f5c-403f-4a16-b1d3-980a0ab8bdc8', 3, '2021-11-02 21:24:46', '2021-11-02 21:24:46'),
(186, '27366a62-5ccd-40f7-b3e1-5cf96c2ba4fa', 3, '2021-11-03 04:48:32', '2021-11-03 04:48:32'),
(187, 'b7955471-b069-4a28-b920-bc98cd33c00e', 3, '2021-11-03 18:07:56', '2021-11-03 18:07:56'),
(188, '0a66207d-bcd6-42a7-83f5-8bec1e6ca6d0', 3, '2021-11-03 21:20:47', '2021-11-03 21:20:47'),
(189, '724bc81d-a9d3-413f-b276-5dcf7cdcc44d', 3, '2021-11-05 11:39:48', '2021-11-05 11:39:48'),
(190, 'b1c2ef8f-66bc-4861-a812-fafe9a4af4c2', 3, '2021-11-05 20:03:29', '2021-11-05 20:03:29'),
(191, 'cb01dcef-b71d-4d02-b8d8-224087e4c1bd', 3, '2021-11-06 04:07:31', '2021-11-06 04:07:31'),
(192, 'df859e18-befa-4bea-8b30-a7a7fc1ed783', 3, '2021-11-06 04:08:44', '2021-11-06 04:08:44'),
(193, '1d42e032-eaa7-423b-8af7-e2f31d97ada0', 3, '2021-11-06 10:27:56', '2021-11-06 10:27:56'),
(198, 'e5a3b9ba-4454-444e-ae21-25b5f0271240', 3, '2021-11-06 10:30:37', '2021-11-06 10:30:37'),
(199, '6ad1ee9c-695d-420c-8473-37dbb52ba2d0', 19, '2021-11-06 10:32:47', '2021-11-06 10:32:47'),
(200, 'ce6b7408-f6d4-436a-a748-63c1c85a43da', 19, '2021-11-06 10:33:06', '2021-11-06 10:33:06'),
(201, '46dd7393-6e45-439f-8553-bd3b95409a8b', 3, '2021-11-08 09:26:01', '2021-11-08 09:26:01'),
(202, '92cfa084-550f-4f26-a2b0-7fedcf44d67d', 3, '2021-11-09 02:25:05', '2021-11-09 02:25:05'),
(203, '25756b6c-cdd1-4513-80e6-94e496ecdcca', 1, '2021-11-09 09:55:39', '2021-11-09 09:55:39'),
(204, 'b3d65080-c390-41a9-91a7-0ed7f0de1abb', 3, '2021-11-09 10:05:45', '2021-11-09 10:05:45'),
(205, '0f71c023-3daa-4a2a-8e1e-ad98311cbf91', 3, '2021-11-09 20:16:23', '2021-11-09 20:16:23'),
(206, '96357abc-3c4f-4835-92da-9e8dc7c2d38d', 3, '2021-11-09 20:27:35', '2021-11-09 20:27:35'),
(207, '638c000b-cbed-4b4f-9d56-9e3c8f0dd914', 3, '2021-11-10 11:52:44', '2021-11-10 11:52:44'),
(208, '566c57db-45fc-4d80-8cf5-58031ee8ab85', 3, '2021-11-13 19:14:12', '2021-11-13 19:14:12'),
(209, 'e434482a-ec78-4aaa-84cf-52f36136507b', 3, '2021-11-16 03:52:12', '2021-11-16 03:52:12'),
(210, '4ae21211-1b7a-4cba-83b4-29fbe71c49d7', 3, '2021-11-16 15:37:46', '2021-11-16 15:37:46'),
(211, '95a98d44-7e07-4dac-89b4-56969180845d', 3, '2021-11-18 17:37:40', '2021-11-18 17:37:40'),
(213, '92c04b59-5d8e-4b4f-a3ec-fb28e7b45233', 3, '2021-11-18 17:38:41', '2021-11-18 17:38:41'),
(214, '7941464f-2019-46d3-80c8-5502ee195831', 3, '2021-11-19 18:40:22', '2021-11-19 18:40:22'),
(215, '05d17b8f-37dd-428a-bc5f-b67ce6563451', 3, '2021-11-19 19:31:21', '2021-11-19 19:31:21'),
(216, 'e4b2a78d-d825-4895-ad1a-b45960da2728', 3, '2021-11-20 05:08:35', '2021-11-20 05:08:35'),
(217, 'cd4e0a40-d4ce-4d1c-bc78-a9198887ed52', 3, '2021-11-20 05:15:39', '2021-11-20 05:15:39'),
(218, '19823716-e743-408f-ae8c-0a765e1b9b87', 3, '2021-11-21 05:14:49', '2021-11-21 05:14:49'),
(219, 'fcb91c40-592f-42b4-bb76-825059cdb756', 3, '2021-11-26 06:30:28', '2021-11-26 06:30:28'),
(220, '5c81d72b-2ae8-4fa8-973a-393a927ade2c', 3, '2021-11-28 08:12:30', '2021-11-28 08:12:30'),
(221, '7d9a9d24-fd87-4b21-bd04-b0ba74aafc9e', 19, '2021-11-30 10:05:57', '2021-11-30 10:05:57'),
(222, '24511535-2b65-446d-9e57-30c04711bdd4', 1, '2021-11-30 12:00:31', '2021-11-30 12:00:31');

-- --------------------------------------------------------

--
-- Структура таблицы `slot_category_type`
--

CREATE TABLE `slot_category_type` (
  `id` bigint(20) UNSIGNED NOT NULL,
  `title` varchar(50) COLLATE utf8_unicode_ci DEFAULT NULL,
  `description` text COLLATE utf8_unicode_ci,
  `icon` varchar(50) COLLATE utf8_unicode_ci DEFAULT NULL,
  `bg_color` varchar(10) COLLATE utf8_unicode_ci DEFAULT NULL
) ENGINE=InnoDB DEFAULT CHARSET=utf8 COLLATE=utf8_unicode_ci COMMENT='Словарь категорий услуг';

--
-- Дамп данных таблицы `slot_category_type`
--

INSERT INTO `slot_category_type` (`id`, `title`, `description`, `icon`, `bg_color`) VALUES
(1, 'Персонал', 'Сотрудники клиники.', NULL, NULL),
(2, 'Размещение', 'Палаты и зоны отдыха клиники', NULL, NULL),
(3, 'Вид родов', 'Различные типы родовспоможения, в воду, кесарево и пр пр ', NULL, NULL),
(4, 'Дополнительные услуги', 'Фото видео и пр вещи которые может предоставить роддом', NULL, NULL);

-- --------------------------------------------------------

--
-- Структура таблицы `trimester`
--

CREATE TABLE `trimester` (
  `id` int(11) NOT NULL,
  `name` varchar(50) CHARACTER SET utf8 COLLATE utf8_unicode_ci NOT NULL,
  `title` varchar(50) CHARACTER SET utf32 COLLATE utf32_unicode_ci NOT NULL,
  `description` text CHARACTER SET utf8 COLLATE utf8_unicode_ci NOT NULL,
  `icon` varchar(150) CHARACTER SET utf8 COLLATE utf8_unicode_ci DEFAULT NULL,
  `bg_color` varchar(50) CHARACTER SET utf8 COLLATE utf8_unicode_ci DEFAULT NULL,
  `article_id` int(11) DEFAULT NULL
) ENGINE=InnoDB DEFAULT CHARSET=latin1;

--
-- Дамп данных таблицы `trimester`
--

INSERT INTO `trimester` (`id`, `name`, `title`, `description`, `icon`, `bg_color`, `article_id`) VALUES
(1, 'first', 'Первый триместер', '', NULL, NULL, NULL),
(2, 'second', 'Второй триместер', '', NULL, NULL, NULL),
(3, 'third', 'Третий триметр', '', NULL, NULL, NULL);

-- --------------------------------------------------------

--
-- Структура таблицы `users`
--

CREATE TABLE `users` (
  `id` bigint(20) UNSIGNED NOT NULL,
  `active` tinyint(1) NOT NULL DEFAULT '0',
  `login` varchar(50) COLLATE utf8_unicode_ci NOT NULL,
  `password` varchar(50) COLLATE utf8_unicode_ci DEFAULT NULL,
  `role` bigint(20) UNSIGNED NOT NULL,
  `activation` varchar(50) COLLATE utf8_unicode_ci DEFAULT NULL,
  `datetime_update` timestamp NOT NULL DEFAULT CURRENT_TIMESTAMP ON UPDATE CURRENT_TIMESTAMP,
  `datetime_create` timestamp NOT NULL DEFAULT CURRENT_TIMESTAMP
) ENGINE=InnoDB DEFAULT CHARSET=utf8 COLLATE=utf8_unicode_ci;

--
-- Дамп данных таблицы `users`
--

INSERT INTO `users` (`id`, `active`, `login`, `password`, `role`, `activation`, `datetime_update`, `datetime_create`) VALUES
(1, 1, 'admin', '21232f297a57a5a743894a0e4a801fc3', 7, NULL, '2021-08-23 16:55:02', '2021-08-16 20:35:44'),
(3, 1, 'guest', NULL, 1, NULL, '2021-08-23 16:55:08', '2021-08-17 12:52:34'),
(19, 1, 'EgorenkovOV', 'f9202cc7caf572f0c160379f17e325eb', 6, '55c6f51c-9992-4d77-9323-e6fa1562ad52', '2021-08-26 08:06:40', '2021-08-26 08:04:34');

--
-- Индексы сохранённых таблиц
--

--
-- Индексы таблицы `addresses`
--
ALTER TABLE `addresses`
  ADD PRIMARY KEY (`id`),
  ADD KEY `district` (`district`);

--
-- Индексы таблицы `birthtype`
--
ALTER TABLE `birthtype`
  ADD PRIMARY KEY (`id`);

--
-- Индексы таблицы `clinics`
--
ALTER TABLE `clinics`
  ADD PRIMARY KEY (`id`),
  ADD KEY `address_id` (`address_id`);

--
-- Индексы таблицы `clinic_specialities_containers`
--
ALTER TABLE `clinic_specialities_containers`
  ADD PRIMARY KEY (`id`);

--
-- Индексы таблицы `clinic_specialities_containers_repo`
--
ALTER TABLE `clinic_specialities_containers_repo`
  ADD PRIMARY KEY (`id`),
  ADD UNIQUE KEY `id` (`id`);

--
-- Индексы таблицы `clinic_specialities_type`
--
ALTER TABLE `clinic_specialities_type`
  ADD PRIMARY KEY (`id`);

--
-- Индексы таблицы `districts`
--
ALTER TABLE `districts`
  ADD PRIMARY KEY (`id`),
  ADD UNIQUE KEY `id` (`id`);

--
-- Индексы таблицы `doctors`
--
ALTER TABLE `doctors`
  ADD PRIMARY KEY (`id`),
  ADD KEY `category` (`category`),
  ADD KEY `position` (`position`);

--
-- Индексы таблицы `doctor_category_type`
--
ALTER TABLE `doctor_category_type`
  ADD PRIMARY KEY (`id`);

--
-- Индексы таблицы `doctor_position_type`
--
ALTER TABLE `doctor_position_type`
  ADD PRIMARY KEY (`id`);

--
-- Индексы таблицы `entity_type`
--
ALTER TABLE `entity_type`
  ADD PRIMARY KEY (`id`),
  ADD UNIQUE KEY `id` (`id`);

--
-- Индексы таблицы `facilities_containers`
--
ALTER TABLE `facilities_containers`
  ADD PRIMARY KEY (`id`);

--
-- Индексы таблицы `facilities_containers_repo`
--
ALTER TABLE `facilities_containers_repo`
  ADD PRIMARY KEY (`id`),
  ADD UNIQUE KEY `id` (`id`);

--
-- Индексы таблицы `facilities_type`
--
ALTER TABLE `facilities_type`
  ADD PRIMARY KEY (`id`);

--
-- Индексы таблицы `files`
--
ALTER TABLE `files`
  ADD PRIMARY KEY (`id`),
  ADD UNIQUE KEY `id` (`id`);

--
-- Индексы таблицы `images`
--
ALTER TABLE `images`
  ADD UNIQUE KEY `id` (`id`);

--
-- Индексы таблицы `orders`
--
ALTER TABLE `orders`
  ADD PRIMARY KEY (`id`),
  ADD UNIQUE KEY `id` (`id`),
  ADD KEY `user_id` (`user_id`),
  ADD KEY `refferer` (`refferer`),
  ADD KEY `status` (`status`),
  ADD KEY `session_id` (`session_id`);

--
-- Индексы таблицы `order_status_type`
--
ALTER TABLE `order_status_type`
  ADD UNIQUE KEY `slug` (`slug`);

--
-- Индексы таблицы `phones`
--
ALTER TABLE `phones`
  ADD PRIMARY KEY (`id`),
  ADD UNIQUE KEY `id` (`id`);

--
-- Индексы таблицы `phones_containers_repo`
--
ALTER TABLE `phones_containers_repo`
  ADD PRIMARY KEY (`id`),
  ADD UNIQUE KEY `id` (`id`);

--
-- Индексы таблицы `phone_containers`
--
ALTER TABLE `phone_containers`
  ADD PRIMARY KEY (`id`);

--
-- Индексы таблицы `roles`
--
ALTER TABLE `roles`
  ADD PRIMARY KEY (`id`),
  ADD UNIQUE KEY `id` (`id`),
  ADD UNIQUE KEY `slug` (`slug`);

--
-- Индексы таблицы `search`
--
ALTER TABLE `search`
  ADD UNIQUE KEY `hash` (`hash`);

--
-- Индексы таблицы `services`
--
ALTER TABLE `services`
  ADD PRIMARY KEY (`id`),
  ADD KEY `slot_category_type` (`slot_category_type`);

--
-- Индексы таблицы `services_containers_repo`
--
ALTER TABLE `services_containers_repo`
  ADD PRIMARY KEY (`id`),
  ADD UNIQUE KEY `id` (`id`);

--
-- Индексы таблицы `service_containers`
--
ALTER TABLE `service_containers`
  ADD PRIMARY KEY (`id`),
  ADD UNIQUE KEY `id` (`id`);

--
-- Индексы таблицы `service_slot`
--
ALTER TABLE `service_slot`
  ADD PRIMARY KEY (`id`),
  ADD UNIQUE KEY `id` (`id`),
  ADD KEY `entity_type` (`entity_type`),
  ADD KEY `slot_category_type` (`slot_category_type`),
  ADD KEY `service_id` (`service_id`);

--
-- Индексы таблицы `sessions`
--
ALTER TABLE `sessions`
  ADD PRIMARY KEY (`id`),
  ADD UNIQUE KEY `id` (`id`),
  ADD KEY `user_id` (`user_id`);

--
-- Индексы таблицы `slot_category_type`
--
ALTER TABLE `slot_category_type`
  ADD PRIMARY KEY (`id`);

--
-- Индексы таблицы `trimester`
--
ALTER TABLE `trimester`
  ADD PRIMARY KEY (`id`);

--
-- Индексы таблицы `users`
--
ALTER TABLE `users`
  ADD PRIMARY KEY (`id`),
  ADD UNIQUE KEY `id` (`id`),
  ADD KEY `role` (`role`);

--
-- AUTO_INCREMENT для сохранённых таблиц
--

--
-- AUTO_INCREMENT для таблицы `addresses`
--
ALTER TABLE `addresses`
  MODIFY `id` bigint(20) UNSIGNED NOT NULL AUTO_INCREMENT, AUTO_INCREMENT=35;

--
-- AUTO_INCREMENT для таблицы `birthtype`
--
ALTER TABLE `birthtype`
  MODIFY `id` int(11) NOT NULL AUTO_INCREMENT, AUTO_INCREMENT=8;

--
-- AUTO_INCREMENT для таблицы `clinics`
--
ALTER TABLE `clinics`
  MODIFY `id` int(11) NOT NULL AUTO_INCREMENT, AUTO_INCREMENT=35;

--
-- AUTO_INCREMENT для таблицы `clinic_specialities_containers`
--
ALTER TABLE `clinic_specialities_containers`
  MODIFY `id` int(11) NOT NULL AUTO_INCREMENT, AUTO_INCREMENT=9;

--
-- AUTO_INCREMENT для таблицы `clinic_specialities_containers_repo`
--
ALTER TABLE `clinic_specialities_containers_repo`
  MODIFY `id` bigint(20) UNSIGNED NOT NULL AUTO_INCREMENT, AUTO_INCREMENT=3;

--
-- AUTO_INCREMENT для таблицы `clinic_specialities_type`
--
ALTER TABLE `clinic_specialities_type`
  MODIFY `id` int(11) NOT NULL AUTO_INCREMENT, AUTO_INCREMENT=7;

--
-- AUTO_INCREMENT для таблицы `districts`
--
ALTER TABLE `districts`
  MODIFY `id` bigint(20) UNSIGNED NOT NULL AUTO_INCREMENT, AUTO_INCREMENT=10;

--
-- AUTO_INCREMENT для таблицы `doctors`
--
ALTER TABLE `doctors`
  MODIFY `id` int(11) NOT NULL AUTO_INCREMENT, AUTO_INCREMENT=89;

--
-- AUTO_INCREMENT для таблицы `doctor_category_type`
--
ALTER TABLE `doctor_category_type`
  MODIFY `id` bigint(20) UNSIGNED NOT NULL AUTO_INCREMENT, AUTO_INCREMENT=9;

--
-- AUTO_INCREMENT для таблицы `doctor_position_type`
--
ALTER TABLE `doctor_position_type`
  MODIFY `id` bigint(20) UNSIGNED NOT NULL AUTO_INCREMENT, AUTO_INCREMENT=6;

--
-- AUTO_INCREMENT для таблицы `entity_type`
--
ALTER TABLE `entity_type`
  MODIFY `id` bigint(20) UNSIGNED NOT NULL AUTO_INCREMENT, AUTO_INCREMENT=3;

--
-- AUTO_INCREMENT для таблицы `facilities_containers`
--
ALTER TABLE `facilities_containers`
  MODIFY `id` int(11) NOT NULL AUTO_INCREMENT, AUTO_INCREMENT=157;

--
-- AUTO_INCREMENT для таблицы `facilities_containers_repo`
--
ALTER TABLE `facilities_containers_repo`
  MODIFY `id` bigint(20) UNSIGNED NOT NULL AUTO_INCREMENT, AUTO_INCREMENT=6;

--
-- AUTO_INCREMENT для таблицы `facilities_type`
--
ALTER TABLE `facilities_type`
  MODIFY `id` int(11) NOT NULL AUTO_INCREMENT, AUTO_INCREMENT=15;

--
-- AUTO_INCREMENT для таблицы `files`
--
ALTER TABLE `files`
  MODIFY `id` bigint(20) UNSIGNED NOT NULL AUTO_INCREMENT, AUTO_INCREMENT=115;

--
-- AUTO_INCREMENT для таблицы `images`
--
ALTER TABLE `images`
  MODIFY `id` bigint(20) UNSIGNED NOT NULL AUTO_INCREMENT, AUTO_INCREMENT=115;

--
-- AUTO_INCREMENT для таблицы `orders`
--
ALTER TABLE `orders`
  MODIFY `id` bigint(20) UNSIGNED NOT NULL AUTO_INCREMENT, AUTO_INCREMENT=47;

--
-- AUTO_INCREMENT для таблицы `phones`
--
ALTER TABLE `phones`
  MODIFY `id` bigint(20) UNSIGNED NOT NULL AUTO_INCREMENT, AUTO_INCREMENT=7;

--
-- AUTO_INCREMENT для таблицы `phones_containers_repo`
--
ALTER TABLE `phones_containers_repo`
  MODIFY `id` bigint(20) UNSIGNED NOT NULL AUTO_INCREMENT, AUTO_INCREMENT=17;

--
-- AUTO_INCREMENT для таблицы `phone_containers`
--
ALTER TABLE `phone_containers`
  MODIFY `id` int(11) NOT NULL AUTO_INCREMENT, AUTO_INCREMENT=81;

--
-- AUTO_INCREMENT для таблицы `roles`
--
ALTER TABLE `roles`
  MODIFY `id` bigint(20) UNSIGNED NOT NULL AUTO_INCREMENT, AUTO_INCREMENT=8;

--
-- AUTO_INCREMENT для таблицы `services`
--
ALTER TABLE `services`
  MODIFY `id` int(11) NOT NULL AUTO_INCREMENT, AUTO_INCREMENT=9;

--
-- AUTO_INCREMENT для таблицы `services_containers_repo`
--
ALTER TABLE `services_containers_repo`
  MODIFY `id` bigint(20) UNSIGNED NOT NULL AUTO_INCREMENT, AUTO_INCREMENT=7;

--
-- AUTO_INCREMENT для таблицы `service_containers`
--
ALTER TABLE `service_containers`
  MODIFY `id` bigint(20) UNSIGNED NOT NULL AUTO_INCREMENT, AUTO_INCREMENT=50;

--
-- AUTO_INCREMENT для таблицы `service_slot`
--
ALTER TABLE `service_slot`
  MODIFY `id` bigint(20) UNSIGNED NOT NULL AUTO_INCREMENT, AUTO_INCREMENT=433;

--
-- AUTO_INCREMENT для таблицы `sessions`
--
ALTER TABLE `sessions`
  MODIFY `id` bigint(20) UNSIGNED NOT NULL AUTO_INCREMENT, AUTO_INCREMENT=223;

--
-- AUTO_INCREMENT для таблицы `slot_category_type`
--
ALTER TABLE `slot_category_type`
  MODIFY `id` bigint(20) UNSIGNED NOT NULL AUTO_INCREMENT, AUTO_INCREMENT=5;

--
-- AUTO_INCREMENT для таблицы `trimester`
--
ALTER TABLE `trimester`
  MODIFY `id` int(11) NOT NULL AUTO_INCREMENT, AUTO_INCREMENT=4;

--
-- AUTO_INCREMENT для таблицы `users`
--
ALTER TABLE `users`
  MODIFY `id` bigint(20) UNSIGNED NOT NULL AUTO_INCREMENT, AUTO_INCREMENT=20;

--
-- Ограничения внешнего ключа сохраненных таблиц
--

--
-- Ограничения внешнего ключа таблицы `addresses`
--
ALTER TABLE `addresses`
  ADD CONSTRAINT `addresses_ibfk_1` FOREIGN KEY (`district`) REFERENCES `districts` (`id`);

--
-- Ограничения внешнего ключа таблицы `clinics`
--
ALTER TABLE `clinics`
  ADD CONSTRAINT `clinics_ibfk_1` FOREIGN KEY (`address_id`) REFERENCES `addresses` (`id`);

--
-- Ограничения внешнего ключа таблицы `doctors`
--
ALTER TABLE `doctors`
  ADD CONSTRAINT `doctors_ibfk_1` FOREIGN KEY (`category`) REFERENCES `doctor_category_type` (`id`),
  ADD CONSTRAINT `doctors_ibfk_2` FOREIGN KEY (`position`) REFERENCES `doctor_position_type` (`id`);

--
-- Ограничения внешнего ключа таблицы `orders`
--
ALTER TABLE `orders`
  ADD CONSTRAINT `orders_ibfk_1` FOREIGN KEY (`user_id`) REFERENCES `users` (`id`),
  ADD CONSTRAINT `orders_ibfk_2` FOREIGN KEY (`refferer`) REFERENCES `users` (`id`),
  ADD CONSTRAINT `orders_ibfk_3` FOREIGN KEY (`status`) REFERENCES `order_status_type` (`slug`),
  ADD CONSTRAINT `orders_ibfk_4` FOREIGN KEY (`session_id`) REFERENCES `sessions` (`id`);

--
-- Ограничения внешнего ключа таблицы `services`
--
ALTER TABLE `services`
  ADD CONSTRAINT `services_ibfk_1` FOREIGN KEY (`slot_category_type`) REFERENCES `slot_category_type` (`id`);

--
-- Ограничения внешнего ключа таблицы `service_slot`
--
ALTER TABLE `service_slot`
  ADD CONSTRAINT `service_slot_ibfk_1` FOREIGN KEY (`entity_type`) REFERENCES `entity_type` (`id`),
  ADD CONSTRAINT `service_slot_ibfk_2` FOREIGN KEY (`slot_category_type`) REFERENCES `slot_category_type` (`id`);

--
-- Ограничения внешнего ключа таблицы `sessions`
--
ALTER TABLE `sessions`
  ADD CONSTRAINT `sessions_ibfk_1` FOREIGN KEY (`user_id`) REFERENCES `users` (`id`);

--
-- Ограничения внешнего ключа таблицы `users`
--
ALTER TABLE `users`
  ADD CONSTRAINT `users_ibfk_1` FOREIGN KEY (`role`) REFERENCES `roles` (`id`);
COMMIT;

/*!40101 SET CHARACTER_SET_CLIENT=@OLD_CHARACTER_SET_CLIENT */;
/*!40101 SET CHARACTER_SET_RESULTS=@OLD_CHARACTER_SET_RESULTS */;
/*!40101 SET COLLATION_CONNECTION=@OLD_COLLATION_CONNECTION */;
