-- phpMyAdmin SQL Dump
-- version 5.2.1
-- https://www.phpmyadmin.net/
--
-- Хост: 185.178.46.248
-- Время создания: Янв 06 2024 г., 12:22
-- Версия сервера: 8.0.35-0ubuntu0.20.04.1
-- Версия PHP: 8.2.13

SET SQL_MODE = "NO_AUTO_VALUE_ON_ZERO";
START TRANSACTION;
SET time_zone = "+00:00";


/*!40101 SET @OLD_CHARACTER_SET_CLIENT=@@CHARACTER_SET_CLIENT */;
/*!40101 SET @OLD_CHARACTER_SET_RESULTS=@@CHARACTER_SET_RESULTS */;
/*!40101 SET @OLD_COLLATION_CONNECTION=@@COLLATION_CONNECTION */;
/*!40101 SET NAMES utf8mb4 */;

--
-- База данных: `birthhelper`
--

-- --------------------------------------------------------

--
-- Структура таблицы `birthtype`
--

CREATE TABLE `birthtype` (
  `id` int NOT NULL,
  `icon` varchar(50) COLLATE utf8mb3_unicode_ci DEFAULT NULL,
  `title` varchar(50) COLLATE utf8mb3_unicode_ci DEFAULT NULL,
  `description` text COLLATE utf8mb3_unicode_ci,
  `description_ext1` text COLLATE utf8mb3_unicode_ci,
  `description_ext2` text COLLATE utf8mb3_unicode_ci,
  `advantage` text COLLATE utf8mb3_unicode_ci,
  `lack` text COLLATE utf8mb3_unicode_ci,
  `motivator` varchar(150) COLLATE utf8mb3_unicode_ci DEFAULT NULL,
  `bg_color` varchar(10) COLLATE utf8mb3_unicode_ci DEFAULT NULL,
  `image_id` bigint UNSIGNED DEFAULT NULL
) ENGINE=InnoDB DEFAULT CHARSET=utf8mb3 COLLATE=utf8mb3_unicode_ci COMMENT='Виды родов';

--
-- Дамп данных таблицы `birthtype`
--

INSERT INTO `birthtype` (`id`, `icon`, `title`, `description`, `description_ext1`, `description_ext2`, `advantage`, `lack`, `motivator`, `bg_color`, `image_id`) VALUES
(1, NULL, 'Естественные', 'Естественные роды проходят в три последовательных этапа — период схваток, затем потуги и отхождение последа. Вариантов проведения всех этих трех этапов много, равно как и подходов к появлению на свет крохи. Все это разработано для того, чтобы облегчить родовой процесс матери и сделать рождение малыша максимально естественным, быстрым и легким. \n\nПреимущества\n\nМедицинский контроль за вашим состоянием.\nТщательный контроль за состоянием плода.\nВозможность экстренной медицинской помощи.\nПрисутствие педиатра на родах.\nСоблюдение санитарно-гигиенических норм.\nНедостатки\n\nНепривычная обстановка.\nИногда необоснованное назначение лекарств.', NULL, NULL, 'Тест преимуществ', 'Тест недостатков', NULL, NULL, 9),
(2, NULL, 'Кесарево сечение', 'Кесарево сечение выполняется в экстренных случаях или по следующим показаниям:\n\nЖизнь плода находится под угрозой. Например, врач определил замедленное сердцебиение или нестабильную работу органа, выделение первородного канала (разрыв плодного пузыря) и пр.;\nСуществует риск для жизни женщины, например, открывшееся кровотечение, высокое давление;\nНаблюдается механическое препятствие, не позволяющее плоду родиться: большой вес, искривление&#x2F;узкие родовые пути. Физиологические особенности таза девушки определяется гинекологом на этапе постановки на учет. Если размеры таза слишком узкие, беременность строго контролируется;\nСлабая родовая деятельность (слабые схватки, их отсутствие, плод не передвигается по родовым путям);\nЕсли предыдущие роды проходили при хирургическом вмешательстве, то повторные проводятся аналогично;\nПредлежание плаценты – состояние, при котором к выходу предлежит не голова&#x2F;таз малыша, а плацента;\nТазовое или поперечное предлежание плода;\nНаличие заболеваний у женщины, например, киста;\nГенитальный герпес, кондиломы;\nНаличие заболеваний (повышенный сахар в крови, плохое зрение и пр.);\nКесарево сечение также проводится, если мать вынашивает два и более плода;\nВИЧ-инфекция также служит показанием к проведению операции.\nПреимущества и недостатки кесарева сечения\nКесарево сечение имеет ряд плюсов, к которым относятся:\n\nОтсутствие осложнений для женского организма, которые возможны при обычных родах.\nРоженица во процессе родов не испытывает боли. Однако, женщина подвержена паническому страху, что в негативном ключе воздействует на психологическое состояние.\nТак как механическое давление на промежность отсутствует, не наблюдается разрывов, которые являются частыми спутниками обычных родов.\nИсключены риски образования геморроя.\nТакже этот вид хирургического вмешательства имеет ряд недостатков:\n\nПосле операции, когда действие анестетиков сходит на нет, женщина испытывает сильные болезненные ощущения.\nОтносительно длительное восстановление.\nМама не имеет возможности быть рядом с малышом, так как поднимать тяжелое запрещено.\nВ некоторых случаях возможна потеря психоэмоциональной связи с ребенком.\nПосле операции не рекомендуется интимная близость в течение нескольких месяцев.\nПри повторной беременности естественные роды исключены.\nПослеродовая депрессия в острой форме.', NULL, NULL, NULL, NULL, NULL, NULL, NULL),
(3, NULL, 'Мягкие', 'В развитии методики максимальной естественности при традиционных родах многие акушеры пошли далее обычной комфортной палаты и индивидуального родзала. Так появилась методика Лебойе или мягкие, комфортные роды. В них создается особая атмосфера, предрасполагающая к снятию стресса и расслаблению, приглушается свет, звук и создаются особые духовные «матрицы», подчеркиваются естественные связи матери и только что рожденного ребенка. Умиротворяющая музыка, мягкий теплый свет помогают сделать встречу младенца с мамой особенной и незабываемой, чтобы кроха не ощущал родового стресса.', NULL, NULL, NULL, NULL, NULL, NULL, NULL),
(5, NULL, 'В воде', 'Основа метода в том, что вода изменяет вес тела и ощущения, что уменьшает неприятные ощущения от схваток, расслабляет, снижает напряжение и облегчает боль. За счет воды происходит облегчение схваток, они легче переносятся, вода проводит своеобразный массаж тела, помогает снять напряжение. Если же в воде происходят и роды, считается, что ребенок попадает в более естественную для него среду, аналогичную той, что окружала его все предыдущее время. От этого родовой стресс для него не такой тяжелый.', NULL, NULL, NULL, NULL, NULL, NULL, NULL),
(7, NULL, 'Вертикальные', 'При вертикальных родах процесс схваток аналогичен естественным традиционным родам. Но сами потуги проводятся в положении женщины на коленях или коленно-локтевой позиции, либо сидя на специальном стульчике с выемкой посередине. Это помогает ребенку проще родиться за счет силы тяжести, влияющей на родовые пути. Потуги проходят быстрее, кроха рождается несколько проще.\n\nПреимущества\n\nРоженица ощущает меньший дискомфорт.\nЛегче тужиться.\nУменьшается боль.\nУменьшается продолжительность второго периода родов.\nУ ребенка снижается количество внутричерепных травм.\nНедостатки\n\nВрачам неудобно наблюдать за процессом, поэтому чаще случаются глубокие разрывы промежности.\nТрудно проводить наблюдение за состоянием плода.\nДля проведения родов в вертикальном положении требуются специальные кровати.', NULL, NULL, NULL, NULL, NULL, NULL, NULL);

-- --------------------------------------------------------

--
-- Структура таблицы `bot_messages`
--

CREATE TABLE `bot_messages` (
  `id` bigint UNSIGNED NOT NULL,
  `type` varchar(50) CHARACTER SET utf8mb3 COLLATE utf8mb3_unicode_ci NOT NULL DEFAULT 'telegram',
  `title` varchar(150) COLLATE utf8mb3_unicode_ci NOT NULL,
  `text` text COLLATE utf8mb3_unicode_ci NOT NULL,
  `status` varchar(50) COLLATE utf8mb3_unicode_ci NOT NULL DEFAULT 'pending',
  `datetime_create` timestamp NOT NULL DEFAULT CURRENT_TIMESTAMP,
  `datetime_update` timestamp NOT NULL DEFAULT CURRENT_TIMESTAMP ON UPDATE CURRENT_TIMESTAMP
) ENGINE=InnoDB DEFAULT CHARSET=utf8mb3 COLLATE=utf8mb3_unicode_ci;

--
-- Дамп данных таблицы `bot_messages`
--

INSERT INTO `bot_messages` (`id`, `type`, `title`, `text`, `status`, `datetime_create`, `datetime_update`) VALUES
(1, 'telegram', 'Тест1', '', 'pending', '2023-11-25 21:07:33', '2023-11-25 21:07:33'),
(2, 'telegram', 'Тест2', '', 'pending', '2023-11-25 21:07:33', '2023-11-25 21:07:33'),
(3, 'telegram', 'Отправлено', '', 'completed', '2023-11-25 21:08:08', '2023-11-25 21:08:08'),
(4, 'telegram', 'Ошибка в отправке', '', 'error', '2023-11-25 21:08:08', '2023-11-25 21:08:08');

-- --------------------------------------------------------

--
-- Структура таблицы `bot_messages_status_type`
--

CREATE TABLE `bot_messages_status_type` (
  `id` bigint UNSIGNED NOT NULL,
  `title` varchar(50) CHARACTER SET utf8mb3 COLLATE utf8mb3_unicode_ci NOT NULL,
  `slug` varchar(20) CHARACTER SET utf8mb3 COLLATE utf8mb3_unicode_ci NOT NULL,
  `comment` text CHARACTER SET utf8mb3 COLLATE utf8mb3_unicode_ci NOT NULL
) ENGINE=InnoDB DEFAULT CHARSET=utf8mb3 COLLATE=utf8mb3_unicode_ci COMMENT='Тип сущности';

--
-- Дамп данных таблицы `bot_messages_status_type`
--

INSERT INTO `bot_messages_status_type` (`id`, `title`, `slug`, `comment`) VALUES
(1, 'Ожидает', 'pending', ''),
(2, 'Доставка', 'sending', ''),
(3, 'Ошибка', 'error', ''),
(4, 'Повтор отправки', 'reply', ''),
(5, 'Доставлен', 'completed', ''),
(6, 'Отменен', 'cancelled', '');

-- --------------------------------------------------------

--
-- Структура таблицы `bot_messages_type_type`
--

CREATE TABLE `bot_messages_type_type` (
  `id` bigint UNSIGNED NOT NULL,
  `title` varchar(50) CHARACTER SET utf8mb3 COLLATE utf8mb3_unicode_ci NOT NULL,
  `slug` varchar(20) CHARACTER SET utf8mb3 COLLATE utf8mb3_unicode_ci NOT NULL,
  `comment` text CHARACTER SET utf8mb3 COLLATE utf8mb3_unicode_ci NOT NULL
) ENGINE=InnoDB DEFAULT CHARSET=utf8mb3 COLLATE=utf8mb3_unicode_ci COMMENT='Тип сущности';

--
-- Дамп данных таблицы `bot_messages_type_type`
--

INSERT INTO `bot_messages_type_type` (`id`, `title`, `slug`, `comment`) VALUES
(1, 'Telegram', 'telegram', 'Отправка в канал бота телеграмм');

-- --------------------------------------------------------

--
-- Структура таблицы `clinics`
--

CREATE TABLE `clinics` (
  `id` int NOT NULL,
  `contragent` bigint UNSIGNED DEFAULT NULL,
  `status_iho` tinyint(1) DEFAULT NULL,
  `has_oms` tinyint(1) DEFAULT NULL,
  `has_dms` tinyint(1) DEFAULT NULL,
  `has_reanimation` tinyint(1) DEFAULT NULL,
  `stat_male` int DEFAULT '0',
  `stat_female` int NOT NULL DEFAULT '0',
  `foreign_service` tinyint(1) DEFAULT NULL,
  `mom_with_baby` tinyint(1) DEFAULT NULL,
  `free_meets` tinyint(1) DEFAULT NULL,
  `facilities_type` int DEFAULT NULL,
  `specialities_type` int DEFAULT NULL
) ENGINE=InnoDB DEFAULT CHARSET=utf8mb3 COLLATE=utf8mb3_unicode_ci;

--
-- Дамп данных таблицы `clinics`
--

INSERT INTO `clinics` (`id`, `contragent`, `status_iho`, `has_oms`, `has_dms`, `has_reanimation`, `stat_male`, `stat_female`, `foreign_service`, `mom_with_baby`, `free_meets`, `facilities_type`, `specialities_type`) VALUES
(2, 2, NULL, 1, 1, 1, 645, 666, NULL, 1, 1, 1, 1),
(3, 3, 1, 1, 1, NULL, 777, 666, NULL, 1, NULL, 1, 2),
(4, 4, NULL, 1, 1, NULL, 777, 666, NULL, 1, NULL, 1, 1),
(5, 5, NULL, NULL, NULL, NULL, 0, 0, NULL, NULL, NULL, 1, 1),
(6, 6, NULL, NULL, NULL, NULL, 0, 0, NULL, NULL, NULL, 1, 1),
(7, 7, 1, 1, 1, 1, 777, 666, NULL, 1, 1, 1, 1),
(8, 8, 1, 1, 1, NULL, 777, 666, NULL, 1, NULL, 1, 1),
(9, 9, 1, 1, 1, 1, 777, 666, NULL, 1, NULL, 1, 1),
(10, 10, NULL, 1, 1, 1, 777, 666, NULL, NULL, NULL, 1, 1),
(11, 11, NULL, 1, 1, 1, 777, 666, NULL, 1, 1, 1, 1),
(12, 12, NULL, 1, 1, NULL, 777, 666, NULL, NULL, NULL, 1, 1),
(13, 13, 1, 1, 1, 0, 777, 666, NULL, 1, NULL, 1, 1),
(14, 14, 1, 1, 1, 1, 777, 666, NULL, 1, NULL, 1, 1),
(15, 15, NULL, 1, 1, 1, 777, 666, NULL, 1, 1, 1, 1),
(18, 18, NULL, 1, 1, 1, 777, 666, NULL, 1, 1, 1, 1),
(19, 19, NULL, 1, 1, 0, 777, 666, NULL, NULL, NULL, 1, 1),
(20, 20, 1, 1, 1, NULL, 777, 666, NULL, 1, 0, 1, 1),
(21, 21, NULL, NULL, NULL, NULL, 0, 0, NULL, NULL, NULL, 1, 2),
(22, 22, NULL, NULL, NULL, NULL, 0, 0, NULL, NULL, NULL, 1, 2),
(23, 23, 1, 1, 1, 1, 777, 666, NULL, 1, NULL, 1, 1),
(24, 24, NULL, NULL, NULL, NULL, 0, 0, NULL, NULL, NULL, 1, 2),
(25, 25, 1, 1, 1, 1, 777, 666, NULL, 1, 1, 1, 1),
(26, 26, 1, 1, 1, 1, 777, 666, NULL, 1, 1, 1, 1),
(27, 27, 1, 1, 1, 0, 777, 666, NULL, 1, NULL, 1, 1),
(28, 28, NULL, NULL, NULL, NULL, 0, 0, NULL, NULL, NULL, 1, 2),
(29, 29, 1, 1, 1, NULL, 777, 666, NULL, 1, NULL, 1, 1),
(30, 30, NULL, 1, 1, 1, 777, 666, NULL, NULL, NULL, 1, 1),
(32, 32, NULL, 1, 1, NULL, 777, 666, NULL, 1, NULL, 1, 1),
(33, 33, NULL, 1, 1, 1, 777, 666, NULL, NULL, NULL, 1, 1),
(34, 34, NULL, NULL, NULL, NULL, 0, 0, NULL, NULL, NULL, 1, 1),
(35, 1, NULL, NULL, NULL, NULL, 0, 0, NULL, NULL, NULL, 1, 1),
(36, 49, 0, 1, 1, 1, 342, 421, NULL, 1, 1, 1, 1);

-- --------------------------------------------------------

--
-- Структура таблицы `clinic_specialities_containers`
--

CREATE TABLE `clinic_specialities_containers` (
  `id` int NOT NULL,
  `container_id` int NOT NULL,
  `speciality_id` int NOT NULL,
  `overrided_title` varchar(50) COLLATE utf8mb3_unicode_ci DEFAULT NULL,
  `overrided_description` text COLLATE utf8mb3_unicode_ci,
  `comment` text COLLATE utf8mb3_unicode_ci
) ENGINE=InnoDB DEFAULT CHARSET=utf8mb3 COLLATE=utf8mb3_unicode_ci;

--
-- Дамп данных таблицы `clinic_specialities_containers`
--

INSERT INTO `clinic_specialities_containers` (`id`, `container_id`, `speciality_id`, `overrided_title`, `overrided_description`, `comment`) VALUES
(1, 1, 2, NULL, NULL, NULL),
(2, 1, 1, NULL, NULL, NULL),
(3, 1, 3, NULL, NULL, NULL),
(4, 1, 4, NULL, NULL, NULL),
(5, 1, 5, NULL, NULL, NULL),
(6, 1, 6, NULL, NULL, NULL);

-- --------------------------------------------------------

--
-- Структура таблицы `clinic_specialities_containers_repo`
--

CREATE TABLE `clinic_specialities_containers_repo` (
  `id` bigint UNSIGNED NOT NULL,
  `title` varchar(50) COLLATE utf8mb3_unicode_ci DEFAULT NULL,
  `description` text COLLATE utf8mb3_unicode_ci,
  `comment` text COLLATE utf8mb3_unicode_ci
) ENGINE=InnoDB DEFAULT CHARSET=utf8mb3 COLLATE=utf8mb3_unicode_ci;

--
-- Дамп данных таблицы `clinic_specialities_containers_repo`
--

INSERT INTO `clinic_specialities_containers_repo` (`id`, `title`, `description`, `comment`) VALUES
(1, 'Полная', 'Все специализации в одном месте', NULL);

-- --------------------------------------------------------

--
-- Структура таблицы `clinic_specialities_type`
--

CREATE TABLE `clinic_specialities_type` (
  `id` int NOT NULL,
  `icon` varchar(50) CHARACTER SET utf8mb3 COLLATE utf8mb3_unicode_ci DEFAULT NULL,
  `title` varchar(50) CHARACTER SET utf8mb3 COLLATE utf8mb3_unicode_ci DEFAULT NULL,
  `description` text CHARACTER SET utf8mb3 COLLATE utf8mb3_unicode_ci,
  `bg_color` varchar(10) CHARACTER SET utf8mb3 COLLATE utf8mb3_unicode_ci DEFAULT NULL
) ENGINE=InnoDB DEFAULT CHARSET=latin1;

--
-- Дамп данных таблицы `clinic_specialities_type`
--

INSERT INTO `clinic_specialities_type` (`id`, `icon`, `title`, `description`, `bg_color`) VALUES
(1, NULL, 'Инфекционные заболевания ', '(в том числе гепатиты, капельные инфекции)', NULL),
(2, NULL, 'Заболевания крови AB0- и Rh- сенсибилизация', NULL, NULL),
(3, NULL, 'Патология мочевыводящей системы', NULL, NULL),
(4, NULL, 'Заболевания сердечнососудистой системы', NULL, NULL),
(5, NULL, 'Патология сосудов', NULL, NULL),
(6, NULL, 'Сахарный диабет', NULL, NULL);

-- --------------------------------------------------------

--
-- Структура таблицы `comments`
--

CREATE TABLE `comments` (
  `id` bigint UNSIGNED NOT NULL,
  `text` text CHARACTER SET utf8mb3 COLLATE utf8mb3_unicode_ci NOT NULL,
  `feedback_id` bigint UNSIGNED NOT NULL,
  `comment_id` bigint UNSIGNED DEFAULT NULL,
  `user_id` bigint UNSIGNED NOT NULL,
  `status` varchar(20) COLLATE utf8mb3_unicode_ci NOT NULL DEFAULT 'pending',
  `type` varchar(20) COLLATE utf8mb3_unicode_ci NOT NULL,
  `datetime_create` timestamp NOT NULL DEFAULT CURRENT_TIMESTAMP,
  `datetime_update` timestamp NOT NULL DEFAULT CURRENT_TIMESTAMP ON UPDATE CURRENT_TIMESTAMP
) ENGINE=InnoDB DEFAULT CHARSET=utf8mb3 COLLATE=utf8mb3_unicode_ci;

--
-- Дамп данных таблицы `comments`
--

INSERT INTO `comments` (`id`, `text`, `feedback_id`, `comment_id`, `user_id`, `status`, `type`, `datetime_create`, `datetime_update`) VALUES
(1, 'пвавыа', 6, NULL, 1, 'approved', 'reply', '2023-07-17 13:51:19', '2023-07-19 13:36:14'),
(4, 'ret', 28, NULL, 1, 'branched', 'reply', '2023-07-18 20:18:41', '2023-07-19 14:16:35'),
(5, 'return', 28, NULL, 1, 'branched', 'master', '2023-07-19 14:16:35', '2023-07-19 14:27:06'),
(6, 'test', 28, NULL, 1, 'approved', 'master', '2023-07-19 14:27:06', '2023-07-19 14:27:06'),
(7, 'sadasdasd', 30, NULL, 1, 'approved', 'master', '2023-08-01 13:02:09', '2023-08-01 13:02:09'),
(8, 'Мой первый отзыв о ХЗ какой клинике)', 58, NULL, 19, 'approved', 'master', '2023-09-09 19:38:57', '2023-09-09 19:38:57'),
(21, 'Рад что вам понравилось )', 58, 8, 1, 'official', 'reply', '2023-12-26 14:20:03', '2023-12-26 14:20:03'),
(27, 'Рад что вам понравилось )2', 58, 8, 20, 'approved', 'reply', '2023-12-26 14:20:03', '2023-12-26 14:20:03');

-- --------------------------------------------------------

--
-- Структура таблицы `comment_status_type`
--

CREATE TABLE `comment_status_type` (
  `id` bigint UNSIGNED NOT NULL,
  `title` varchar(50) CHARACTER SET utf8mb3 COLLATE utf8mb3_unicode_ci NOT NULL,
  `slug` varchar(20) CHARACTER SET utf8mb3 COLLATE utf8mb3_unicode_ci NOT NULL,
  `comment` text CHARACTER SET utf8mb3 COLLATE utf8mb3_unicode_ci NOT NULL
) ENGINE=InnoDB DEFAULT CHARSET=utf8mb3 COLLATE=utf8mb3_unicode_ci COMMENT='Тип сущности';

--
-- Дамп данных таблицы `comment_status_type`
--

INSERT INTO `comment_status_type` (`id`, `title`, `slug`, `comment`) VALUES
(1, 'Ожидает модерации', 'pending', ''),
(2, 'Одобрен', 'approved', ''),
(3, 'Доверен', 'verified', ''),
(4, 'Заблокирован', 'blocked', ''),
(5, 'Не одобрен', 'reject', ''),
(6, 'Официальный ответ', 'official', ''),
(7, 'Удален(неактивен)', 'deleted', 'Система не удаляет действие из базы а только помечает его как удаленный'),
(8, ' Отредактирован', 'branched', '');

-- --------------------------------------------------------

--
-- Структура таблицы `comment_type`
--

CREATE TABLE `comment_type` (
  `id` bigint UNSIGNED NOT NULL,
  `title` varchar(50) CHARACTER SET utf8mb3 COLLATE utf8mb3_unicode_ci NOT NULL,
  `slug` varchar(20) CHARACTER SET utf8mb3 COLLATE utf8mb3_unicode_ci NOT NULL,
  `comment` text CHARACTER SET utf8mb3 COLLATE utf8mb3_unicode_ci NOT NULL
) ENGINE=InnoDB DEFAULT CHARSET=utf8mb3 COLLATE=utf8mb3_unicode_ci COMMENT='Тип сущности';

--
-- Дамп данных таблицы `comment_type`
--

INSERT INTO `comment_type` (`id`, `title`, `slug`, `comment`) VALUES
(1, 'Главный комментарий', 'master', ''),
(3, 'Ответ', 'reply', '');

-- --------------------------------------------------------

--
-- Структура таблицы `consultation`
--

CREATE TABLE `consultation` (
  `id` int NOT NULL,
  `contragent` bigint UNSIGNED DEFAULT NULL,
  `avo` tinyint(1) DEFAULT NULL,
  `anemy` tinyint(1) DEFAULT NULL,
  `anomaly_evolution` tinyint(1) DEFAULT NULL,
  `gestos` tinyint(1) DEFAULT NULL,
  `foreign_service` tinyint(1) DEFAULT NULL,
  `hypoxy` tinyint(1) DEFAULT NULL,
  `mioms` tinyint(1) DEFAULT NULL,
  `onko` tinyint(1) DEFAULT NULL,
  `home_visit` tinyint(1) DEFAULT NULL
) ENGINE=InnoDB DEFAULT CHARSET=utf8mb3 COLLATE=utf8mb3_unicode_ci;

--
-- Дамп данных таблицы `consultation`
--

INSERT INTO `consultation` (`id`, `contragent`, `avo`, `anemy`, `anomaly_evolution`, `gestos`, `foreign_service`, `hypoxy`, `mioms`, `onko`, `home_visit`) VALUES
(24, 37, 1, 1, 1, 1, NULL, 1, 1, 1, 1),
(25, 36, 1, 1, 1, 1, NULL, 1, 1, 1, 1),
(27, 39, 1, 1, 1, 1, NULL, 1, 1, 1, 1),
(31, 1, NULL, NULL, NULL, NULL, NULL, NULL, NULL, NULL, NULL),
(32, 52, 1, 1, 1, 1, NULL, 1, 1, 1, 1),
(33, 53, NULL, NULL, NULL, NULL, NULL, NULL, NULL, NULL, 1),
(34, 54, 1, NULL, NULL, NULL, NULL, NULL, NULL, NULL, 1),
(35, 54, 1, 1, NULL, NULL, NULL, NULL, NULL, NULL, 1),
(36, 55, 1, 1, NULL, NULL, NULL, NULL, NULL, NULL, NULL),
(37, 56, 1, 1, 1, 1, NULL, 1, NULL, NULL, 1),
(38, 58, NULL, NULL, NULL, NULL, NULL, NULL, NULL, NULL, 1),
(39, 59, NULL, NULL, NULL, NULL, NULL, NULL, NULL, NULL, NULL),
(40, 60, NULL, NULL, NULL, NULL, NULL, NULL, NULL, NULL, 1),
(41, 61, NULL, NULL, NULL, NULL, NULL, NULL, NULL, NULL, 1),
(42, 26, NULL, NULL, NULL, NULL, NULL, NULL, NULL, NULL, NULL);

-- --------------------------------------------------------

--
-- Структура таблицы `contragents`
--

CREATE TABLE `contragents` (
  `id` bigint UNSIGNED NOT NULL,
  `active` tinyint(1) DEFAULT '1',
  `address_str` text COLLATE utf8mb3_unicode_ci NOT NULL,
  `city` varchar(150) COLLATE utf8mb3_unicode_ci NOT NULL,
  `country` varchar(150) COLLATE utf8mb3_unicode_ci NOT NULL,
  `position_lat` float NOT NULL,
  `position_lon` float NOT NULL,
  `phone_container_id` int DEFAULT NULL,
  `title` varchar(50) COLLATE utf8mb3_unicode_ci NOT NULL,
  `description` mediumtext COLLATE utf8mb3_unicode_ci,
  `image_id` bigint UNSIGNED DEFAULT NULL,
  `licence` varchar(150) COLLATE utf8mb3_unicode_ci DEFAULT NULL,
  `section_clinic` tinyint(1) NOT NULL DEFAULT '0',
  `section_consultation` tinyint(1) NOT NULL DEFAULT '0'
) ENGINE=InnoDB DEFAULT CHARSET=utf8mb3 COLLATE=utf8mb3_unicode_ci;

--
-- Дамп данных таблицы `contragents`
--

INSERT INTO `contragents` (`id`, `active`, `address_str`, `city`, `country`, `position_lat`, `position_lon`, `phone_container_id`, `title`, `description`, `image_id`, `licence`, `section_clinic`, `section_consultation`) VALUES
(1, 1, 'г Москва, ул Верхняя Первомайская, д 57', 'Москва', 'Россия', 55.7998, 37.8021, 14, 'Родильный дом №20 филиал ГКБ им. Д.Д.Плетнёва', 'Родильный дом городской клинической больницы имени Д.Д. Плетнёва – одно из ведущих медицинских учреждений столицы, где получают помощь женщины и новорожденные малыши. После полной реконструкции роддома, которая длилась целых девять лет, клинику можно по праву назвать современной, комфортной и отлично оснащенной. Ведение беременности и роды проходят здесь под наблюдением опытных врачей акушеров-гинекологов. ', 29, 'ЛО-77-01-012-830', 1, 1),
(2, 1, 'г Москва, ул Вешняковская, д 23', 'Москва', 'Россия', 55.7308, 37.8335, 14, 'Родильный дом ГКБ №15 им. О.М. Филатова', 'Родильный дом ГКБ №15 им. О.М. Филатова – неотъемлемая часть крупнейшей многопрофильной больницы Москвы с ее возможностями: специалистами различных профилей и доступностью ультразвукового, рентгенологического обследований и лабораторных исследований.\n\nРоддом славится современными подходами в акушерстве и гинекологии. Например, именно здесь впервые была внедрена практика совместного пребывания матери и ребенка.\n\nПосле того, как в 2010 году роддом ГКБ №15 был открыт после масштабной реконструкции, это прекрасно оснащенный акушерский стационар, где женщины и их малыши получают плановую и экстренную акушерскую помощь.', 145, NULL, 1, 0),
(3, 1, 'г Москва, ул Фортунатовская, д 1 к 2', 'Москва', 'Россия', 55.7915, 37.7394, 1, 'Родильный дом ГКБ №36 им. Ф.И. Иноземцева', 'Полностью обновленный Акушерско-гинекологический центр ГКБ имени Ф.И. Иноземцева был открыт после капитального ремонта 1 апреля 2015 года. Будущих мам ждут уютные палаты, опытные и доброжелательные специалисты, современное оборудование, позволяющее принимать роды любой сложности.\n\nВ индивидуальных родильных боксах, оснащенных по всем стандартам акушерской помощи, вы будете чувствовать себя спокойно и уверенно, а потрясающий вид на Москву из послеродового отделения сделает дни, проведенные здесь, незабываемыми.', 146, NULL, 1, 0),
(4, 1, 'г Москва, Федеративный пр-кт, д 17', 'Москва', 'Россия', 55.7556, 37.8137, 1, 'Перинатальный центр ГКБ №70 им. Е.О. Мухина ', 'Перинатальный центр московской больницы № 70 им. Е.О. Мухина – современный медицинский центр, где женщины и дети могут получить весь спектр услуг в области как акушерства, гинекологии и педиатрии, так и диагностики, реабилитации.\n\nВ Центре специализируются на помощи женщинам с проблемой невынашивания беременности и сердечно-сосудистыми патологиями.\n\nМать и дитя здесь круглосуточно находятся вместе, за исключением случаев, когда ребенку требуется особая забота врачей. В отделении реабилитации проводится дополнительное обследование детей первого года жизни, а мамы обучаются навыкам помощи своим малышам.', 148, NULL, 1, 0),
(5, 0, 'г Москва, ул 8-я Соколиной Горы, д 15', 'Москва', 'Россия', 55.7704, 37.7408, 1, 'Родильный дом при инфекционной больнице №2', '&quot;тест&quot; &lt;sfsdfds&gt;', NULL, NULL, 1, 0),
(6, 0, 'г Москва, ул Барболина, д 3', 'Москва', 'Россия', 55.788, 37.6876, 1, 'Родильный дом при туберкулезной больнице №7', '&lt;тест&gt; &quot;test&quot;', NULL, NULL, 1, 0),
(7, 1, 'г Москва, ул Таймырская, д 6', 'Москва', 'Россия', 55.8849, 37.7055, 1, 'Родильный дом ГКБ № 40', 'Полностью реконструированный роддом ГКБ №40 в Лосиноостровском районе Москвы начал работу 10 августа 2017 года.\n\nРоддом оснащен согласно всем современным стандартам оказания акушерской помощи. Уютные палаты и оборудованные всем необходимым родильные боксы обеспечат комфортное пребывание рожениц.\n\nМы хотим, чтобы вы сохранили только лучшие воспоминания о родах. Наша цель — закрепить за собой репутацию одного из лучших родильных домов города. Мы стремимся к тому, чтобы женщины приходили рожать к нам снова.', 149, NULL, 1, 0),
(8, 0, 'г Москва, ул Костромская, д 3', 'Москва', 'Россия', 55.8879, 37.5933, 1, 'Родильный дом №11 при ГКБ им.А.К.Ерамишанцева', 'На данный момент это единственное отделение во всех государственных роддомах Москвы с условиями повышенной комфортности, не уступающими частным родильным домам по разумным ценам! Это единственное отделение замкнутого цикла, в котором будущая мамочка находится с момента поступления на роды или операцию до комфортного размещения в послеродовых палатах разного уровня, в которых возможно круглосуточное проживание с родственниками!\n\nОтделение оборудовано по самому последнему слову науки и техники, аппаратура соответствует передовым медицинским технологиям. Мы имеем возможность предложить Вам самые последние тенденции современного акушерства, такие как мягкое кесарево сечение, вертикальные роды, роды в воду, роды с доулами, индивидуальными акушерками и монистрис, домашние роды в комфортной обстановке с приглушенным светом, музыкой и аромосвечами. Мы предоставим Вам возможность рожать самостоятельно с рубцом на матке и в тазовом предлежании. Ну и самое главное, что все наши специалисты - врачи высокого уровня высшей категории, кандидаты наук, c большим стажем и опытом!', NULL, NULL, 1, 0),
(9, 1, 'г Москва, ул Ленская, д 15 к 1', 'Москва', 'Россия', 55.8655, 37.6636, 1, 'Родильный дом ГКБ №20 имени А.К. Ерамишанцева', 'Родильный дом ГКБ им. А.К. Ерамишанцева открылся после капитального ремонта всего 5 лет назад.\n\nСегодня этот московский роддом на Ленской улице радует будущих мам и их близких комфортными условиями и современным подходом, отвечая высоким требованиям безопасного акушерства. Здесь принимают рожениц с заболеваниями почек, а также ведут роды у пациенток с экстрагенитальными патологиями.\n\nИндивидуальные родовые боксы в родильном доме №1 оснащены всем необходимым, включая системы круглосуточного наблюдения за состоянием роженицы. Каждый из сотрудников роддома всегда готов помочь женщине и поддержать ее на таком важном этапе жизни.', 153, NULL, 1, 0),
(10, 1, 'г Москва, ул Нежинская, д 3', 'Москва', 'Россия', 55.717, 37.477, 1, 'Родильный дом №3 ЦПСиР филиал №4', 'Родильный дом №3 Центра Планирования семьи и Репродукции (ЦПСиР) — многопрофильная клиника Москвы, специалисты которой имеют огромный практический опыт акушерской помощи.\n\nПринципы нашей работы: европейские стандарты комфорта, качественная медицинская помощь, бережное отношение к новорожденным, готовность в любой ситуации помочь пациенткам. Родильный дом был полностью реконструирован в 2015 году. От старого роддома остались только стены.\n\nВрачи роддома № 3 сделают все возможное, чтобы мама и малыш были здоровы и счастливы!', 155, NULL, 1, 0),
(11, 1, 'г Москва, ул Маршала Тимошенко, д 15', 'Москва', 'Россия', 55.7495, 37.3898, 1, 'Родильный дом при ЦКБ Управления Делами Президента', 'Центр акушерства, гинекологии и вспомогательных репродуктивных технологий ФГБУ «ЦКБ с поликлиникой» УД президента РФ (роддом ЦКБ) расположен на территории многопрофильной больницы в зеленой парковой зоне города Москвы.\nПомимо оперативного блока, родовых блоков, послеродовых палат, включая палаты совместного пребывания «мать и дитя» и палат для новорожденных с отделением реанимации, в корпусе имеются отделения хирургической репродуктивной гинекологии и вспомогательных репродуктивных технологий.\n\nВозможности расположения корпуса в составе многопрофильной больницы позволяют всесторонне обследовать беременную женщину и оценить ее готовность к родоразрешению как через естественные родовые пути, так и путем кесарева сечения.', 156, NULL, 1, 0),
(12, 1, 'г Москва, ул 800-летия Москвы, д 22 к 2', 'Москва', 'Россия', 55.8792, 37.5565, 1, 'Роддом №17 ГКБ им. В.В. Вересаева', 'Родильный дом ГКБ им. В.В. Вересаева входит в число лучших столичных роддомов. Он открыл свои двери для будущих мам 23 декабря 1993 г., разместившись в просторном семиэтажном здании.\n\nРоддом на улице 800-летия Москвы - одно из подразделений многопрофильного стационара, а значит, пациентки могут получить консультации ведущих специалистов больницы имени В.В. Вересаева. Здесь всегда готовы оказать женщинам и детям своевременную высококвалифицированную медицинскую помощь.\n\nВ работе роддома успешно сочетаются традиции акушерской помощи и самые современные технологии родовспоможения.', 158, NULL, 1, 0),
(13, 1, 'г Москва, Коптевский б-р, д 5', 'Москва', 'Россия', 55.8297, 37.5284, 1, 'Роддом №27 ГКБ им С.И. Спасокукоцкого', 'Родильный дом ГКБ им. С.И. Спасокукоцкого — место с большой историей, которая началась еще в 1947 году. А в 1982 году при роддоме открылся первый в Москве Центр перинатальной диагностики. Именно здесь женщинам впервые начали делать УЗИ.\n\nВ 2014 году началась реконструкция родильного дома, которая длилась 4 года. В марте 2018 года был открыт новый, полностью отвечающий мировым стандартам, с новым оборудованием и высококвалифицированными специалистами. Так роддом получил второе рождение.\n\nСегодня родильный дом ГКБ им. С.И. Спасокукоцкого — современный акушерский стационар, оснащенный согласно всем современным стандартам оказания акушерской помощи. Уютные палаты, оборудованные всем необходимым родильные боксы, внимательные и опытные специалисты - залог нашей успешной работы и гарантия того, что вам здесь будет хорошо.', 159, NULL, 1, 0),
(14, 0, 'г Москва, 4-й Вятский пер, д 39', 'Москва', 'Россия', 55.7995, 37.5695, 1, 'Перинатальный центр при ГКБ №24', 'Перинатальный центр больницы №24 на Севере столицы – единая, четко и слаженно работающая система помощи малышам и их мамам. Именно этот роддом когда-то стал первым крупным специализированным учреждением в огромной стране, где помогали в случаях угрозы прерывания беременности и выхаживали самых слабеньких младенцев, разрабатывали и внедряли новые медицинские методы.\n\nСегодня Перинатальный центр ГКБ №24 остается одним из самых крупных в России акушерско-педиатрических комплексов со специализацией «преждевременные роды», но это вовсе не значит, что рожать здесь могут лишь пациентки с патологией. Двери Перинатального центра открыты для всех желающих!', NULL, NULL, 1, 0),
(15, 1, 'г Москва, ул Правды, д 15 стр 1', 'Москва', 'Россия', 55.7864, 37.5775, 1, 'Родильный дом ЕМС', 'Родильный дом Европейского медицинского центра соответствует высочайшим мировым стандартам: мы гармонично соединили лучшее в современном акушерстве и неонатологии. Родильный дом ЕМС — логичное продолжение нашей работы в области гинекологии, ЭКО, ведения беременности и педиатрии, которые всегда были в числе приоритетов клиники.\nРождение ребенка — самое счастливое и волнующее событие в жизни женщины. Поэтому мы позаботились о том, чтобы создать уютную домашнюю атмосферу в стенах суперсовременной высокотехнологичной клиники. В перинатальном центре ЕМС есть все для абсолютной безопасности малыша: детская реанимация, отделения патологии новорожденных и неонатологии.', 34, NULL, 1, 0),
(18, 1, 'г Москва, ул 3-я Красногвардейская, д 1 стр 1', 'Москва', 'Россия', 55.7577, 37.5411, 1, 'Клиника акушерства им. В.Ф. Снегирева', 'В клинике акушерства и гинекологии им. В.Ф. Снегирева оказывается высококвалифицированная акушерско-гинекологическая помощь, проводится современное оперативное лечение любой сложности, в том числе с сохранением репродуктивной функции, реконструктивно-пластические операции на матке и придатках. В составе клиники работает отделение вспомогательных репродуктивных технологий.', 160, NULL, 1, 0),
(19, 1, 'г Москва, ул.Покровка, 22А', 'Москва', 'Россия', 55.7592, 37.6482, 14, 'Родильный дом при ГБУЗ МО МОНИИАГ', 'Родильный дом МОНИИАГ оснащен современным оборудованием и обеспечен всеми условиями для оказания экстренной помощи роженицам и новорожденным. В его работе успешно сочетаются традиции акушерской помощи и самые современные технологии родовспоможения, а ведение беременности и роды проходят под наблюдением ведущих специалистов мира — врачей первой и высшей категорий, кандидатов и докторов медицинских наук, профессоров, членов Российской Академии Наук, лауреатов государственных премий Российской Федерации.', 102, NULL, 1, 0),
(20, 0, 'г. Москва, ул. Самаркандский бульвар, д. 3', 'Москва', 'Россия', 55.7035, 37.8283, 14, 'Родильный дом №8 при ГКБ имени В. П. Демихова', 'Родильный дом №8 ГКБ им. В.П. Демихова — один из крупнейших в Москве. Ежегодно здесь появляется на свет более 6 000 малышей.\nРоддом оснащен самым современным оборудованием. В комфортных послеродовых палатах созданы отличные условия для естественных родов и грудного вскармливания. Врачи — настоящие профессионалы, любящие свое дело.', 103, NULL, 1, 0),
(21, NULL, '', '', '', 0, 0, 1, 'ЗАКРЫТ Родильный дом №13 ', '', NULL, NULL, 1, 0),
(22, NULL, '', '', '', 0, 0, 1, 'ЗАКРЫТ Родильный дом №18', '', NULL, NULL, 1, 0),
(23, 1, 'г. Москва, Госпитальная площадь, д. 2', 'Москва', 'Россия', 55.7679, 37.7035, 14, 'Родильный дом при ГКБ №29 им. Н.Э. Баумана', 'Один из крупнейших и современных роддомов Москвы, с учетом самых высоких мировых санитарно-эпидемиологических норм и Европейских стандартов комфорта.', 104, NULL, 1, 0),
(24, 1, 'г. Москва, ул. Самаркандский бульвар, д. 3', 'Москва', 'Россия', 55.7035, 37.8283, 14, 'Роддом № 8 при ГКБ имени Демихова', 'Родильный дом №8 ГКБ им. В.П. Демихова — один из крупнейших в Москве. Ежегодно здесь появляется на свет более 6 000 малышей.\nРоддом оснащен самым современным оборудованием. В комфортных послеродовых палатах созданы отличные условия для естественных родов и грудного вскармливания. Врачи — настоящие профессионалы, любящие свое дело.', 110, NULL, 1, 0),
(25, 1, 'Московская область, Одинцовский городской округ, Лапино, 1-ое Успенское шоссе, д. 111', 'Московская область', 'Россия', 55.6817, 37.1485, 14, 'Перинатальный медицинский центр Мать и дитя', 'Родильные дома Мать и Дитя сочетают в себе традиции классического акушерства и высокие медицинские технологии, заботу о будущей матери и ребенке, индивидуальный подход к родам.\nРоддома КГ Лапино и Перинатального медицинского центра включают отделения анестезиологии и реанимации для женщины, отделения реанимации новорожденных, патологии новорожденных и выхаживания недоношенных детей; собственные лаборатории, позволяющие проводить круглосуточные функциональные и лабораторные исследования – все это позволяет нам гарантировать женщине рождение здорового ребенка.', 106, NULL, 1, 0),
(26, 1, 'г. Москва, ул. Академика Опарина, д. 4', 'Москва', 'Россия', 55.6442, 37.4999, 14, 'ФГБУ «НМИЦ АГП им. В.И. Кулакова»', 'ПН. - ПТ.: 08:00 – 19:00; СБ.: 09:30 – 14:00; ВС. - выходной.', 178, 'ФС-99-01-009598 от 13 декабря 2018 года (бессрочно)', 1, 1),
(27, 1, 'г. Москва, ул. Новаторов, 3', 'Москва', 'Россия', 55.6622, 37.526, 1, 'Родильный дом №4 ГКБ им. В.В. Виноградова', 'Родильный дом №4 ГКБ им. В.В. Виноградова — это лечебное учреждение со своими традициями, историей и судьбой. Бережное отношение к здоровью женщины и ребенка — главный принцип нашей работы, а бережно — значит естественно. Более 30 лет назад мы начали проводить вертикальные роды. Наши специалисты имеют огромный опыт помощи при родах в удобном и безопасном вертикальном положении.', 113, NULL, 1, 0),
(28, 0, '', '', '', 0, 0, 1, 'Родильный дом №10 на Каховке закрыт (см. ЦПСиР)', 'Филиал № 1 Родильный дом № 10 Государственного бюджетного учреждения здравоохранения города Москвы Центр планирования семьи и репродукции Департамента здравоохранения города Москвы\n\nhttps:&#x2F;&#x2F;cps-moscow.ru&#x2F;platnye-uslugi&#x2F;', NULL, NULL, 1, 0),
(29, 1, 'г. Москва, ул. Фотиевой, д. 6', 'Москва', 'Россия', 55.7016, 37.563, 14, 'Родильный дом №25 ГКБ №1 им. Н.И. Пирогова', 'В 2005 г. по инициативе ВОЗ и ЮНИСЕФ за успешную организацию работы по охране, поощрению и поддержке грудного вскармливания Родильный дом № 252 награжден Международной премией Больница доброжелательная к ребенку с вручением Диплома Министерства здравоохранения и социального развития РФ. В конце 2012 г. Родильный дом № 25 подтвердил высокое международное звание Больница доброжелательная к ребенку.', 114, NULL, 1, 0),
(30, 0, 'г.Москва, Волоколамское ш., 63, стр. 2', 'Москва', 'Россия', 55.8169, 37.4552, 14, 'Родильный дом при инфекционной КБ №1  (ЗАКРЫТ)', 'есть еще при КБ2 Роды бесплатные', NULL, NULL, 1, 0),
(32, 1, 'г. Москва, ул. Вилиса Лациса, д.4', 'Москва', 'Россия', 55.8658, 37.4309, 14, 'Родильный дом №1 ГКБ №67 им. Л.А. Ворохобова', 'Родильный дом №1 ГКБ им. Л.А. Ворохобова находится на Северо-Западе Москвы. Это одно из ведущих медицинских учреждений столицы в сфере акушерства, гинекологии и неонатологии, обладающее статусом перинатального центра.\n\nОснащенность современным реанимационным и диагностическим оборудованием, комфортные условия пребывания, сплоченная команда профессионалов и, наконец, фантастический вид из окна делают роддом №1 местом, куда обязательно захочется вернуться еще за одним малышом.\n\nПеринатальный центр ГКБ им. Л.А. Ворохобова не раз одерживал победу как лучший роддом страны, а его сотрудники награждались почетными грамотами московского Правительства.', 115, NULL, 1, 0),
(33, 1, 'г. Москва, ул. Саляма Адиля, 2&#x2F;44с4', 'Москва', 'Россия', 55.7694, 37.4684, 1, 'Родильный дом ГКБ №52', 'Родильный дом ГКБ №52 был открыт после капитального ремонта в декабре 2015 года. Сегодня это современная клиника, где женщинам и новорожденным оказывают диагностическую и лечебную помощь на всех этапах беременности.', 162, NULL, 1, 1),
(34, 0, '', '', '', 0, 0, 1, 'Родильный дом №67', 'Евромед ', NULL, NULL, 1, 0),
(35, 1, 'г Москва, Кавказский б-р, д 45', 'Москва', 'Россия', 55.6276, 37.6502, 19, 'Женская консультация при ГБУЗ ГКБ им СС Юдина ', NULL, 112, NULL, 1, 1),
(36, 1, 'г. Москва, ул. Щепкина, д. 35', 'Москва', 'Россия', 55.7819, 37.6293, 17, 'Женская консультация при EMC Щепкина ', 'Ведение беременности и родов любой сложности: у пациенток с сопутствующими заболеваниями, с рубцом на матке или  при многоплодной беременности.\nКоманда врачей с опытом работы в клиниках Европы, США и Израиля.\nКомфорт и удовольствие от пребывания: делюкс и люкс-студии, семейные люкс-апартаменты.', 116, 'ЛО-77-01-020774 от 26 ноября 2020 г.', 1, 1),
(37, 1, 'г. Москва, Спиридоньевский пер., д. 5&#x2F;1', 'Москва', 'Россия', 55.7621, 37.5932, 17, 'Женская консультация при EMC Спиридоньевский', NULL, 127, 'Лицензия № ЛО-77-01-020774 от 26 ноября 2020 г.', 1, 1),
(39, 1, 'г. Красногорск, Подмосковный бульвар, д. 7', 'Красногорск', 'Россия', 55.8215, 37.3683, 20, 'Медок Павшинская пойма', 'пн-пт 7:00- 21:00 сб-вс 8:00-20:00', 165, 'ЛО-77-01-017450', 0, 1),
(41, 1, 'Москва', 'Москва', 'Россия', 25165, 156456, 20, 'Сеть женских консультаций 9 месяцев', NULL, NULL, 'ЛО 156151651', 1, 1),
(46, 1, 'Выборгское шоссе, 40 Санкт-Петербург', 'Санкт-Петербург', 'Россия', 60.0419, 30.3155, 17, 'БалтМед ', NULL, NULL, NULL, 0, 1),
(47, 1, 'Санкт-Петербург, Малая Зеленина улица, 1&#x2F;22', 'Санкт-Петербург', 'Россия', 59.9624, 30.2827, 17, 'Скандинавия', 'Многопрофильная клиника «Скандинавия» работает на рынке частной медицины больше 20 лет. За это время в Петербурге открылось 15 подразделений сети. На сегодняшний день филиалы клиники также представлены в Воронеже, Казани и Вологде. ', NULL, 'ЛО-7801-010730', 0, 1),
(49, 1, 'г Москва, поселение Сосенское, поселок Коммунарка', 'Москва', 'Россия', 55.5664, 37.465, 14, 'Перинатальный центр ММКЦ Коммунарка', 'В 2017 году открыт после капитального ремонта родильный дом, который составил основу центра женского здоровья вместе с присоединенными к ГКБ № 40 женскими консультациями, отделением гинекологии и стационаром кратковременного пребывания гинекологического профиля. ', 163, 'ЛО-77-01-017450', 1, 1),
(50, 1, 'г. Москва, 3-й Хорошевский проезд, д. 1, стр. 2', 'Москва', 'Россия', 55.7728, 37.54, 18, 'Клиника МЕДСИ в Хорошевском проезде', NULL, NULL, 'ЛО-е18343874', 1, 1),
(51, 1, 'г. Москва, Большая Очаковская ул., 30', 'Москва', 'Россия', 55.6808, 37.4519, 19, 'Женская консультация Ля фамм', NULL, NULL, 'льльорш', 1, 1),
(52, 1, '150000, Ярославская область, г. Ярославль, ул. Трефолева, д. 22, помещение 3-7, 9-19', 'Ярославль', 'Россия', 57.6269, 39.8863, 20, 'MAMWILL', 'MAMWILL - современный медицинский центр женского здоровья в самом центре Ярославля с врачами высшей квалификации и оборудованием экспертного класса.', 168, 'ЛО-76-01-002958', 0, 1);

-- --------------------------------------------------------

--
-- Структура таблицы `dislikes`
--

CREATE TABLE `dislikes` (
  `id` bigint UNSIGNED NOT NULL,
  `status` varchar(20) COLLATE utf8mb3_unicode_ci NOT NULL DEFAULT 'active',
  `target_id` bigint UNSIGNED NOT NULL,
  `target_type` varchar(50) COLLATE utf8mb3_unicode_ci NOT NULL,
  `user_id` bigint UNSIGNED NOT NULL,
  `datetime_create` timestamp NOT NULL DEFAULT CURRENT_TIMESTAMP
) ENGINE=InnoDB DEFAULT CHARSET=utf8mb3 COLLATE=utf8mb3_unicode_ci;

--
-- Дамп данных таблицы `dislikes`
--

INSERT INTO `dislikes` (`id`, `status`, `target_id`, `target_type`, `user_id`, `datetime_create`) VALUES
(19, 'active', 1, 'feedback', 1, '2023-09-06 17:28:38');

-- --------------------------------------------------------

--
-- Структура таблицы `districts`
--

CREATE TABLE `districts` (
  `id` bigint UNSIGNED NOT NULL,
  `name` varchar(20) COLLATE utf8mb3_unicode_ci NOT NULL,
  `title` text COLLATE utf8mb3_unicode_ci NOT NULL,
  `title_short` text COLLATE utf8mb3_unicode_ci NOT NULL
) ENGINE=InnoDB DEFAULT CHARSET=utf8mb3 COLLATE=utf8mb3_unicode_ci;

--
-- Дамп данных таблицы `districts`
--

INSERT INTO `districts` (`id`, `name`, `title`, `title_short`) VALUES
(2, 'szao', 'Северо-западный автономный округ', 'СЗАО'),
(3, 'vao', 'Восточный автономный округ', 'ВАО'),
(4, 'zao', 'Западный автономный округ', 'ЗАО'),
(5, 'sao', 'Северный автономный округ', 'САО'),
(6, 'cao', 'Центральный автономный округ', 'ЦАО'),
(7, 'uvao', 'Юго - восточный автономный округ', 'ЮВАО'),
(8, 'uzao', 'Юго - западный автономный округ', 'ЮЗАО'),
(9, 'svao', 'Северо - восточный автономный округ', 'СВАО');

-- --------------------------------------------------------

--
-- Структура таблицы `doctors`
--

CREATE TABLE `doctors` (
  `id` int NOT NULL,
  `full_name` varchar(50) COLLATE utf8mb3_unicode_ci DEFAULT NULL,
  `short_name` varchar(50) COLLATE utf8mb3_unicode_ci DEFAULT NULL,
  `patronymic` varchar(50) COLLATE utf8mb3_unicode_ci DEFAULT NULL,
  `experience` varchar(50) COLLATE utf8mb3_unicode_ci DEFAULT NULL COMMENT 'стаж',
  `count` int DEFAULT NULL COMMENT 'количество родов',
  `description_education` text COLLATE utf8mb3_unicode_ci COMMENT 'образование',
  `description_experience` text COLLATE utf8mb3_unicode_ci COMMENT 'проф навыки, сильные стороны',
  `description_pro` text COLLATE utf8mb3_unicode_ci,
  `description_services` text COLLATE utf8mb3_unicode_ci,
  `category` bigint UNSIGNED DEFAULT NULL,
  `position` bigint UNSIGNED DEFAULT NULL COMMENT 'специализация врача',
  `clinic_id` int DEFAULT NULL COMMENT 'Прикреплен к клинике (ID)',
  `image_id` bigint UNSIGNED DEFAULT NULL,
  `def` tinyint(1) DEFAULT NULL
) ENGINE=InnoDB DEFAULT CHARSET=utf8mb3 COLLATE=utf8mb3_unicode_ci COMMENT='Врачи системы';

--
-- Дамп данных таблицы `doctors`
--

INSERT INTO `doctors` (`id`, `full_name`, `short_name`, `patronymic`, `experience`, `count`, `description_education`, `description_experience`, `description_pro`, `description_services`, `category`, `position`, `clinic_id`, `image_id`, `def`) VALUES
(1, 'Ольга', 'Сергунина ', 'Сергеевна', '6', 40, 'В 2011 г. с отличием закончила Российский Государственный Медицинский Университет им. Н.И. Пирогова.\n\nС 2011 г. по 2013 г. проходила обучение в клинической ординатуре по специальности «Акушерство и гинекология» на базе Научного Центра акушерства, гинекологии и перинатологии имени В.И. Кулакова.', 'Имеет сертификат по ультразвуковой диагностике в акушерстве и гинекологии.', NULL, '- индивидуальное ведение физиологической беременности и родов;\n- ведение беременности и родов при экстрагенитальной патологии;\n- ведение беременности и родов при задержке роста плода\nведение преждевременных родов;\n- ведение беременных и родов с преэклампсией\nоперативные роды; \n- все виды акушерских операций\n- лечение угрозы прерывания беременности;\n- наблюдение пациенток в послеродовом периоде;\n- прогнозирование и ранняя диагностика осложнений беременности.', 7, 1, 15, 35, NULL),
(2, 'Николай', 'Поляков ', NULL, '6', 45, 'окончил ММА им. И.М. Сеченова, интернатуру и ординатуру — на кафедре акушерства и гинекологии ММА им. И.М. Сеченова под руководством академика А.Н. Стрижакова.', 'Прошел дополнительное обучение по направлениям: «Ультразвуковая диагностика в гинекологии» и «Гинекология-эндокринология».', NULL, NULL, 7, 1, 15, 36, NULL),
(3, 'Наталья', 'Кан ', NULL, '7', 66, 'В 1990 г. окончила лечебный факультет по специальности «Лечебное дело», а затем прошла клиническую интернатуру и клиническую ординатуру на кафедре акушерства и гинекологии Владивостокского государственного медицинского университета.', 'Защитила кандидатскую диссертацию на тему: «Состояние внутриутробного плода и ранняя адаптация новорожденных в зависимости от пола и предлежания плода» и докторскую диссертацию на тему: «Современные технологии в диагностике и прогнозировании внутриутробных инфекций». Дважды Лауреат национальной премии лучшим врачам России «Призвание»: «За проведение уникальной операции, спасшей жизнь человека». Награждена почетной грамотой Министерства здравоохранения Российской Федерации. Имеет Государственную награду Российской Федерации – медаль ордена «За заслуги перед Отечеством».', NULL, NULL, 6, 1, 15, 37, NULL),
(4, 'Виктор', 'Тютюнник', NULL, '9', 48, 'В 1987 г. окончил лечебный факультет 2-го Московского ордена Ленина государственного медицинского института им Н.И. Пирогова, по окончании которого проходил обучение в интернатуре по специальности «Акушерство и гинекология» на базе городской клинической больницы № 1 им. Н.И. Пирогова г. Москва. В 1992 г. поступил в очную аспирантуру и в 1994 г. защитил диссертацию на соискание ученой степени кандидата медицинских наук на тему: «Особенности течения и тактика ведения беременности и родов у больных с гипогонадотропной формой аменореи».', 'Дважды лауреат Национальной премии лучшим врачам России «Призвание»-2012 и -2015 в номинации «За проведение уникальной операции, спасшей жизнь человека». Награжден медалью «В память 850-летия Москвы». Имеет ведомственную награду Министерства здравоохранения Российской Федерации – нагрудный знак «Отличник здравоохранения».\n\nДоктор ведет роды любой сложности, через естественные родовые пути и путем кесарева сечения, в том числе экстренного КС, ведет ранний послеродовой период у родильниц после операции кесарева сечения.', NULL, NULL, 6, 1, 15, 39, NULL),
(8, 'Гаяне', 'Саакян ', NULL, '24', 65, 'В 1997 г. окончила Ереванский государственный медицинский университет по специальности «Лечебное дело».', '1998-2000 гг. - обучение в клинической интернатуре и в клинической ординатуре по специальности «Акушерство и гинекология» на базе Московской Медицинской Академии им И.М. Сеченова.\n2006 г. - профессиональная переподготовка по специальности «Эндокринология» на базе ММА им. И.М. Сеченова.\nВ 2012 г. присвоена первая квалификационная врачебная категория.\n2012 г. - курсы повышения квалификации по патологии шейки матки, влагалища и вульвы. Кольпоскопия.\n2014 г. - курс повышения квалификации по гинекологии детей и подростков.\n2015 г. – первичная специализация по ультразвуковой диагностике.', NULL, NULL, 7, 1, 15, 40, NULL),
(9, 'Али', 'Куруглиев', NULL, '44', 22, 'В 1994 году закончил педиатрический факультет Дагестанского государственного медицинского института. ', 'В 1995 г. ординатуру по специализации «Анестезиология и реаниматология».', NULL, NULL, 6, 3, 15, 38, NULL),
(10, 'Артур', 'Ли', '', '44', 333, 'Высшее', NULL, NULL, NULL, 6, 1, 1, 31, NULL),
(11, 'Алексей', 'Волкодав', NULL, '22', 41, NULL, NULL, NULL, NULL, 6, 1, 1, 32, NULL),
(12, 'Ольга', 'Горбунова', '', '20', 22, NULL, NULL, NULL, NULL, 6, 1, 1, 30, NULL),
(13, 'Олег', 'Ионов', '', '12', 30, NULL, NULL, NULL, NULL, 6, 1, 1, 33, NULL),
(14, 'Ольга', 'Конышева  ', NULL, '25', 45, NULL, NULL, NULL, NULL, 6, 1, 2, NULL, NULL),
(15, 'Ольга', 'Глотова', NULL, '30', 60, NULL, NULL, NULL, NULL, 6, 1, 2, NULL, NULL),
(16, 'Алла', 'Евграфова', NULL, '15', 62, NULL, NULL, NULL, NULL, 6, 1, 2, NULL, NULL),
(17, 'Нина', 'Лукина ', NULL, '22', 68, NULL, NULL, NULL, NULL, 6, 1, 2, NULL, NULL),
(18, 'Елена', 'Медникова ', NULL, '33', 55, NULL, NULL, NULL, NULL, 7, 1, 2, NULL, NULL),
(19, 'Людмила', 'Васильева ', NULL, '5', 10, NULL, NULL, NULL, NULL, 7, 1, 2, NULL, NULL),
(20, 'Анастасия', 'Григорьева ', NULL, '5', 7, NULL, NULL, NULL, NULL, 8, 1, 2, NULL, NULL),
(21, 'Наталья ', 'Коршунова ', NULL, '16', 28, NULL, NULL, NULL, NULL, 7, 1, 2, NULL, NULL),
(22, 'Инна ', 'Сазанова ', NULL, '26', 81, NULL, NULL, NULL, NULL, 7, 1, 2, NULL, NULL),
(23, 'Юлия ', 'Лосик ', 'Станиславовна', '11', 13, NULL, NULL, NULL, NULL, 6, 1, 3, NULL, NULL),
(25, 'Земфира ', 'Куланина ', 'Мясгутовна', '8', 21, NULL, NULL, NULL, NULL, 7, 1, 3, NULL, NULL),
(26, 'Александр ', 'Чумаченко ', 'Геннадиевич', '14', 75, 'В 2007 г  окончил клиническую ординатуру по специальности Акушерство и гинекология. Воронежская Государственная Медицинская Академия им. Н. Н. Бурденко', NULL, NULL, NULL, 8, 1, 3, NULL, NULL),
(27, 'Вера ', 'Любешкина ', 'Александровна', '10', 56, 'В 2011 г окончила  медицинский факультет Российского Университета Дружбы Народов.  В 2013 г окончила клиническую ординатуру по специальности «Акушерство и гинекология» на кафедре «Акушерства и гинекологии с курсом перинатологии»  медицинского факультета Российского Университета Дружбы Народов.', 'Врач акушер-гинеколог,  член Междисциплинарной ассоциации специалистов репродуктивной медицины (МАРС) и Межрегиональной ассоциации по клинической микробиологии и антимикробной химиотерапии (МАКМАХ).', NULL, NULL, 6, 1, 3, NULL, NULL),
(28, 'Елена ', 'Зрагус ', 'Владимировна', NULL, NULL, NULL, NULL, NULL, NULL, 6, 1, 3, NULL, NULL),
(29, 'Яна ', 'Кравец ', 'Сергеевна', '20', NULL, 'В 2000 году закончила Сибирский государственный университет в городе Томске.\nВрач высшей квалификационной категории, кандидат медицинских наук., ассистент кафедры акушерству и гинекологии МГМСУ им. А. И. Евдокимова.', 'Естественные роды, Роды с рубцом на матке, Вертикальные роды\nОперативные роды( мягкое кесарево сечение)', NULL, NULL, 6, 1, 4, NULL, NULL),
(30, 'Николай', 'Синев ', ' Сергеевич', '12', NULL, 'Окончил Московский государственный медико-стоматологический университет имени А.И. Евдокимова. Прошел интернатуру по специальности «Акушерство и гинекология». Прошел обучение по программам дополнительного профессионального повышения квалификации «Сердечно-легочная реанимация» , «Безопасное применение вакуумной системы родовспоможения KIWI» , «Практическое акушерство» , «Профилактика профессионального выгорания в работе врача» , «Первичная реанимационная помощь новорожденным», «Практическая трансфузиология». Прошел обучение в Бельгии по теме «Мягкие роды»', NULL, NULL, NULL, 6, 1, 4, NULL, NULL),
(31, 'Мадина ', 'Изиева ', 'Мусрутдиновна', '22', NULL, NULL, NULL, NULL, NULL, 7, 1, 4, NULL, NULL),
(32, 'Данна', 'Степанова ', 'Сергеевна', '20', 66, 'Окончила Российский государственный медицинский университет по специальности «лечебное дело» в 1999 году.', NULL, NULL, NULL, 6, 1, 4, NULL, NULL),
(33, 'Екатерина ', 'Лопухина ', 'Николаевна', '6', 21, NULL, 'Прошла профессиональную переподготовку по специальности «ультразвуковая диагностика».', NULL, NULL, 6, 1, 4, NULL, NULL),
(34, 'Мариана ', 'Марченко ', 'Валентиновна', '22', 68, 'Окончила Государственный медико-фармацевтический университет имени Николая Тестамицану в 1999г. по специальности «лечебное дело». ', 'Прошла ординатуру по специальности «акушерство и гинекология» в Московском Государственном медико-стоматологическом университете им. А. И. Евдокимова. Прошла профессиональную переподготовку по специальности «ультразвуковая диагностика». Прошла обучение по программе дополнительного профессионального повышения квалификации «Безопасное применение вакуумной системой KIWI».', NULL, NULL, 6, 1, 4, NULL, NULL),
(35, 'Олеся ', 'Сахарова ', 'Владиславовна', '18', 42, 'Диплом врача по специальности педиатрия, выдан 18.06.2003 года Новосибирской государственной медицинской академией. Сертификат по специальности акушерство и гинекология, выдан 28.06.2019 Федеральным государственным бюджетным образовательным учреждением высшего образования « Российский национальный исследовательский медицинский университет имени Н. И. Пирогова» Министерства здравоохранения Российской Федерации, действителен в течение 5 лет.', NULL, NULL, NULL, 6, 1, 7, NULL, NULL),
(36, 'Лариса ', 'Калинина ', 'Викторовна', '31', 69, NULL, NULL, NULL, NULL, 6, 2, 7, NULL, NULL),
(37, 'Ирина ', 'Салихова ', 'Рашитовна', '31', 55, NULL, NULL, NULL, NULL, 6, 1, 7, NULL, NULL),
(38, 'Татьяна', 'Новикова ', 'Александровна', '33', 62, NULL, NULL, NULL, NULL, 6, 3, 7, NULL, NULL),
(40, 'Наталья', 'Скрипцина', 'Степановна', '11', 22, NULL, NULL, NULL, NULL, 6, 1, 8, NULL, NULL),
(41, 'Алла', 'Пашкова', 'Валерьевна', '14', 66, NULL, NULL, NULL, NULL, 7, 1, 8, NULL, NULL),
(42, 'Светлана', 'Любанская ', 'Васильевна', '14', 22, NULL, NULL, NULL, NULL, 6, 1, 8, NULL, NULL),
(43, 'Ольга', 'Боброва', 'Николаевна', '18', 99, 'Образование: Курский государственный медицинский университет, год окончания-1999, квалификация-врач-лечебник по специальности «лечебное дело».', '2000 – интернатура в Курской областной акушерско-гинекологической больнице по специальности «акушерство и гинекология»\n\n2002 – клиническая ординатура при факультете последипломного образования Курского государственного медицинского университета по специальности «акушерство и гинекология»\n\nСертификат специалиста:\n\n2016 год — Первый Московский государственный медицинский университет имени И.М.Сеченова Министерства здравоохранения Российской Федерации по специальности «акушерство и гинекология»\n\nВладение смежной специальностью:\n\n2014 год — сертификат специалиста: Федеральное государственное бюджетное образовательное учреждение высшего профессионального образования «Российский университет дружбы народов» по специальности «ультразвуковая диагностика»\n\nЧлен Московского общества акушеров-гинекологов', NULL, NULL, 6, 1, 9, NULL, NULL),
(44, 'Наталия ', 'Волкова', 'Владимировна', '15', 25, 'В  1997  г. окончила Рязанский  государственный   мед. университет им. акад. Павлова по специальности « Лечебное дело»', 'Плановая и экстренная   акушерско- гинекологическая помощь в полном объеме.', NULL, NULL, 8, 1, 9, NULL, NULL),
(45, 'Артем ', 'Луговой ', 'Олегович', '18', 66, NULL, 'аппаратная коррекция дыхательной недостаточности;\nкоррекция гемодинамических параметров под контролем инвазивного мониторинга;\nприменение ультразвука в анестезиологии-реаниматологии;\nприменение технологий Fast-track (ранней реабилитации) в акушерстве;\nсовременные технологии обезболивания родов;\nаппаратная реинфузия крови и коррекция гемостаза при массивной кровопотере;\nорганизация работы по предотвращению неблагоприятных событий деятельности учреждения родовспоможения, в частности разработка и внедрение концепции безопасности пациенток.', NULL, NULL, 6, 3, 9, NULL, NULL),
(46, 'Галина ', 'Гогичаишвили ', 'Вячеславовна', '19', 38, NULL, 'Оказание экстренной  и плановой помощи в акушерстве и гинекологии, первичная специализация по УЗИ', NULL, NULL, 6, 1, 9, NULL, NULL),
(47, 'Роман ', 'Чунаев ', 'Игоревич', '13', 88, 'В 2008 г. Окончил РГМУ им. Н.И. Пирогова. 2008-2011 гг - интернатура и клиническая ординатура на базе ГКБ№72 г. Москва. с 2011 г по 2014 гг ', NULL, NULL, NULL, 6, 1, 10, NULL, NULL),
(48, 'Алексей ', 'Хромылёв ', 'Викторович', '11', NULL, '2002-2008гг - ГОУ ВПО Московская медицинская академия им. И.М. Сеченова, специальность «Лечебное дело», квалификация – врач. \n2008-2010гг - ГОУ ВПО Московская медицинская академия им. И.М. Сеченова – клиническая ординатура по специальности «Акушерство и гинекология», на базе родильного дома №7. \n 2010 – 2011г ГОУ ВПО Российский университет дружбы народов – профессиональная переподготовка по специальности «Ультразвуковая диагностика». \n2012-2016гг - ФГБОУ ВО Московский государственный медицинский университет им. И.М. Сеченова – аспирантура, на базе родильного дома №4.', 'В 2016 году - сертификация по специальности Акушерство и гинекология в ГОУ ВПО Российский государственный медицинский университет Федерального агентства по здравоохранению и социальному развитию.\nВ 2016 году - сертификация по специальности Ультразвуковая диагностика ГОУ ВПО Российском университете дружбы народов.\n2017г – успешно провел защиту диссертации кандидата медицинских наук на тему: «Принципы профилактики послеоперационных тромбозов у беременных и родильниц с метаболическим синдромом и осложненным течением беременности в анамнезе после операции кесарева сечения». ', NULL, NULL, 7, 1, 10, NULL, NULL),
(49, 'Нина ', 'Гринева ', 'Николаевна', '24', NULL, 'В 1991 г окончила 2-ой МОЛГМИ им. Н.И. Пирогова, по специальности Педиатрия.С 1993 по 1994 интернатура по специальности Педиатрия в Морозовской ДКБ.', 'С 1998г сертификация по специальности Неонатология.', NULL, NULL, 6, 2, 10, NULL, NULL),
(50, 'Мария', 'Тишина ', ' Алексеевна', '30', NULL, ' В 1985 г окончила II МОЛГМИ им. Н.И. Пирогова с красным дипломом по специальности Педиатрия.', '1985-1987гг клиническая ординатура по специальности Неонатология на базе 7 ГКБ. Последняя сертификация по специальности неонатология в 2019г.', NULL, NULL, 6, 2, 10, NULL, NULL),
(51, 'Евгения', 'Буртасова ', 'Викторовна', '3', NULL, '2013г окончила Мордовский государственный университет им Н.П. Огарева медицинский институт по специальности Педиатрия.', '2013-2015гг клиническая ординатура по специальности Неонатология. 2018г сертификация по специальности Ультразвуковая диагностика.', NULL, NULL, 7, 2, 10, NULL, NULL),
(52, 'Юрий ', 'Кон ', 'Афонасьевич', '18', NULL, 'Ташкентский педиатрический мединститут 2001-2008 гг, бакалавр.\nВолгоградский государственный медицинский университет 2009-2011 клиническая ординатура по Неонатологии, Педиатрии и ФУВ Санкт Петербургская Медицинская академия постдипломного образования 2011 г. Анестезиология', NULL, NULL, NULL, 7, 3, 10, NULL, NULL),
(53, 'Евгений ', 'Ткаченко ', 'Геннадьевич', '10', NULL, 'Окончил Кубанский государственный медицинский университет 2007г, лечебный факультет. 2007-2009г клиническая ординатура анестезиология и реаниматология НЦ ССХ им А. Н. Бакулева. 2009-2013гг ОРИТН НЦ ССХ им Бакулева. 2013- н.в. РД 3. Стаж 10 лет. Последний действующий сертификат: анестезиология реаниматология от 02.2017г.', NULL, NULL, NULL, 7, 3, 10, NULL, NULL),
(54, 'Наталья ', 'Олейникова ', 'Владимировна', NULL, NULL, NULL, NULL, NULL, NULL, 6, 1, 11, NULL, NULL),
(56, 'Светлана ', 'Шокодей ', 'Александровна', NULL, NULL, NULL, NULL, NULL, NULL, 6, 1, 11, NULL, NULL),
(57, 'Мария ', 'Баранова ', 'Юрьевна', NULL, NULL, NULL, NULL, NULL, NULL, 6, 1, 11, NULL, NULL),
(58, 'Тимур ', 'Рашидов ', 'Наильевич', '20', NULL, 'Интернатура: 2000-2001г. Московская Медицинская Академия имени И.М.Сеченова по специальности Акушерство и гинекология\nОрдинатура: 2001-2003г. Московская Медицинская Академия имени И.М.Сеченова по специальности Акушерство и гинекология\n', '', NULL, NULL, 6, 1, 18, NULL, NULL),
(59, 'Анастасия', 'Савельева', 'Владимировна', '12', NULL, 'Рязанский государственный медицинский университетРФ', NULL, NULL, NULL, 6, 1, 12, NULL, NULL),
(60, 'Татьяна ', 'Исаева ', 'Валерьевна', '22', NULL, '', NULL, NULL, NULL, 6, 1, 12, NULL, NULL),
(61, 'Юлия ', 'Рогова ', 'Владимировна', '19', NULL, NULL, NULL, NULL, NULL, 6, 1, 12, NULL, NULL),
(62, 'Чара ', 'Еганова ', 'Евгеньевна', NULL, NULL, NULL, NULL, NULL, NULL, 6, 1, 13, NULL, NULL),
(63, 'Ирина ', 'Буренкова ', 'Александровна', NULL, NULL, NULL, NULL, NULL, NULL, 6, 1, 13, NULL, NULL),
(64, 'Евгений ', 'Родионов ', 'Александрович', NULL, NULL, NULL, NULL, NULL, NULL, 6, 1, 13, NULL, NULL),
(65, 'Виктория ', 'Сапожникова ', 'Павловна', NULL, NULL, NULL, NULL, NULL, NULL, 6, 2, 13, NULL, NULL),
(66, 'Елена ', 'Готишан ', 'Дмитриевна', NULL, NULL, NULL, NULL, NULL, NULL, 6, 2, 13, NULL, NULL),
(67, 'Евгений ', 'Буйнов ', 'Леонидович', NULL, NULL, NULL, NULL, NULL, NULL, 6, 3, 13, NULL, NULL),
(68, 'Марианна ', 'Моисеева ', 'Алексеевна', NULL, NULL, NULL, NULL, NULL, NULL, 6, 3, 13, NULL, NULL),
(69, 'Лариса ', 'Тимошенкова ', 'Владимировна', NULL, NULL, NULL, NULL, NULL, NULL, 6, 4, 13, NULL, NULL),
(70, 'Оксана ', 'Деревяга ', 'Александровна', NULL, NULL, NULL, NULL, NULL, NULL, 6, 4, 13, NULL, NULL),
(71, 'Галина', 'Демянюк', 'Станиславовна', NULL, NULL, 'Хабаровский государственный медициснкий институт', 'Естественные роды, роды с рубцом на матке, вертикальные роды, оперативные роды (мягкое кесарево сечение)', NULL, NULL, 6, 1, 20, NULL, NULL),
(72, 'Нюбар ', 'Аскерова ', 'Габиловна', NULL, NULL, NULL, NULL, NULL, NULL, 8, 1, 20, NULL, NULL),
(73, 'Наталья ', 'Захаренко', 'Львовна', NULL, NULL, 'Московский медицинский институт им. Сеченова', 'Естественные роды, роды с рубцом на матке, вертикальные роды, оперативные роды (мягкое кесарево сечение)', NULL, NULL, 6, 1, 20, NULL, NULL),
(75, 'Ирина ', 'Падафа ', 'Владимировна', NULL, NULL, NULL, NULL, NULL, NULL, 6, 1, 33, NULL, NULL),
(76, 'Елена ', 'Пичкур ', 'Викторовна', NULL, NULL, NULL, NULL, NULL, NULL, 8, 1, 33, NULL, NULL),
(77, 'Григорий ', 'Леладзе ', 'Автандилович', NULL, NULL, NULL, NULL, NULL, NULL, 7, 1, 33, NULL, NULL),
(78, 'Екатерина ', 'Сонголова ', 'Николаевна', NULL, NULL, NULL, NULL, NULL, NULL, 6, 1, 32, NULL, NULL),
(79, 'Нестор ', 'Месхи ', 'Теймуразович', NULL, NULL, NULL, NULL, NULL, NULL, 6, 1, 32, NULL, NULL),
(80, 'Вячеслав ', 'Немировский ', 'Борисович', NULL, NULL, NULL, NULL, NULL, NULL, 6, 1, 32, NULL, NULL),
(81, 'Врач акушер-гинеколог', 'Высшей категории', NULL, NULL, NULL, NULL, NULL, NULL, NULL, 6, 1, NULL, NULL, 1),
(82, 'Врач анестезиолог', 'Высшей категории', NULL, NULL, NULL, NULL, NULL, NULL, NULL, 6, 3, NULL, NULL, 1),
(83, 'Врач-неонатолог', 'Категория А', NULL, NULL, NULL, NULL, NULL, NULL, NULL, 6, 2, NULL, NULL, 1),
(84, 'Акушерка', 'Врач', NULL, NULL, NULL, NULL, NULL, NULL, NULL, 6, 4, NULL, NULL, 1),
(85, 'Доула', 'Высшая категория', NULL, NULL, NULL, NULL, NULL, NULL, NULL, 6, 5, NULL, NULL, 1),
(86, 'Акушер-гинеколог', 'Первая категория', NULL, NULL, NULL, NULL, NULL, NULL, NULL, 7, 1, NULL, NULL, 1),
(87, 'Акушер-гинеколог', 'Вторая категория', NULL, NULL, NULL, NULL, NULL, NULL, NULL, 8, 1, NULL, NULL, 1),
(88, 'Врач-неонатолог', 'Первая категория', NULL, NULL, NULL, NULL, NULL, NULL, NULL, 7, 2, NULL, NULL, 1),
(89, 'Оксана ', 'Пешева ', 'Николаевна', '13', 917, '2005 - Национальный исследовательский Мордовский государственный университет им. Н.П. Огарёва.\n2007 - Национальный исследовательский Мордовский государственный университет им. Н.П. Огарёва. Интернатура по специальности &quot;Акушер-гинеколог&quot;.\n2009 - Российская Медицинская Академия непрерывного профессионального образования - Кольпоскопия.\n2010 - Российская Медицинская Академия непрерывного профессионального образования - Тематическое усовершенствование по детской гинекологии.\n2012 - УЛГУ, Мед. Академия - Ультразвуковая диагностика.\n2017 - Российская Медицинская Академия непрерывного профессионального образования - УЗД.\n2017 - Российская Медицинская Академия непрерывного профессионального образования - акушерство и гинекология.', 'Закончившая в свое время НИМГУ им. Н.П. Огарёва, сегодня этот высококвалифицированный акушер-гинеколог имеет более двадцати научных публикаций и пользуется уважением не только своих пациенток, но и коллег по работе. Оксана Николаевна является членом Общества врачей, занимающихся изучением и лечением миомы шейки матки и специализируется на гинекологической эндокринологии, а также ведении беременности.', NULL, 'Общая гинекология, Гинекологическая эндокринология, Лечение миомы матки, Ведение беременности, Планирование беременности.', 6, 1, 39, 121, NULL),
(90, ' Валентина ', 'Зуева', 'Николаевна', '13', 1000, '2005 - ГОУ ВПО Московская медицинская академия имени И.М. Сеченова\n2008 - Ординатура по специальности «акушерство и гинекология» ГОУ ВПО ММА имени И.М. Сеченова\n2008 -«Акушерство и гинекология» ГОУ ВПО ММА имени И.М. Сеченова\n2008 - «Ультразвуковая диагностика в акушерстве и гинекологии», МГМСУ\n2009 - «Эндокринология в акушерстве и гинекологии», ГОУ ДПО РМАПО\n2012 - Краткосрочное ПК «Диагностика и профилактика острозаразных дерматозов и ИППП», ГОУ ВПО РГМУ\n2013 - «Ультразвуковая диагностика» ИППО ФГБУ ГНЦ ФМБЦ им. А.И. Бурназяна ФМБА России\n2013 - «Акушерство и гинекология» ГОУ ВПО ПМГМУ имени И.М. Сеченова\n2018 - «Акушерство и гинекология» ГОУ ВПО ПМГМУ имени И.М. Сеченова\n2018 - «Ультразвуковая диагностика» ФГБОУ ВО РНИМУ имени Н.И. Пирогова', 'Московская медицинская академия имени И.М. Сеченова дала этому замечательному врачу высочайший уровень знаний и навыков, а человеческие качества дополнили этот прекрасный комплект. Благодаря опыту и компетенции сегодня Валентину Николаевну признают одним из лучших акушеров-гинекологов в Москве. Несмотря на то, что доктор имеет уникальный опыт, приоритетными направлениями деятельности для нее являются ведение беременности и ультразвуковая диагностика.', NULL, 'Планирование беременности, ведение беременности', 6, 1, 39, NULL, NULL),
(91, 'Консультация', 'Иванова', 'И', '111', 111, 'увы', 'хз', NULL, NULL, NULL, NULL, 36, NULL, NULL),
(92, 'Самира ', 'Гусейнова', 'Гусейновна', '13', 917, 'Азербайджанский Государственный Медицинский Университет\nКлиническая ординатура по акушерству и гинекологии РГМУ им. Пирогова.\nСертификационный цикл по акушерству и гинекологии \nПрофессиональная переподготовка по специальности «Ультразвуковая диагностика» Кафедра ультразвуковой диагностики ГБОУ ДПО РМАПО.\nКурсы повышения квалификации по УЗД.\nКурсы повышения квалификации «Пренатальная диагностика развития плода» РМАПО.\n\n2007 Национальный исследовательский Мордовский государственный университет им. Н.П. Огарёва. Интернатура по специальности &quot;Акушер-гинеколог&quot;.\n\n2009 Российская Медицинская Академия непрерывного профессионального образования - Кольпоскопия.\n\n2010 Российская Медицинская Академия непрерывного профессионального образования - Тематическое усовершенствование по детской гинекологии.\n\n2012 УЛГУ, Мед. Академия - Ультразвуковая диагностика.\n\n2017 Российская Медицинская Академия непрерывного профессионального образования - УЗД.\n\n2017 Российская Медицинская Академия непрерывного профессионального образования - акушерство и гинекология.', '', NULL, 'УЗИ для определения беременности\nУЗИ для определения беременности', 6, 1, 39, 166, NULL),
(93, 'Людмила ', 'Древаль ', 'Ивановна', '21', 1204, '1998\nДонецкий государственный Медицинский Университет им. М. Горького.\n2005\n&quot;Терапия&quot;, Кафедра ФУВ Донецкого государственного медицинского университета.\n2006\n&quot;Актуальные вопросы аллергологии&quot;, Кафедра ФУВ Донецкого государственного медицинского университета.\n2007\n&quot;Клиническая иммунология&quot;, Кафедра ФУВ Донецкого государственного медицинского университета.\n2008\n&quot;Терапия&quot;, Кафедра ФУВ Донецкого государственного медицинского университета.\n2012\n&quot;Вопросы профпатологии&quot;, Кафедра ФУВ Донецкого государственного медицинского университета.\n2013\n&quot;Терапия&quot;, Кафедра ФУВ Донецкого государственного медицинского университета.\nСертификат по клинической иммунологии.\nСертификат по аллергологии.', NULL, NULL, NULL, 6, 1, 39, 122, NULL),
(94, 'Валентина ', 'Зуева ', 'Николаевна', '13', 1000, '2005\nГОУ ВПО Московская медицинская академия имени И.М. Сеченова\n2008\nОрдинатура по специальности «акушерство и гинекология» ГОУ ВПО ММА имени И.М. Сеченова\n2008\n«Акушерство и гинекология» ГОУ ВПО ММА имени И.М. Сеченова\n2008\n«Ультразвуковая диагностика в акушерстве и гинекологии», МГМСУ\n2009\n«Эндокринология в акушерстве и гинекологии», ГОУ ДПО РМАПО\n2012\nКраткосрочное ПК «Диагностика и профилактика острозаразных дерматозов и ИППП», ГОУ ВПО РГМУ\n2013\n«Ультразвуковая диагностика» ИППО ФГБУ ГНЦ ФМБЦ им. А.И. Бурназяна ФМБА России\n2013\n«Акушерство и гинекология» ГОУ ВПО ПМГМУ имени И.М. Сеченова\n2018\n«Акушерство и гинекология» ГОУ ВПО ПМГМУ имени И.М. Сеченова\n2018\n«Ультразвуковая диагностика» ФГБОУ ВО РНИМУ имени Н.И. Пирогова', NULL, NULL, NULL, 6, 1, 39, 124, NULL),
(95, 'Ольга', 'Фролова', NULL, '10', 1000, NULL, NULL, NULL, NULL, 6, 1, 39, 126, NULL),
(96, 'Олег', 'Яковлев', NULL, NULL, NULL, NULL, NULL, NULL, NULL, 6, 1, 39, NULL, NULL),
(97, 'Дмитрий ', 'Айнетдинов ', 'Сергеевич', '18', NULL, '2004 г.: Кемеровская Государственная Медицинская академия (КГМА), специальность “лечебное дело”\n\n2006 г.: Кемеровская Государственная Медицинская академия, кафедра АиГ№2, Клиническая ординатура, специальность «акушерство и гинекология»', 'оказание помощи при родовспоможении любой сложности, (за период работы более 6500 родов, около 150 операций «кесарево сечение» в год);\n\nведение беременных групп высокого риска;\n\nакушерские оперативные пособия в полном объеме (в том числе вакуум-экстракция плода, пособия и операции при тазовых предлежаниях);\n\nлечение гинекологических больных;\n\nоперативная деятельность в гинекологии (ургентная).', NULL, NULL, 6, 1, 47, NULL, NULL),
(98, 'Роман', 'Шмаков', 'Георгиевич', '22', NULL, NULL, 'Работает в Центре с 1998 года и в течение 22 лет занимается клинической и научной работой по приоритетным направлениям в области акушерства: рак и беременность, органосохраняющие операции при врастании плаценты, большие акушерские синдромы, фетальная терапия и хирургия, орфанные заболевания и беременность, кровотечение и тромбоэмболия в акушерстве.\n\nУченая степень кандидата медицинских наук присуждена советом по защите диссертаций на базе Научного Центра акушерства и гинекологии и перинатологии РАМН в 2003 г.\n\nШмаков Р.Г. в 2008 г. защитил докторскую диссертацию на тему: «Репродуктивное здоровье женщин с онкогематологическими заболеваниями».\n\nС 2015 по 2018 год был главным врачом Центра, в 2018 г. получил звание «Профессора РАН», назначен на должность директора института акушерства ФГБУ «НМИЦ АГиП им. В.И. Кулакова» Минздрава России.', NULL, NULL, 6, 1, 26, 179, NULL),
(99, 'Розина', 'Нурутдинова', 'Анасовна', '20', NULL, 'Закончила  Российский Государственный Медицинский Университет им Н.И.Пирогова в 2000 году, 2002 гг. клиническую ординатуру по специальности акушерство и гинекология в ММА им. И.М. Сеченова.', 'Выполнила и защитила кандидатскую диссертацию по теме «Особенности течения гестоза в зависимости от антигенного профиля материнских лимфоцитов».', NULL, NULL, 6, 1, 26, 180, NULL),
(100, 'Мария', 'Волочаева', 'Вячеславовна', '20', NULL, 'В 2009 году с отличием закончила Московскую Медицинскую Академию им. И.М.Сеченова.\n\nС 2009 по 2011 год проходила обучение в клинической ординатуре по специальности «Акушерство и гинекология» на базе Научного Центра акушерства, гинекологии и перинатологии им. В.И. Кулакова.\n\nС 2011 по 2014 год – очная аспирантура в НЦАГ и П им. В.И.Кулакова.\n\nВ 2015 году защитила кандидатскую диссертацию по теме «Беременность и роды у женщин, больных раком молочной железы».', 'С 2012 года работает врачом акушером-гинекологом АФО.\n\nРегулярно дежурит в отделениях Центра, владеет современными методами обследования и лечения беременных женщин, техникой кесарева сечения, ведет прием в научно-поликлиническом отделении Центра, работает в стационаре.\n\nОсновные направления работы: ведение беременности и родов у женщин, больных раком молочной железы.', NULL, NULL, 6, 1, 26, 181, NULL),
(101, 'Алексей', 'Четвериков', 'Николаевич', NULL, NULL, 'В 1996 году с отличием окончил Амурскую государственную медицинскую академию по специальности «лечебное дело».\n\nВ 1996-1997 гг.  интернатура по специальности &quot;анестезиология-реаниматология&quot;.\n\nОбучение по специальности:\n\n2001 год - «Вопросы анестезиологии и реаниматологии»  ФПК ФГБОУ  ВО &quot;Амурская ГМА&quot; Минздрава России, г. Благовещенск.\n\n2005 год - «Анестезиология и реаниматология в педиатрии и неонатологии» ФГБОУ ВО &quot;СПбГПМУ&quot;,  г. Санкт-Петербург.\n\n2010 год - «Анестезиология и реаниматология» ФГБОУ ДПО &quot;РМАПО Росздрава&quot;, г. Москва.\n\n2013 год - «Современные принципы организации и оказания медицинской помощи больным с острым коронарным синдромом» &quot;НИИ кардиологии им. А.Л. Мясникова&quot; ФГБУ РКНПК Минздрава России, г. Москва.\n\n2014 год - «Реанимационно-анестезиологическое обеспечение при сочетанных повреждениях» ГБОУ ВПО &quot;ПСПбГМУ им. И.П. Павлова&quot; Минздрава России;  ГБУ &quot;СПбНИИ скорой помощи им. И.И. Джанелидзе&quot;, г. Санкт-Петербург.\n\n2019 год -  «Анестезиология-реаниматология»  ФНМО медицинского института ФГАОУ ВО &quot;РУДН&quot;, г. Москва.\n\nДата выдачи действующего сертификата:  06.11. 2019 года.\n\nВ 2009 гг. прошел профессиональную переподготовку по программе &quot;Преподаватель высшей школы&quot;.\n\n В 2019 г. прошел профессиональную переподготовку по специальности «Трансфузиология» с получением действующего сертификата.\n\nВ 2010, 2012, 2014, 2016  и 2019гг. участвовал в работе Всероссийских съездов врачей анестезиологов-реаниматологов &quot;Федерации анестезиологов и реаниматологов&quot;,  первого Всероссийского съезда врачей.\n\nВысшая квалификационная категория с 2010г. , подтверждена в  2020г.', 'С  1997 года по  2020 год-  врач анестезиолог-реаниматолог  отделения анестезиологии и реанимации  ГБУЗ АО «Свободненская больница».  В своей практической деятельности работал с тяжелыми пациентами всех возрастных категорий различных профилей патологии: акушерство-гинекология, неонатология и педиатрия, кардиология, неврология, хирургия и травматология, осуществлял  анестезиологическое пособие оперативных вмешательств различных категорий сложности.\n\nС сентября 2020 года- врач анестезиолог-реаниматолог  отделения анестезиологии и реанимации №2  «Национального медицинского исследовательского центра акушерства, гинекологии и перинатологии имени академика В.И. Кулакова» Министерства Здравоохранения Российской Федерации.', NULL, NULL, 6, 3, 26, 182, NULL),
(102, 'Лейла', 'Тимофеева', 'Акакиевна', '23', NULL, 'В 1993 году с отличием окончила педиатрический факультет Северо-\n\nОсетинского государственного медицинского института. После окончания\n\nинститута обучалась в ординатуре на кафедре педиатрии ФУВ СОГМА.\n\nС 1996 по 1999г. продолжила образование в очной аспирантуре на кафедре\n\nнеонатологии ФУВ Российского государственного медицинского университета.\n\nЗащитила диссертацию на соискание ученой степени кандидата медицинских наук на тему: «Клинико-иммунохимическая оценка нарушений проницаемости гемато-энцефалического барьера у плодов и новорожденных с гипербилирубинемией» 1999г.', 'В 1999 году начала свою трудовую деятельность в Центре в должности врача-неонатолога отделения физиологии новорожденных.\n\nС 2003 по 2010 гг. работала врачом анестезиологом-реаниматологом в отделении реанимации и интенсивной терапии новорожденных и выхаживания маловесных.\n\nС 2010 года – руководитель отделения новорожденных отдела неонатологии и педиатрии.\n\nНа протяжении 19 лет совмещает научную и клиническую деятельность в Центре, внедряя современные достижения медицинской науки в неонатальную практику, что способствует уменьшению частоты осложнений у новорожденных с факторами риска, в раннем неонатальном периоде, и обеспечивает основу для дальнейшего благоприятного развития физических и когнитивных навыков у младенцев. При ее непосредственном участии разработаны и внедрены различные клинические протоколы наблюдения и лечения новорожденных, а также рациональные подходы к ведению поздних недоношенных детей на посту интенсивного наблюдения в условиях физиологического отделения, что позволяет не разлучать ребенка с матерью, обеспечивает полноценное грудное вскармливание и максимальный психологический комфорт. Огромное внимание уделяет повышению квалификации персонала отделения, что способствует улучшению качества медицинской помощи детям.\n\nКроме того, посредством внедрения в клиническую практику естественного подхода к ведению доношенных новорожденных в условиях совместного пребывания ребенка с матерью, стало возможным определить индивидуальный подход к каждому пациенту, с учетом конституциональных особенностей младенца.  \n\nВ отделении новорождённых применяются только те методики и медикаменты, безопасность и эффективность которых доказана и признана мировым медицинским сообществом.\n\nНаучная работа на соискание ученой степени доктора медицинских наук по теме: «Комплексный подход к совершенствованию выхаживания поздних недоношенных новорожденных детей».\n\nИмеет ряд публикаций в центральной и научно-публицистической медицинской прессе, ведет научно-просветительскую работу.\n\nНаграждена Почетной грамотой Министерства здравоохранения РФ «За заслуги в области здравоохранения и многолетний добросовестный труд», и благодарностью Центра за многолетний добросовестный труд и в связи с празднованием Дня медицинского работника».', NULL, NULL, 6, 2, 26, 183, NULL);

-- --------------------------------------------------------

--
-- Структура таблицы `doctor_category_type`
--

CREATE TABLE `doctor_category_type` (
  `id` bigint UNSIGNED NOT NULL,
  `title` varchar(50) CHARACTER SET utf8mb3 COLLATE utf8mb3_unicode_ci DEFAULT NULL,
  `lettera` varchar(1) DEFAULT NULL,
  `description` text CHARACTER SET utf8mb3 COLLATE utf8mb3_unicode_ci,
  `bg_color` varchar(10) CHARACTER SET utf8mb3 COLLATE utf8mb3_unicode_ci DEFAULT NULL,
  `icon` varchar(50) CHARACTER SET utf8mb3 COLLATE utf8mb3_unicode_ci DEFAULT NULL
) ENGINE=InnoDB DEFAULT CHARSET=latin1;

--
-- Дамп данных таблицы `doctor_category_type`
--

INSERT INTO `doctor_category_type` (`id`, `title`, `lettera`, `description`, `bg_color`, `icon`) VALUES
(6, 'Высшая категория', 'A', NULL, NULL, NULL),
(7, 'Первая категория', 'B', NULL, NULL, NULL),
(8, 'Вторая категория', 'C', NULL, NULL, NULL);

-- --------------------------------------------------------

--
-- Структура таблицы `doctor_position_type`
--

CREATE TABLE `doctor_position_type` (
  `id` bigint UNSIGNED NOT NULL,
  `title` varchar(50) CHARACTER SET utf8mb3 COLLATE utf8mb3_unicode_ci DEFAULT NULL,
  `description` text CHARACTER SET utf8mb3 COLLATE utf8mb3_unicode_ci,
  `bg_color` varchar(10) CHARACTER SET utf8mb3 COLLATE utf8mb3_unicode_ci DEFAULT NULL,
  `icon` varchar(50) CHARACTER SET utf8mb3 COLLATE utf8mb3_unicode_ci DEFAULT NULL
) ENGINE=InnoDB DEFAULT CHARSET=latin1;

--
-- Дамп данных таблицы `doctor_position_type`
--

INSERT INTO `doctor_position_type` (`id`, `title`, `description`, `bg_color`, `icon`) VALUES
(1, 'Акушер-гинеколог', NULL, NULL, NULL),
(2, 'Врач-неонатолог', NULL, NULL, NULL),
(3, 'Врач-анестезиолог', NULL, NULL, NULL),
(4, 'Акушерка', NULL, NULL, NULL),
(5, 'Доула', NULL, NULL, NULL);

-- --------------------------------------------------------

--
-- Структура таблицы `entity_type`
--

CREATE TABLE `entity_type` (
  `id` bigint UNSIGNED NOT NULL,
  `title` varchar(50) COLLATE utf8mb3_unicode_ci NOT NULL,
  `name` varchar(20) COLLATE utf8mb3_unicode_ci NOT NULL,
  `comment` text COLLATE utf8mb3_unicode_ci NOT NULL
) ENGINE=InnoDB DEFAULT CHARSET=utf8mb3 COLLATE=utf8mb3_unicode_ci COMMENT='Тип сущности';

--
-- Дамп данных таблицы `entity_type`
--

INSERT INTO `entity_type` (`id`, `title`, `name`, `comment`) VALUES
(1, 'Сущность', 'entity', ''),
(2, 'Контейнер', 'container', '');

-- --------------------------------------------------------

--
-- Структура таблицы `facilities_containers`
--

CREATE TABLE `facilities_containers` (
  `id` int NOT NULL,
  `container_id` int NOT NULL,
  `facility_id` int NOT NULL,
  `overrided_title` varchar(50) COLLATE utf8mb3_unicode_ci DEFAULT NULL,
  `overrided_description` text COLLATE utf8mb3_unicode_ci,
  `comment` text COLLATE utf8mb3_unicode_ci
) ENGINE=InnoDB DEFAULT CHARSET=utf8mb3 COLLATE=utf8mb3_unicode_ci;

--
-- Дамп данных таблицы `facilities_containers`
--

INSERT INTO `facilities_containers` (`id`, `container_id`, `facility_id`, `overrided_title`, `overrided_description`, `comment`) VALUES
(147, 1, 1, NULL, NULL, NULL),
(148, 1, 2, NULL, NULL, NULL),
(149, 1, 3, NULL, NULL, NULL),
(150, 1, 4, NULL, NULL, NULL),
(151, 1, 5, NULL, NULL, NULL),
(152, 1, 6, NULL, NULL, NULL),
(153, 1, 10, NULL, NULL, NULL),
(154, 1, 12, NULL, NULL, NULL),
(155, 1, 14, NULL, NULL, NULL),
(156, 2, 14, NULL, NULL, NULL);

-- --------------------------------------------------------

--
-- Структура таблицы `facilities_containers_repo`
--

CREATE TABLE `facilities_containers_repo` (
  `id` bigint UNSIGNED NOT NULL,
  `title` varchar(50) COLLATE utf8mb3_unicode_ci DEFAULT NULL,
  `description` text COLLATE utf8mb3_unicode_ci,
  `comment` text COLLATE utf8mb3_unicode_ci
) ENGINE=InnoDB DEFAULT CHARSET=utf8mb3 COLLATE=utf8mb3_unicode_ci;

--
-- Дамп данных таблицы `facilities_containers_repo`
--

INSERT INTO `facilities_containers_repo` (`id`, `title`, `description`, `comment`) VALUES
(1, 'Полный пакет', 'Все удобства', 'null'),
(2, 'VIP', 'Комфортабельная палата отвечает высочайшими требованиям комфорта и безопасности и идеальна для совместного пребывания мамы и ребенка. Светлый, наполненный воздухом интерьер располагает к спокойному отдыху и заботе о малыше.', NULL),
(3, 'Семейный люкс', 'Просторные двухкомнатные люкс-апартаменты сочетают в себе безупречный дизайн и функциональность с высочайшим уровнем комфорта и безопасности. Чистота линий, обилие света и воздуха создают неповторимую атмосферу классической элегантности. Мы предусмотрели отдельные комнаты для мамы и ребенка и ваших близких, чтобы они могли разделить с вами счастливые моменты общения с малышом.', NULL),
(4, 'Комфорт', 'Уютная студия обеспечит максимальный комфорт и удовольствие от пребывания,  возможность насладиться классической роскошью и элегантностью, станет приятным дополнением к долгожданному событию — рождению ребенка. В продуманном до мелочей интерьере гармонично объединены пространство для мамы и малыша и зона отдыха для ваших близких. ', NULL),
(5, 'Комфорт Плюс', 'Уютная студия обеспечит максимальный комфорт и удовольствие от пребывания,  возможность насладиться классической роскошью и элегантностью, станет приятным дополнением к долгожданному событию — рождению ребенка. В продуманном до мелочей интерьере гармонично объединены пространство для мамы и малыша и зона отдыха для ваших близких. ', NULL);

-- --------------------------------------------------------

--
-- Структура таблицы `facilities_type`
--

CREATE TABLE `facilities_type` (
  `id` int NOT NULL,
  `icon` varchar(50) CHARACTER SET utf8mb3 COLLATE utf8mb3_unicode_ci DEFAULT NULL,
  `title` varchar(50) CHARACTER SET utf8mb3 COLLATE utf8mb3_unicode_ci DEFAULT NULL,
  `description` text CHARACTER SET utf8mb3 COLLATE utf8mb3_unicode_ci,
  `bg_color` varchar(10) CHARACTER SET utf8mb3 COLLATE utf8mb3_unicode_ci DEFAULT NULL
) ENGINE=InnoDB DEFAULT CHARSET=latin1;

--
-- Дамп данных таблицы `facilities_type`
--

INSERT INTO `facilities_type` (`id`, `icon`, `title`, `description`, `bg_color`) VALUES
(15, NULL, 'Трансфер в роддом', NULL, NULL),
(16, NULL, 'Свободное посещение', NULL, NULL),
(17, NULL, 'Совместное пребывание мамы и малыша', NULL, NULL),
(19, NULL, 'Гостевая парковка ', NULL, NULL);

-- --------------------------------------------------------

--
-- Структура таблицы `feedback`
--

CREATE TABLE `feedback` (
  `id` bigint UNSIGNED NOT NULL,
  `section` varchar(150) CHARACTER SET utf8mb3 COLLATE utf8mb3_unicode_ci DEFAULT NULL,
  `target_entity_key` text COLLATE utf8mb3_unicode_ci NOT NULL,
  `target_entity_id` int NOT NULL,
  `user_id` bigint UNSIGNED NOT NULL,
  `status` varchar(20) COLLATE utf8mb3_unicode_ci NOT NULL DEFAULT 'pending',
  `datetime_update` timestamp NOT NULL DEFAULT CURRENT_TIMESTAMP ON UPDATE CURRENT_TIMESTAMP,
  `datetime_create` timestamp NOT NULL DEFAULT CURRENT_TIMESTAMP
) ENGINE=InnoDB DEFAULT CHARSET=utf8mb3 COLLATE=utf8mb3_unicode_ci;

--
-- Дамп данных таблицы `feedback`
--

INSERT INTO `feedback` (`id`, `section`, `target_entity_key`, `target_entity_id`, `user_id`, `status`, `datetime_update`, `datetime_create`) VALUES
(1, 'clinic', 'ent_clinic_contragents', 35, 1, 'reject', '2023-08-01 13:03:10', '2023-07-16 15:06:35'),
(2, 'clinic', 'ent_clinic_contragents', 35, 1, 'deleted', '2023-08-01 13:03:19', '2023-07-17 13:47:46'),
(4, 'clinic', 'ent_clinic_contragents', 35, 1, 'deleted', '2023-08-01 13:03:23', '2023-07-17 13:48:36'),
(6, 'clinic', 'ent_clinic_contragents', 35, 1, 'reject', '2023-08-01 13:03:09', '2023-07-17 13:51:19'),
(7, 'clinic', 'ent_clinic_contragents', 35, 1, 'deleted', '2023-08-01 13:03:28', '2023-07-18 15:59:42'),
(8, 'clinic', 'ent_clinic_contragents', 35, 1, 'deleted', '2023-08-01 13:03:44', '2023-07-18 15:59:46'),
(9, 'clinic', 'ent_clinic_contragents', 35, 1, 'deleted', '2023-08-01 13:03:48', '2023-07-18 16:02:32'),
(10, 'clinic', 'ent_clinic_contragents', 35, 1, 'deleted', '2023-08-01 13:03:52', '2023-07-18 16:10:42'),
(11, 'clinic', 'ent_clinic_contragents', 35, 1, 'deleted', '2023-08-01 13:03:56', '2023-07-18 16:11:28'),
(12, 'clinic', 'ent_clinic_contragents', 35, 1, 'deleted', '2023-08-01 13:04:00', '2023-07-18 16:11:51'),
(13, 'clinic', 'ent_clinic_contragents', 35, 1, 'deleted', '2023-08-01 13:04:08', '2023-07-18 16:12:12'),
(14, 'clinic', 'ent_clinic_contragents', 35, 1, 'deleted', '2023-08-01 13:04:11', '2023-07-18 16:15:50'),
(15, 'clinic', 'ent_clinic_contragents', 35, 1, 'deleted', '2023-08-01 13:04:15', '2023-07-18 16:16:01'),
(16, 'clinic', 'ent_clinic_contragents', 35, 1, 'deleted', '2023-08-01 13:04:21', '2023-07-18 16:16:09'),
(17, 'clinic', 'ent_clinic_contragents', 35, 1, 'deleted', '2023-08-01 13:04:29', '2023-07-18 16:25:18'),
(18, 'clinic', 'ent_clinic_contragents', 35, 1, 'deleted', '2023-08-01 13:04:32', '2023-07-18 16:29:38'),
(19, 'clinic', 'ent_clinic_contragents', 35, 1, 'deleted', '2023-08-01 13:04:35', '2023-07-18 16:35:29'),
(20, 'clinic', 'ent_clinic_contragents', 35, 1, 'deleted', '2023-08-01 13:04:40', '2023-07-18 16:37:21'),
(21, 'clinic', 'ent_clinic_contragents', 35, 1, 'deleted', '2023-08-01 13:04:45', '2023-07-18 16:46:23'),
(22, 'clinic', 'ent_clinic_contragents', 35, 1, 'deleted', '2023-08-01 13:04:50', '2023-07-18 16:53:15'),
(23, 'clinic', 'ent_clinic_contragents', 35, 1, 'deleted', '2023-08-01 13:04:53', '2023-07-18 16:54:24'),
(24, 'clinic', 'ent_clinic_contragents', 35, 1, 'deleted', '2023-08-01 13:28:07', '2023-07-18 16:58:33'),
(25, 'clinic', 'ent_clinic_contragents', 35, 19, 'approved', '2023-09-01 10:57:46', '2023-07-18 17:34:14'),
(26, 'clinic', 'ent_clinic_contragents', 35, 19, 'approved', '2023-09-01 10:57:47', '2023-07-18 17:40:55'),
(27, 'clinic', 'ent_clinic_contragents', 35, 19, 'approved', '2023-09-01 10:57:47', '2023-07-18 17:43:42'),
(28, 'clinic', 'ent_clinic_contragents', 35, 1, 'approved', '2023-07-19 16:20:34', '2023-07-18 20:07:57'),
(29, 'clinic', 'ent_clinic_contragents', 35, 1, 'deleted', '2023-09-01 10:41:52', '2023-07-18 20:10:20'),
(30, 'clinic', 'ent_clinic_contragents', 35, 1, 'approved', '2023-08-15 17:14:19', '2023-08-14 21:00:00'),
(31, 'consultation', 'ent_consultation_contragents', 24, 1, 'deleted', '2023-09-08 16:05:15', '2023-09-08 16:04:35'),
(32, 'consultation', 'ent_consultation_contragents', 24, 1, 'deleted', '2023-09-08 16:12:06', '2023-09-08 16:05:38'),
(33, 'consultation', 'ent_consultation_contragents', 24, 1, 'deleted', '2023-09-08 16:12:17', '2023-09-08 16:12:11'),
(34, 'consultation', 'ent_consultation_contragents', 24, 1, 'deleted', '2023-09-08 16:13:10', '2023-09-08 16:12:27'),
(35, 'consultation', 'ent_consultation_contragents', 24, 1, 'deleted', '2023-09-08 16:13:36', '2023-09-08 16:13:18'),
(36, 'consultation', 'ent_consultation_contragents', 24, 1, 'deleted', '2023-09-08 16:13:54', '2023-09-08 16:13:43'),
(37, 'consultation', 'ent_consultation_contragents', 24, 1, 'deleted', '2023-09-08 16:14:35', '2023-09-08 16:14:27'),
(38, 'consultation', 'ent_consultation_contragents', 24, 1, 'approved', '2023-09-08 16:14:46', '2023-09-08 16:14:46'),
(39, 'consultation', 'ent_consultation_contragents', 25, 1, 'approved', '2023-09-08 16:14:57', '2023-09-08 16:14:57'),
(40, 'consultation', 'ent_consultation_contragents', 27, 1, 'approved', '2023-09-08 16:15:12', '2023-09-08 16:15:12'),
(41, 'consultation', 'ent_consultation_contragents', 29, 1, 'approved', '2023-09-08 16:15:22', '2023-09-08 16:15:22'),
(42, 'consultation', 'ent_consultation_contragents', 31, 1, 'approved', '2023-09-08 16:15:39', '2023-09-08 16:15:39'),
(43, 'consultation', 'ent_consultation_contragents', 32, 1, 'deleted', '2023-09-08 16:27:26', '2023-09-08 16:27:06'),
(44, 'consultation', 'ent_consultation_contragents', 32, 1, 'deleted', '2023-09-08 16:30:45', '2023-09-08 16:29:40'),
(45, 'consultation', 'ent_consultation_contragents', 32, 1, 'deleted', '2023-09-08 16:33:28', '2023-09-08 16:31:54'),
(46, 'consultation', 'ent_consultation_contragents', 32, 1, 'deleted', '2023-09-08 16:36:34', '2023-09-08 16:35:04'),
(47, 'consultation', 'ent_consultation_contragents', 32, 1, 'deleted', '2023-09-08 16:41:33', '2023-09-08 16:36:54'),
(48, 'consultation', 'ent_consultation_contragents', 32, 1, 'deleted', '2023-09-08 16:41:57', '2023-09-08 16:41:48'),
(49, 'consultation', 'ent_consultation_contragents', 32, 1, 'deleted', '2023-09-08 17:32:13', '2023-09-08 17:32:09'),
(50, 'consultation', 'ent_consultation_contragents', 32, 1, 'deleted', '2023-09-08 17:41:54', '2023-09-08 17:40:42'),
(51, 'consultation', 'ent_consultation_contragents', 32, 1, 'deleted', '2023-09-08 17:42:02', '2023-09-08 17:41:59'),
(52, 'consultation', 'ent_consultation_contragents', 32, 1, 'deleted', '2023-09-08 17:42:22', '2023-09-08 17:42:09'),
(53, 'consultation', 'ent_consultation_contragents', 32, 1, 'deleted', '2023-09-08 17:42:43', '2023-09-08 17:42:34'),
(54, 'consultation', 'ent_consultation_contragents', 32, 1, 'deleted', '2023-09-08 17:50:15', '2023-09-08 17:50:11'),
(55, 'consultation', 'ent_consultation_contragents', 32, 19, 'approved', '2023-09-08 17:53:22', '2023-09-08 17:50:25'),
(56, 'consultation', 'ent_consultation_contragents', 32, 1, 'deleted', '2023-09-08 17:53:53', '2023-09-08 17:53:37'),
(57, 'consultation', 'ent_consultation_contragents', 32, 1, 'approved', '2023-09-08 17:54:48', '2023-09-08 17:54:22'),
(58, 'clinic', 'ent_clinic_contragents', 35, 19, 'approved', '2023-12-24 21:06:59', '2023-09-09 19:38:57'),
(59, 'clinic', 'ent_contragents', 2, 1, 'approved', '2023-09-09 19:50:09', '2023-09-09 19:50:09'),
(60, 'clinic', 'ent_clinic_contragents', 2, 19, 'approved', '2023-09-09 19:53:09', '2023-09-09 19:50:31'),
(61, 'clinic', 'ent_clinic_contragents', 2, 21, 'approved', '2023-09-09 19:54:25', '2023-09-09 19:53:49'),
(62, 'clinic', 'ent_clinic_contragents', 2, 1, 'deleted', '2023-09-09 20:00:49', '2023-09-09 20:00:19'),
(63, 'clinic', 'ent_clinic_contragents', 2, 1, 'approved', '2023-09-09 20:57:57', '2023-09-09 20:57:57'),
(64, 'clinic', 'ent_clinic_contragents', 15, 1, 'approved', '2023-09-13 15:41:31', '2023-09-13 15:41:31');

-- --------------------------------------------------------

--
-- Структура таблицы `feedback_entity_type`
--

CREATE TABLE `feedback_entity_type` (
  `id` bigint UNSIGNED NOT NULL,
  `title` varchar(50) CHARACTER SET utf8mb3 COLLATE utf8mb3_unicode_ci NOT NULL,
  `slug` varchar(20) CHARACTER SET utf8mb3 COLLATE utf8mb3_unicode_ci NOT NULL,
  `comment` text CHARACTER SET utf8mb3 COLLATE utf8mb3_unicode_ci NOT NULL
) ENGINE=InnoDB DEFAULT CHARSET=utf8mb3 COLLATE=utf8mb3_unicode_ci COMMENT='Тип сущности';

--
-- Дамп данных таблицы `feedback_entity_type`
--

INSERT INTO `feedback_entity_type` (`id`, `title`, `slug`, `comment`) VALUES
(1, 'Контрагент', 'company', ''),
(2, 'Слот', 'slot', ''),
(3, 'Персонал', 'person', '');

-- --------------------------------------------------------

--
-- Структура таблицы `feedback_rate`
--

CREATE TABLE `feedback_rate` (
  `entity_key` varchar(50) COLLATE utf8mb3_unicode_ci NOT NULL,
  `entity_id` bigint NOT NULL,
  `rate` int NOT NULL,
  `datetime_update` timestamp NOT NULL DEFAULT CURRENT_TIMESTAMP ON UPDATE CURRENT_TIMESTAMP
) ENGINE=InnoDB DEFAULT CHARSET=utf8mb3 COLLATE=utf8mb3_unicode_ci;

-- --------------------------------------------------------

--
-- Структура таблицы `feedback_status_type`
--

CREATE TABLE `feedback_status_type` (
  `id` bigint UNSIGNED NOT NULL,
  `title` varchar(50) CHARACTER SET utf8mb3 COLLATE utf8mb3_unicode_ci NOT NULL,
  `slug` varchar(20) CHARACTER SET utf8mb3 COLLATE utf8mb3_unicode_ci NOT NULL,
  `comment` text CHARACTER SET utf8mb3 COLLATE utf8mb3_unicode_ci NOT NULL
) ENGINE=InnoDB DEFAULT CHARSET=utf8mb3 COLLATE=utf8mb3_unicode_ci COMMENT='Тип сущности';

--
-- Дамп данных таблицы `feedback_status_type`
--

INSERT INTO `feedback_status_type` (`id`, `title`, `slug`, `comment`) VALUES
(1, 'Ожидает модерации', 'pending', ''),
(2, 'Одобрен', 'approved', ''),
(3, 'Доверен', 'verified', ''),
(4, 'Заблокирован', 'blocked', ''),
(5, 'Не одобрен', 'reject', ''),
(6, 'Официальный ответ', 'official', ''),
(7, 'Удален(неактивен)', 'deleted', 'Система не удаляет действие из базы а только помечает его как удаленный');

-- --------------------------------------------------------

--
-- Структура таблицы `files`
--

CREATE TABLE `files` (
  `id` bigint UNSIGNED NOT NULL,
  `filename` varchar(500) CHARACTER SET utf8mb3 COLLATE utf8mb3_unicode_ci NOT NULL,
  `aws` varchar(570) CHARACTER SET utf8mb3 COLLATE utf8mb3_unicode_ci DEFAULT NULL,
  `folder` varchar(50) COLLATE utf8mb3_unicode_ci NOT NULL,
  `type` varchar(50) COLLATE utf8mb3_unicode_ci NOT NULL
) ENGINE=InnoDB DEFAULT CHARSET=utf8mb3 COLLATE=utf8mb3_unicode_ci;

--
-- Дамп данных таблицы `files`
--

INSERT INTO `files` (`id`, `filename`, `aws`, `folder`, `type`) VALUES
(9, 'birth1_1640179751184.jpg', 'https://birhhelper-storage.storage.yandexcloud.net/system-images/birth1_1640179751184.jpg', '/system-images', 'image/jpeg'),
(29, 'fasad_1640624203771.JPG', 'https://birhhelper-storage.storage.yandexcloud.net/system-images/fasad_1640624203771.JPG', '/system-images', 'image/jpeg'),
(30, 'olga_gorbunova_1640624378168.jpg', 'https://birhhelper-storage.storage.yandexcloud.net/system-images/olga_gorbunova_1640624378168.jpg', '/system-images', 'image/jpeg'),
(31, 'artur_li_1640624389010.jpg', 'https://birhhelper-storage.storage.yandexcloud.net/system-images/artur_li_1640624389010.jpg', '/system-images', 'image/jpeg'),
(32, 'aleksei_volkodav_1640624401417.jpg', 'https://birhhelper-storage.storage.yandexcloud.net/system-images/aleksei_volkodav_1640624401417.jpg', '/system-images', 'image/jpeg'),
(33, 'oleg_ionov_1640624424085.jpg', 'https://birhhelper-storage.storage.yandexcloud.net/system-images/oleg_ionov_1640624424085.jpg', '/system-images', 'image/jpeg'),
(34, 'fasad_1640624529896.JPG', 'https://birhhelper-storage.storage.yandexcloud.net/system-images/fasad_1640624529896.JPG', '/system-images', 'image/jpeg'),
(35, 'olga_sergunina_1640624575525.jpg', 'https://birhhelper-storage.storage.yandexcloud.net/system-images/olga_sergunina_1640624575525.jpg', '/system-images', 'image/jpeg'),
(36, 'nikolai_polyakov_1640624611431.jpg', 'https://birhhelper-storage.storage.yandexcloud.net/system-images/nikolai_polyakov_1640624611431.jpg', '/system-images', 'image/jpeg'),
(37, 'nataly_kan_1640624636066.jpg', 'https://birhhelper-storage.storage.yandexcloud.net/system-images/nataly_kan_1640624636066.jpg', '/system-images', 'image/jpeg'),
(38, 'ali_kurguliev_1640624665561.jpg', 'https://birhhelper-storage.storage.yandexcloud.net/system-images/ali_kurguliev_1640624665561.jpg', '/system-images', 'image/jpeg'),
(39, 'viktor_tetenyk_1640624707348.jpg', 'https://birhhelper-storage.storage.yandexcloud.net/system-images/viktor_tetenyk_1640624707348.jpg', '/system-images', 'image/jpeg'),
(40, 'gaene_saakyan_1640624743179.jpg', 'https://birhhelper-storage.storage.yandexcloud.net/system-images/gaene_saakyan_1640624743179.jpg', '/system-images', 'image/jpeg'),
(41, 'Palata_base_1640625009461.JPG', 'https://birhhelper-storage.storage.yandexcloud.net/system-images/Palata_base_1640625009461.JPG', '/system-images', 'image/jpeg'),
(42, 'Palata_base_1640625105802.JPG', 'https://birhhelper-storage.storage.yandexcloud.net/system-images/Palata_base_1640625105802.JPG', '/system-images', 'image/jpeg'),
(43, 'Palata_base_plus_1640625378527.JPG', 'https://birhhelper-storage.storage.yandexcloud.net/system-images/Palata_base_plus_1640625378527.JPG', '/system-images', 'image/jpeg'),
(46, '1_YM0-nhuZkayD-2SUev5PLg_1640707417892.jpeg', 'https://birhhelper-storage.storage.yandexcloud.net/user-images/1_YM0-nhuZkayD-2SUev5PLg_1640707417892.jpeg', '/user-images', 'image/jpeg'),
(47, 'Фасад_1645616560482.jpg', 'https://birhhelper-storage.storage.yandexcloud.net/system-images/%D0%A4%D0%B0%D1%81%D0%B0%D0%B4_1645616560482.jpg', '/system-images', 'image/jpeg'),
(48, 'Фасад_1645616562185.jpg', 'https://birhhelper-storage.storage.yandexcloud.net/system-images/%D0%A4%D0%B0%D1%81%D0%B0%D0%B4_1645616562185.jpg', '/system-images', 'image/jpeg'),
(49, 'Фасад_1645616571230.jpg', 'https://birhhelper-storage.storage.yandexcloud.net/system-images/%D0%A4%D0%B0%D1%81%D0%B0%D0%B4_1645616571230.jpg', '/system-images', 'image/jpeg'),
(50, 'Фасад_1645616656746.jpg', 'https://birhhelper-storage.storage.yandexcloud.net/system-images/%D0%A4%D0%B0%D1%81%D0%B0%D0%B4_1645616656746.jpg', '/system-images', 'image/jpeg'),
(51, 'Фасад_1645616658674.jpg', 'https://birhhelper-storage.storage.yandexcloud.net/system-images/%D0%A4%D0%B0%D1%81%D0%B0%D0%B4_1645616658674.jpg', '/system-images', 'image/jpeg'),
(52, 'Фасад_1645616659113.jpg', 'https://birhhelper-storage.storage.yandexcloud.net/system-images/%D0%A4%D0%B0%D1%81%D0%B0%D0%B4_1645616659113.jpg', '/system-images', 'image/jpeg'),
(53, 'Фасад_1645616659255.jpg', 'https://birhhelper-storage.storage.yandexcloud.net/system-images/%D0%A4%D0%B0%D1%81%D0%B0%D0%B4_1645616659255.jpg', '/system-images', 'image/jpeg'),
(54, 'Фасад_1645616668710.jpg', 'https://birhhelper-storage.storage.yandexcloud.net/system-images/%D0%A4%D0%B0%D1%81%D0%B0%D0%B4_1645616668710.jpg', '/system-images', 'image/jpeg'),
(55, 'Фасад_1645616668495.jpg', 'https://birhhelper-storage.storage.yandexcloud.net/system-images/%D0%A4%D0%B0%D1%81%D0%B0%D0%B4_1645616668495.jpg', '/system-images', 'image/jpeg'),
(56, 'Фасад_1645616668921.jpg', 'https://birhhelper-storage.storage.yandexcloud.net/system-images/%D0%A4%D0%B0%D1%81%D0%B0%D0%B4_1645616668921.jpg', '/system-images', 'image/jpeg'),
(57, 'Фасад_1645616669122.jpg', 'https://birhhelper-storage.storage.yandexcloud.net/system-images/%D0%A4%D0%B0%D1%81%D0%B0%D0%B4_1645616669122.jpg', '/system-images', 'image/jpeg'),
(58, 'Фасад_1645616669315.jpg', 'https://birhhelper-storage.storage.yandexcloud.net/system-images/%D0%A4%D0%B0%D1%81%D0%B0%D0%B4_1645616669315.jpg', '/system-images', 'image/jpeg'),
(59, 'Фасад_1645616669519.jpg', 'https://birhhelper-storage.storage.yandexcloud.net/system-images/%D0%A4%D0%B0%D1%81%D0%B0%D0%B4_1645616669519.jpg', '/system-images', 'image/jpeg'),
(60, 'Фасад_1645616679909.jpg', 'https://birhhelper-storage.storage.yandexcloud.net/system-images/%D0%A4%D0%B0%D1%81%D0%B0%D0%B4_1645616679909.jpg', '/system-images', 'image/jpeg'),
(61, 'Фасад_1645616756320.jpg', 'https://birhhelper-storage.storage.yandexcloud.net/system-images/%D0%A4%D0%B0%D1%81%D0%B0%D0%B4_1645616756320.jpg', '/system-images', 'image/jpeg'),
(62, 'Фасад_1645616766901.jpg', 'https://birhhelper-storage.storage.yandexcloud.net/system-images/%D0%A4%D0%B0%D1%81%D0%B0%D0%B4_1645616766901.jpg', '/system-images', 'image/jpeg'),
(63, 'Фасад_1645616778982.jpg', 'https://birhhelper-storage.storage.yandexcloud.net/system-images/%D0%A4%D0%B0%D1%81%D0%B0%D0%B4_1645616778982.jpg', '/system-images', 'image/jpeg'),
(64, 'Фасад_1645616812557.jpg', 'https://birhhelper-storage.storage.yandexcloud.net/system-images/%D0%A4%D0%B0%D1%81%D0%B0%D0%B4_1645616812557.jpg', '/system-images', 'image/jpeg'),
(65, 'Фасад_1645616813432.jpg', 'https://birhhelper-storage.storage.yandexcloud.net/system-images/%D0%A4%D0%B0%D1%81%D0%B0%D0%B4_1645616813432.jpg', '/system-images', 'image/jpeg'),
(66, 'Фасад_1645616813665.jpg', 'https://birhhelper-storage.storage.yandexcloud.net/system-images/%D0%A4%D0%B0%D1%81%D0%B0%D0%B4_1645616813665.jpg', '/system-images', 'image/jpeg'),
(67, 'Фасад_1645616813861.jpg', 'https://birhhelper-storage.storage.yandexcloud.net/system-images/%D0%A4%D0%B0%D1%81%D0%B0%D0%B4_1645616813861.jpg', '/system-images', 'image/jpeg'),
(68, 'Фасад_1645616814010.jpg', 'https://birhhelper-storage.storage.yandexcloud.net/system-images/%D0%A4%D0%B0%D1%81%D0%B0%D0%B4_1645616814010.jpg', '/system-images', 'image/jpeg'),
(69, 'Фасад_1645616814247.jpg', 'https://birhhelper-storage.storage.yandexcloud.net/system-images/%D0%A4%D0%B0%D1%81%D0%B0%D0%B4_1645616814247.jpg', '/system-images', 'image/jpeg'),
(70, 'Фасад_1645616814382.jpg', 'https://birhhelper-storage.storage.yandexcloud.net/system-images/%D0%A4%D0%B0%D1%81%D0%B0%D0%B4_1645616814382.jpg', '/system-images', 'image/jpeg'),
(71, 'Фасад_1645616814557.jpg', 'https://birhhelper-storage.storage.yandexcloud.net/system-images/%D0%A4%D0%B0%D1%81%D0%B0%D0%B4_1645616814557.jpg', '/system-images', 'image/jpeg'),
(72, '8_1645616846793.jpg', 'https://birhhelper-storage.storage.yandexcloud.net/system-images/8_1645616846793.jpg', '/system-images', 'image/jpeg'),
(73, '8_1645616847055.jpg', 'https://birhhelper-storage.storage.yandexcloud.net/system-images/8_1645616847055.jpg', '/system-images', 'image/jpeg'),
(74, '8_1645616847300.jpg', 'https://birhhelper-storage.storage.yandexcloud.net/system-images/8_1645616847300.jpg', '/system-images', 'image/jpeg'),
(75, '8_1645616847477.jpg', 'https://birhhelper-storage.storage.yandexcloud.net/system-images/8_1645616847477.jpg', '/system-images', 'image/jpeg'),
(76, '8_1645616848032.jpg', 'https://birhhelper-storage.storage.yandexcloud.net/system-images/8_1645616848032.jpg', '/system-images', 'image/jpeg'),
(77, '8_1645616848161.jpg', 'https://birhhelper-storage.storage.yandexcloud.net/system-images/8_1645616848161.jpg', '/system-images', 'image/jpeg'),
(78, '8_1645616848156.jpg', 'https://birhhelper-storage.storage.yandexcloud.net/system-images/8_1645616848156.jpg', '/system-images', 'image/jpeg'),
(79, '8_1645616848379.jpg', 'https://birhhelper-storage.storage.yandexcloud.net/system-images/8_1645616848379.jpg', '/system-images', 'image/jpeg'),
(80, '8_1645616848500.jpg', 'https://birhhelper-storage.storage.yandexcloud.net/system-images/8_1645616848500.jpg', '/system-images', 'image/jpeg'),
(81, '8_1645616848619.jpg', 'https://birhhelper-storage.storage.yandexcloud.net/system-images/8_1645616848619.jpg', '/system-images', 'image/jpeg'),
(82, '8_1645616849109.jpg', 'https://birhhelper-storage.storage.yandexcloud.net/system-images/8_1645616849109.jpg', '/system-images', 'image/jpeg'),
(83, '8_1645616849227.jpg', 'https://birhhelper-storage.storage.yandexcloud.net/system-images/8_1645616849227.jpg', '/system-images', 'image/jpeg'),
(84, '8_1645616849333.jpg', 'https://birhhelper-storage.storage.yandexcloud.net/system-images/8_1645616849333.jpg', '/system-images', 'image/jpeg'),
(85, '8_1645616849544.jpg', 'https://birhhelper-storage.storage.yandexcloud.net/system-images/8_1645616849544.jpg', '/system-images', 'image/jpeg'),
(86, 'Фасад_1645617471728.jpg', 'https://birhhelper-storage.storage.yandexcloud.net/system-images/%D0%A4%D0%B0%D1%81%D0%B0%D0%B4_1645617471728.jpg', '/system-images', 'image/jpeg'),
(87, 'Фасад_1645617603648.jpg', 'https://birhhelper-storage.storage.yandexcloud.net/system-images/%D0%A4%D0%B0%D1%81%D0%B0%D0%B4_1645617603648.jpg', '/system-images', 'image/jpeg'),
(88, 'Фасад_1645617605557.jpg', 'https://birhhelper-storage.storage.yandexcloud.net/system-images/%D0%A4%D0%B0%D1%81%D0%B0%D0%B4_1645617605557.jpg', '/system-images', 'image/jpeg'),
(89, 'Фасад_1645617605906.jpg', 'https://birhhelper-storage.storage.yandexcloud.net/system-images/%D0%A4%D0%B0%D1%81%D0%B0%D0%B4_1645617605906.jpg', '/system-images', 'image/jpeg'),
(90, 'Фасад_1645617606268.jpg', 'https://birhhelper-storage.storage.yandexcloud.net/system-images/%D0%A4%D0%B0%D1%81%D0%B0%D0%B4_1645617606268.jpg', '/system-images', 'image/jpeg'),
(91, 'Фасад_1645618264843.jpg', 'https://birhhelper-storage.storage.yandexcloud.net/system-images/%D0%A4%D0%B0%D1%81%D0%B0%D0%B4_1645618264843.jpg', '/system-images', 'image/jpeg'),
(92, 'Фасад_1645618317245.jpg', 'https://birhhelper-storage.storage.yandexcloud.net/system-images/%D0%A4%D0%B0%D1%81%D0%B0%D0%B4_1645618317245.jpg', '/system-images', 'image/jpeg'),
(93, '13740_1645624342804.jpg', 'https://birhhelper-storage.storage.yandexcloud.net/system-images/13740_1645624342804.jpg', '/system-images', 'image/jpeg'),
(94, '13740_1645624770025.jpg', 'https://birhhelper-storage.storage.yandexcloud.net/system-images/13740_1645624770025.jpg', '/system-images', 'image/jpeg'),
(95, '13740_1645625031001.jpg', 'https://birhhelper-storage.storage.yandexcloud.net/system-images/13740_1645625031001.jpg', '/system-images', 'image/jpeg'),
(96, '13740_1645625211804.jpg', 'https://birhhelper-storage.storage.yandexcloud.net/system-images/13740_1645625211804.jpg', '/system-images', 'image/jpeg'),
(97, 'Медси_1646076983390.jpg', 'https://birhhelper-storage.storage.yandexcloud.net/system-images/%D0%9C%D0%B5%D0%B4%D1%81%D0%B8_1646076983390.jpg', '/system-images', 'image/jpeg'),
(98, 'Медси_1646077016914.jpg', 'https://birhhelper-storage.storage.yandexcloud.net/system-images/%D0%9C%D0%B5%D0%B4%D1%81%D0%B8_1646077016914.jpg', '/system-images', 'image/jpeg'),
(99, 'Медси_1646077179893.jpg', 'https://birhhelper-storage.storage.yandexcloud.net/system-images/%D0%9C%D0%B5%D0%B4%D1%81%D0%B8_1646077179893.jpg', '/system-images', 'image/jpeg'),
(100, 'Медси_1646078401916.jpg', 'https://birhhelper-storage.storage.yandexcloud.net/system-images/%D0%9C%D0%B5%D0%B4%D1%81%D0%B8_1646078401916.jpg', '/system-images', 'image/jpeg'),
(101, '2022-03-01_22-23-39_1646162917680.jpg', 'https://birhhelper-storage.storage.yandexcloud.net/system-images/2022-03-01_22-23-39_1646162917680.jpg', '/system-images', 'image/jpeg'),
(102, 'МОНИИГ_1646596248827.jpg', 'https://birhhelper-storage.storage.yandexcloud.net/system-images/%D0%9C%D0%9E%D0%9D%D0%98%D0%98%D0%93_1646596248827.jpg', '/system-images', 'image/jpeg'),
(103, 'Демихова_1646598831839.jpg', 'https://birhhelper-storage.storage.yandexcloud.net/system-images/%D0%94%D0%B5%D0%BC%D0%B8%D1%85%D0%BE%D0%B2%D0%B0_1646598831839.jpg', '/system-images', 'image/jpeg'),
(104, '29_1646659889701.jpg', 'https://birhhelper-storage.storage.yandexcloud.net/system-images/29_1646659889701.jpg', '/system-images', 'image/jpeg'),
(105, 'Роддом 8_1646660671493.jpg', 'https://birhhelper-storage.storage.yandexcloud.net/system-images/%D0%A0%D0%BE%D0%B4%D0%B4%D0%BE%D0%BC%208_1646660671493.jpg', '/system-images', 'image/jpeg'),
(106, 'Мать и дитя_1646661338268.jpg', 'https://birhhelper-storage.storage.yandexcloud.net/system-images/%D0%9C%D0%B0%D1%82%D1%8C%20%D0%B8%20%D0%B4%D0%B8%D1%82%D1%8F_1646661338268.jpg', '/system-images', 'image/jpeg'),
(107, 'Роддом 8_1646662779781.jpg', 'https://birhhelper-storage.storage.yandexcloud.net/system-images/%D0%A0%D0%BE%D0%B4%D0%B4%D0%BE%D0%BC%208_1646662779781.jpg', '/system-images', 'image/jpeg'),
(108, 'Роддом 8_1646662915189.jpg', 'https://birhhelper-storage.storage.yandexcloud.net/system-images/%D0%A0%D0%BE%D0%B4%D0%B4%D0%BE%D0%BC%208_1646662915189.jpg', '/system-images', 'image/jpeg'),
(109, 'roddom_8_1646663368689.jpg', 'https://birhhelper-storage.storage.yandexcloud.net/system-images/roddom_8_1646663368689.jpg', '/system-images', 'image/jpeg'),
(110, 'Роддом 8_1646663370736.jpg', 'https://birhhelper-storage.storage.yandexcloud.net/system-images/%D0%A0%D0%BE%D0%B4%D0%B4%D0%BE%D0%BC%208_1646663370736.jpg', '/system-images', 'image/jpeg'),
(111, 'Кулакова_1646665001956.jpg', 'https://birhhelper-storage.storage.yandexcloud.net/system-images/%D0%9A%D1%83%D0%BB%D0%B0%D0%BA%D0%BE%D0%B2%D0%B0_1646665001956.jpg', '/system-images', 'image/jpeg'),
(112, 'jk1_1646692555569.jpg', 'https://birhhelper-storage.storage.yandexcloud.net/system-images/jk1_1646692555569.jpg', '/system-images', 'image/jpeg'),
(113, 'Виноградова_1646740870036.jpg', 'https://birhhelper-storage.storage.yandexcloud.net/system-images/%D0%92%D0%B8%D0%BD%D0%BE%D0%B3%D1%80%D0%B0%D0%B4%D0%BE%D0%B2%D0%B0_1646740870036.jpg', '/system-images', 'image/jpeg'),
(114, 'пирогова_1646742164858.jpg', 'https://birhhelper-storage.storage.yandexcloud.net/system-images/%D0%BF%D0%B8%D1%80%D0%BE%D0%B3%D0%BE%D0%B2%D0%B0_1646742164858.jpg', '/system-images', 'image/jpeg'),
(115, 'Ворохобова_1646742636721.jpg', 'https://birhhelper-storage.storage.yandexcloud.net/system-images/%D0%92%D0%BE%D1%80%D0%BE%D1%85%D0%BE%D0%B1%D0%BE%D0%B2%D0%B0_1646742636721.jpg', '/system-images', 'image/jpeg'),
(116, 'ЕМС Щепкина_1647762272613.JPG', 'https://birhhelper-storage.storage.yandexcloud.net/system-images/%D0%95%D0%9C%D0%A1%20%D0%A9%D0%B5%D0%BF%D0%BA%D0%B8%D0%BD%D0%B0_1647762272613.JPG', '/system-images', 'image/jpeg'),
(117, 'ЕМС Щепкина_1647766221528.JPG', 'https://birhhelper-storage.storage.yandexcloud.net/system-images/%D0%95%D0%9C%D0%A1%20%D0%A9%D0%B5%D0%BF%D0%BA%D0%B8%D0%BD%D0%B0_1647766221528.JPG', '/system-images', 'image/jpeg'),
(118, 'EMC Спир_1647766501974.JPG', 'https://birhhelper-storage.storage.yandexcloud.net/system-images/EMC%20%D0%A1%D0%BF%D0%B8%D1%80_1647766501974.JPG', '/system-images', 'image/jpeg'),
(119, 'Фасад_1648369567744.jpg', 'https://birhhelper-storage.storage.yandexcloud.net/system-images/%D0%A4%D0%B0%D1%81%D0%B0%D0%B4_1648369567744.jpg', '/system-images', 'image/jpeg'),
(120, 'Medok_1648369766112.jpg', 'https://birhhelper-storage.storage.yandexcloud.net/system-images/Medok_1648369766112.jpg', '/system-images', 'image/jpeg'),
(121, 'Пешева_1648370671219.jpg', 'https://birhhelper-storage.storage.yandexcloud.net/system-images/%D0%9F%D0%B5%D1%88%D0%B5%D0%B2%D0%B0_1648370671219.jpg', '/system-images', 'image/jpeg'),
(122, 'Древаль_1000_1650815257230.jpg', 'https://birhhelper-storage.storage.yandexcloud.net/system-images/%D0%94%D1%80%D0%B5%D0%B2%D0%B0%D0%BB%D1%8C_1000_1650815257230.jpg', '/system-images', 'image/jpeg'),
(123, 'Древаль_1000_1650815848184.jpg', 'https://birhhelper-storage.storage.yandexcloud.net/system-images/%D0%94%D1%80%D0%B5%D0%B2%D0%B0%D0%BB%D1%8C_1000_1650815848184.jpg', '/system-images', 'image/jpeg'),
(124, 'Древаль_1000_1650815896577.jpg', 'https://birhhelper-storage.storage.yandexcloud.net/system-images/%D0%94%D1%80%D0%B5%D0%B2%D0%B0%D0%BB%D1%8C_1000_1650815896577.jpg', '/system-images', 'image/jpeg'),
(125, 'b16723ebdb79ed5c21ac8afbc3a252_1650899846574.jpg', 'https://birhhelper-storage.storage.yandexcloud.net/system-images/b16723ebdb79ed5c21ac8afbc3a252_1650899846574.jpg', '/system-images', 'image/jpeg'),
(126, '2019-12-08_15-22-58_1651001826372.jpg', 'https://birhhelper-storage.storage.yandexcloud.net/system-images/2019-12-08_15-22-58_1651001826372.jpg', '/system-images', 'image/jpeg'),
(127, 'EMC_1657363506804.JPG', 'https://birhhelper-storage.storage.yandexcloud.net/system-images/EMC_1657363506804.JPG', '/system-images', 'image/jpeg'),
(128, 'Медок Солнцево пример_1658071347202.JPG', 'https://birhhelper-storage.storage.yandexcloud.net/system-images/%D0%9C%D0%B5%D0%B4%D0%BE%D0%BA%20%D0%A1%D0%BE%D0%BB%D0%BD%D1%86%D0%B5%D0%B2%D0%BE%20%D0%BF%D1%80%D0%B8%D0%BC%D0%B5%D1%80_1658071347202.JPG', '/system-images', 'image/jpeg'),
(129, 'Медок Солнцево пример_1658071365230.JPG', 'https://birhhelper-storage.storage.yandexcloud.net/system-images/%D0%9C%D0%B5%D0%B4%D0%BE%D0%BA%20%D0%A1%D0%BE%D0%BB%D0%BD%D1%86%D0%B5%D0%B2%D0%BE%20%D0%BF%D1%80%D0%B8%D0%BC%D0%B5%D1%80_1658071365230.JPG', '/system-images', 'image/jpeg'),
(130, 'Медок Солнцево пример_1658073446204.JPG', 'https://birhhelper-storage.storage.yandexcloud.net/system-images/%D0%9C%D0%B5%D0%B4%D0%BE%D0%BA%20%D0%A1%D0%BE%D0%BB%D0%BD%D1%86%D0%B5%D0%B2%D0%BE%20%D0%BF%D1%80%D0%B8%D0%BC%D0%B5%D1%80_1658073446204.JPG', '/system-images', 'image/jpeg'),
(131, 'Медок Солнцево пример_1658073551758.JPG', 'https://birhhelper-storage.storage.yandexcloud.net/system-images/%D0%9C%D0%B5%D0%B4%D0%BE%D0%BA%20%D0%A1%D0%BE%D0%BB%D0%BD%D1%86%D0%B5%D0%B2%D0%BE%20%D0%BF%D1%80%D0%B8%D0%BC%D0%B5%D1%80_1658073551758.JPG', '/system-images', 'image/jpeg'),
(132, 'Родильный дом ГКБ №15 им_1660479693339. О', 'https://birhhelper-storage.storage.yandexcloud.net/system-images/%D0%A0%D0%BE%D0%B4%D0%B8%D0%BB%D1%8C%D0%BD%D1%8B%D0%B9%20%D0%B4%D0%BE%D0%BC%20%D0%93%D0%9A%D0%91%20%E2%84%9615%20%D0%B8%D0%BC_1660479693339.%20%D0%9E', '/system-images', 'image/jpeg'),
(133, 'Родильный дом ГКБ №15 им_1660479694741. О', 'https://birhhelper-storage.storage.yandexcloud.net/system-images/%D0%A0%D0%BE%D0%B4%D0%B8%D0%BB%D1%8C%D0%BD%D1%8B%D0%B9%20%D0%B4%D0%BE%D0%BC%20%D0%93%D0%9A%D0%91%20%E2%84%9615%20%D0%B8%D0%BC_1660479694741.%20%D0%9E', '/system-images', 'image/jpeg'),
(134, 'Родильный дом ГКБ №15 им_1660479697630. О', 'https://birhhelper-storage.storage.yandexcloud.net/system-images/%D0%A0%D0%BE%D0%B4%D0%B8%D0%BB%D1%8C%D0%BD%D1%8B%D0%B9%20%D0%B4%D0%BE%D0%BC%20%D0%93%D0%9A%D0%91%20%E2%84%9615%20%D0%B8%D0%BC_1660479697630.%20%D0%9E', '/system-images', 'image/jpeg'),
(135, 'Родильный дом ГКБ №15 им_1660479698124. О', 'https://birhhelper-storage.storage.yandexcloud.net/system-images/%D0%A0%D0%BE%D0%B4%D0%B8%D0%BB%D1%8C%D0%BD%D1%8B%D0%B9%20%D0%B4%D0%BE%D0%BC%20%D0%93%D0%9A%D0%91%20%E2%84%9615%20%D0%B8%D0%BC_1660479698124.%20%D0%9E', '/system-images', 'image/jpeg'),
(136, 'Родильный дом ГКБ №15 им_1660479698134. О', 'https://birhhelper-storage.storage.yandexcloud.net/system-images/%D0%A0%D0%BE%D0%B4%D0%B8%D0%BB%D1%8C%D0%BD%D1%8B%D0%B9%20%D0%B4%D0%BE%D0%BC%20%D0%93%D0%9A%D0%91%20%E2%84%9615%20%D0%B8%D0%BC_1660479698134.%20%D0%9E', '/system-images', 'image/jpeg'),
(137, 'Родильный дом ГКБ №15 им_1660479700444. О', 'https://birhhelper-storage.storage.yandexcloud.net/system-images/%D0%A0%D0%BE%D0%B4%D0%B8%D0%BB%D1%8C%D0%BD%D1%8B%D0%B9%20%D0%B4%D0%BE%D0%BC%20%D0%93%D0%9A%D0%91%20%E2%84%9615%20%D0%B8%D0%BC_1660479700444.%20%D0%9E', '/system-images', 'image/jpeg'),
(138, 'Родильный дом ГКБ №15 им_1660479701778. О', 'https://birhhelper-storage.storage.yandexcloud.net/system-images/%D0%A0%D0%BE%D0%B4%D0%B8%D0%BB%D1%8C%D0%BD%D1%8B%D0%B9%20%D0%B4%D0%BE%D0%BC%20%D0%93%D0%9A%D0%91%20%E2%84%9615%20%D0%B8%D0%BC_1660479701778.%20%D0%9E', '/system-images', 'image/jpeg'),
(139, 'Родильный дом ГКБ №15 им_1660479702842. О', 'https://birhhelper-storage.storage.yandexcloud.net/system-images/%D0%A0%D0%BE%D0%B4%D0%B8%D0%BB%D1%8C%D0%BD%D1%8B%D0%B9%20%D0%B4%D0%BE%D0%BC%20%D0%93%D0%9A%D0%91%20%E2%84%9615%20%D0%B8%D0%BC_1660479702842.%20%D0%9E', '/system-images', 'image/jpeg'),
(140, 'Родильный дом ГКБ №15 им_1660479703082. О', 'https://birhhelper-storage.storage.yandexcloud.net/system-images/%D0%A0%D0%BE%D0%B4%D0%B8%D0%BB%D1%8C%D0%BD%D1%8B%D0%B9%20%D0%B4%D0%BE%D0%BC%20%D0%93%D0%9A%D0%91%20%E2%84%9615%20%D0%B8%D0%BC_1660479703082.%20%D0%9E', '/system-images', 'image/jpeg'),
(141, 'Родильный дом ГКБ №15 им_1660479703587. О', 'https://birhhelper-storage.storage.yandexcloud.net/system-images/%D0%A0%D0%BE%D0%B4%D0%B8%D0%BB%D1%8C%D0%BD%D1%8B%D0%B9%20%D0%B4%D0%BE%D0%BC%20%D0%93%D0%9A%D0%91%20%E2%84%9615%20%D0%B8%D0%BC_1660479703587.%20%D0%9E', '/system-images', 'image/jpeg'),
(142, 'Родильный дом ГКБ №15 им_1660479704172. О', 'https://birhhelper-storage.storage.yandexcloud.net/system-images/%D0%A0%D0%BE%D0%B4%D0%B8%D0%BB%D1%8C%D0%BD%D1%8B%D0%B9%20%D0%B4%D0%BE%D0%BC%20%D0%93%D0%9A%D0%91%20%E2%84%9615%20%D0%B8%D0%BC_1660479704172.%20%D0%9E', '/system-images', 'image/jpeg'),
(143, 'Родильный дом ГКБ №15 им_1660479704422. О', 'https://birhhelper-storage.storage.yandexcloud.net/system-images/%D0%A0%D0%BE%D0%B4%D0%B8%D0%BB%D1%8C%D0%BD%D1%8B%D0%B9%20%D0%B4%D0%BE%D0%BC%20%D0%93%D0%9A%D0%91%20%E2%84%9615%20%D0%B8%D0%BC_1660479704422.%20%D0%9E', '/system-images', 'image/jpeg'),
(144, 'Родильный дом ГКБ №15 им_1660479717878. О', 'https://birhhelper-storage.storage.yandexcloud.net/system-images/%D0%A0%D0%BE%D0%B4%D0%B8%D0%BB%D1%8C%D0%BD%D1%8B%D0%B9%20%D0%B4%D0%BE%D0%BC%20%D0%93%D0%9A%D0%91%20%E2%84%9615%20%D0%B8%D0%BC_1660479717878.%20%D0%9E', '/system-images', 'image/jpeg'),
(145, 'Родильный дом ГКБ №15 им_1660479728046. О', 'https://birhhelper-storage.storage.yandexcloud.net/system-images/%D0%A0%D0%BE%D0%B4%D0%B8%D0%BB%D1%8C%D0%BD%D1%8B%D0%B9%20%D0%B4%D0%BE%D0%BC%20%D0%93%D0%9A%D0%91%20%E2%84%9615%20%D0%B8%D0%BC_1660479728046.%20%D0%9E', '/system-images', 'image/jpeg'),
(146, 'Родильный дом ГКБ №36 им_1660480003755. Ф', 'https://birhhelper-storage.storage.yandexcloud.net/system-images/%D0%A0%D0%BE%D0%B4%D0%B8%D0%BB%D1%8C%D0%BD%D1%8B%D0%B9%20%D0%B4%D0%BE%D0%BC%20%D0%93%D0%9A%D0%91%20%E2%84%9636%20%D0%B8%D0%BC_1660480003755.%20%D0%A4', '/system-images', 'image/jpeg'),
(147, 'Перинатальный центр ГКБ №70 им_1661094158070. Е', 'https://birhhelper-storage.storage.yandexcloud.net/system-images/%D0%9F%D0%B5%D1%80%D0%B8%D0%BD%D0%B0%D1%82%D0%B0%D0%BB%D1%8C%D0%BD%D1%8B%D0%B9%20%D1%86%D0%B5%D0%BD%D1%82%D1%80%20%D0%93%D0%9A%D0%91%20%E2%84%9670%20%D0%B8%D0%BC_1661094158070.%20%D0%95', '/system-images', 'image/jpeg'),
(148, 'Перинатальный центр ГКБ №70 им_1661094188460. Е', 'https://birhhelper-storage.storage.yandexcloud.net/system-images/%D0%9F%D0%B5%D1%80%D0%B8%D0%BD%D0%B0%D1%82%D0%B0%D0%BB%D1%8C%D0%BD%D1%8B%D0%B9%20%D1%86%D0%B5%D0%BD%D1%82%D1%80%20%D0%93%D0%9A%D0%91%20%E2%84%9670%20%D0%B8%D0%BC_1661094188460.%20%D0%95', '/system-images', 'image/jpeg'),
(149, 'Родильный дом ГКБ № 40_1661094809657.jpg', 'https://birhhelper-storage.storage.yandexcloud.net/system-images/%D0%A0%D0%BE%D0%B4%D0%B8%D0%BB%D1%8C%D0%BD%D1%8B%D0%B9%20%D0%B4%D0%BE%D0%BC%20%D0%93%D0%9A%D0%91%20%E2%84%96%2040_1661094809657.jpg', '/system-images', 'image/jpeg'),
(150, 'Ерамишанцева Ленская_1661098122376.JPG', 'https://birhhelper-storage.storage.yandexcloud.net/system-images/%D0%95%D1%80%D0%B0%D0%BC%D0%B8%D1%88%D0%B0%D0%BD%D1%86%D0%B5%D0%B2%D0%B0%20%D0%9B%D0%B5%D0%BD%D1%81%D0%BA%D0%B0%D1%8F_1661098122376.JPG', '/system-images', 'image/jpeg'),
(151, 'Ерамишанцева Ленская_1661098123519.JPG', 'https://birhhelper-storage.storage.yandexcloud.net/system-images/%D0%95%D1%80%D0%B0%D0%BC%D0%B8%D1%88%D0%B0%D0%BD%D1%86%D0%B5%D0%B2%D0%B0%20%D0%9B%D0%B5%D0%BD%D1%81%D0%BA%D0%B0%D1%8F_1661098123519.JPG', '/system-images', 'image/jpeg'),
(152, 'Ерамишанцева Ленская_1661099001950.JPG', 'https://birhhelper-storage.storage.yandexcloud.net/system-images/%D0%95%D1%80%D0%B0%D0%BC%D0%B8%D1%88%D0%B0%D0%BD%D1%86%D0%B5%D0%B2%D0%B0%20%D0%9B%D0%B5%D0%BD%D1%81%D0%BA%D0%B0%D1%8F_1661099001950.JPG', '/system-images', 'image/jpeg'),
(153, 'Ерамишанцева Ленская_1661099205760.JPG', 'https://birhhelper-storage.storage.yandexcloud.net/system-images/%D0%95%D1%80%D0%B0%D0%BC%D0%B8%D1%88%D0%B0%D0%BD%D1%86%D0%B5%D0%B2%D0%B0%20%D0%9B%D0%B5%D0%BD%D1%81%D0%BA%D0%B0%D1%8F_1661099205760.JPG', '/system-images', 'image/jpeg'),
(154, 'ЦПССР_1661701223716.JPG', 'https://birhhelper-storage.storage.yandexcloud.net/system-images/%D0%A6%D0%9F%D0%A1%D0%A1%D0%A0_1661701223716.JPG', '/system-images', 'image/jpeg'),
(155, 'ЦПССР_1661701229791.JPG', 'https://birhhelper-storage.storage.yandexcloud.net/system-images/%D0%A6%D0%9F%D0%A1%D0%A1%D0%A0_1661701229791.JPG', '/system-images', 'image/jpeg'),
(156, 'ЦКБ Президента_1661702315679.JPG', 'https://birhhelper-storage.storage.yandexcloud.net/system-images/%D0%A6%D0%9A%D0%91%20%D0%9F%D1%80%D0%B5%D0%B7%D0%B8%D0%B4%D0%B5%D0%BD%D1%82%D0%B0_1661702315679.JPG', '/system-images', 'image/jpeg'),
(157, 'Вересева_1662214494285.JPG', 'https://birhhelper-storage.storage.yandexcloud.net/system-images/%D0%92%D0%B5%D1%80%D0%B5%D1%81%D0%B5%D0%B2%D0%B0_1662214494285.JPG', '/system-images', 'image/jpeg'),
(158, 'Вересева_1662214499031.JPG', 'https://birhhelper-storage.storage.yandexcloud.net/system-images/%D0%92%D0%B5%D1%80%D0%B5%D1%81%D0%B5%D0%B2%D0%B0_1662214499031.JPG', '/system-images', 'image/jpeg'),
(159, 'Спасоуцкого 27_1662214715616.JPG', 'https://birhhelper-storage.storage.yandexcloud.net/system-images/%D0%A1%D0%BF%D0%B0%D1%81%D0%BE%D1%83%D1%86%D0%BA%D0%BE%D0%B3%D0%BE%2027_1662214715616.JPG', '/system-images', 'image/jpeg'),
(160, 'Снегирева_1662270632867.JPG', 'https://birhhelper-storage.storage.yandexcloud.net/system-images/%D0%A1%D0%BD%D0%B5%D0%B3%D0%B8%D1%80%D0%B5%D0%B2%D0%B0_1662270632867.JPG', '/system-images', 'image/jpeg'),
(161, '52_1662271084828.JPG', 'https://birhhelper-storage.storage.yandexcloud.net/system-images/52_1662271084828.JPG', '/system-images', 'image/jpeg'),
(162, '52_1662271085692.JPG', 'https://birhhelper-storage.storage.yandexcloud.net/system-images/52_1662271085692.JPG', '/system-images', 'image/jpeg'),
(163, 'Комунарка_1662278300614.JPG', 'https://birhhelper-storage.storage.yandexcloud.net/system-images/%D0%9A%D0%BE%D0%BC%D1%83%D0%BD%D0%B0%D1%80%D0%BA%D0%B0_1662278300614.JPG', '/system-images', 'image/jpeg'),
(164, 'Медок Павшинская пойма_1664111289258.jpg', 'https://birhhelper-storage.storage.yandexcloud.net/system-images/%D0%9C%D0%B5%D0%B4%D0%BE%D0%BA%20%D0%9F%D0%B0%D0%B2%D1%88%D0%B8%D0%BD%D1%81%D0%BA%D0%B0%D1%8F%20%D0%BF%D0%BE%D0%B9%D0%BC%D0%B0_1664111289258.jpg', '/system-images', 'image/jpeg'),
(165, 'Медок Павшинская пойма_1665333686070.JPG', 'https://birhhelper-storage.storage.yandexcloud.net/system-images/%D0%9C%D0%B5%D0%B4%D0%BE%D0%BA%20%D0%9F%D0%B0%D0%B2%D1%88%D0%B8%D0%BD%D1%81%D0%BA%D0%B0%D1%8F%20%D0%BF%D0%BE%D0%B9%D0%BC%D0%B0_1665333686070.JPG', '/system-images', 'image/jpeg'),
(166, 'Гусейнова С_1665835050341.Г', 'https://birhhelper-storage.storage.yandexcloud.net/system-images/%D0%93%D1%83%D1%81%D0%B5%D0%B9%D0%BD%D0%BE%D0%B2%D0%B0%20%D0%A1_1665835050341.%D0%93', '/system-images', 'image/jpeg'),
(167, 'Снимок экрана 2022-10-31 в 16_1667222810783.24', 'https://birhhelper-storage.storage.yandexcloud.net/system-images/%D0%A1%D0%BD%D0%B8%D0%BC%D0%BE%D0%BA%20%D1%8D%D0%BA%D1%80%D0%B0%D0%BD%D0%B0%202022-10-31%20%D0%B2%2016_1667222810783.24', '/system-images', 'image/jpeg'),
(168, 'Снимок экрана 2022-10-31 в 16_1667222816926.24', 'https://birhhelper-storage.storage.yandexcloud.net/system-images/%D0%A1%D0%BD%D0%B8%D0%BC%D0%BE%D0%BA%20%D1%8D%D0%BA%D1%80%D0%B0%D0%BD%D0%B0%202022-10-31%20%D0%B2%2016_1667222816926.24', '/system-images', 'image/jpeg'),
(169, 'Снимок экрана 2022-10-31 в 16_1667290132218.24', 'https://birhhelper-storage.storage.yandexcloud.net/system-images/%D0%A1%D0%BD%D0%B8%D0%BC%D0%BE%D0%BA%20%D1%8D%D0%BA%D1%80%D0%B0%D0%BD%D0%B0%202022-10-31%20%D0%B2%2016_1667290132218.24', '/system-images', 'image/jpeg'),
(170, 'Вересева_1667314451296.JPG', 'https://birhhelper-storage.storage.yandexcloud.net/system-images/%D0%92%D0%B5%D1%80%D0%B5%D1%81%D0%B5%D0%B2%D0%B0_1667314451296.JPG', '/system-images', 'image/jpeg'),
(171, '52_1667314543983.JPG', 'https://birhhelper-storage.storage.yandexcloud.net/system-images/52_1667314543983.JPG', '/system-images', 'image/jpeg'),
(172, '52_1667314545354.JPG', 'https://birhhelper-storage.storage.yandexcloud.net/system-images/52_1667314545354.JPG', '/system-images', 'image/jpeg'),
(173, '52_1667314546384.JPG', 'https://birhhelper-storage.storage.yandexcloud.net/system-images/52_1667314546384.JPG', '/system-images', 'image/jpeg'),
(174, '52_1667314546232.JPG', 'https://birhhelper-storage.storage.yandexcloud.net/system-images/52_1667314546232.JPG', '/system-images', 'image/jpeg'),
(175, '52_1667314547696.JPG', 'https://birhhelper-storage.storage.yandexcloud.net/system-images/52_1667314547696.JPG', '/system-images', 'image/jpeg'),
(176, '52_1667314551515.JPG', 'https://birhhelper-storage.storage.yandexcloud.net/system-images/52_1667314551515.JPG', '/system-images', 'image/jpeg'),
(177, '52_1667314569021.JPG', 'https://birhhelper-storage.storage.yandexcloud.net/system-images/52_1667314569021.JPG', '/system-images', 'image/jpeg'),
(178, 'Кулакова_1667581155178.jpg', 'https://birhhelper-storage.storage.yandexcloud.net/system-images/%D0%9A%D1%83%D0%BB%D0%B0%D0%BA%D0%BE%D0%B2%D0%B0_1667581155178.jpg', '/system-images', 'image/jpeg'),
(179, 'shmakov_s_1668165999702.jpeg', 'https://birhhelper-storage.storage.yandexcloud.net/system-images/shmakov_s_1668165999702.jpeg', '/system-images', 'image/jpeg'),
(180, 'nurutdinova_70_1668167570799.jpeg', 'https://birhhelper-storage.storage.yandexcloud.net/system-images/nurutdinova_70_1668167570799.jpeg', '/system-images', 'image/jpeg'),
(181, 'm_volochaeva_70_1668168274510.jpeg', 'https://birhhelper-storage.storage.yandexcloud.net/system-images/m_volochaeva_70_1668168274510.jpeg', '/system-images', 'image/jpeg'),
(182, 'chetverrikov_an_240_1668169013768.jpeg', 'https://birhhelper-storage.storage.yandexcloud.net/system-images/chetverrikov_an_240_1668169013768.jpeg', '/system-images', 'image/jpeg'),
(183, 'timofeeva_70_1668169453696.jpeg', 'https://birhhelper-storage.storage.yandexcloud.net/system-images/timofeeva_70_1668169453696.jpeg', '/system-images', 'image/jpeg'),
(184, 'Одноместная_1668170666059.jpeg', 'https://birhhelper-storage.storage.yandexcloud.net/system-images/%D0%9E%D0%B4%D0%BD%D0%BE%D0%BC%D0%B5%D1%81%D1%82%D0%BD%D0%B0%D1%8F_1668170666059.jpeg', '/system-images', 'image/jpeg'),
(185, 'Одноместная_1668343410308.jpeg', 'https://birhhelper-storage.storage.yandexcloud.net/system-images/%D0%9E%D0%B4%D0%BD%D0%BE%D0%BC%D0%B5%D1%81%D1%82%D0%BD%D0%B0%D1%8F_1668343410308.jpeg', '/system-images', 'image/jpeg'),
(186, 'Люкс 2 комнаты (Кулаков)_1668948882298.jpg', 'https://birhhelper-storage.storage.yandexcloud.net/system-images/%D0%9B%D1%8E%D0%BA%D1%81%202%20%D0%BA%D0%BE%D0%BC%D0%BD%D0%B0%D1%82%D1%8B%20%28%D0%9A%D1%83%D0%BB%D0%B0%D0%BA%D0%BE%D0%B2%29_1668948882298.jpg', '/system-images', 'image/jpeg'),
(187, 'Услуги фотографа_1668953153644.jpeg', 'https://birhhelper-storage.storage.yandexcloud.net/system-images/%D0%A3%D1%81%D0%BB%D1%83%D0%B3%D0%B8%20%D1%84%D0%BE%D1%82%D0%BE%D0%B3%D1%80%D0%B0%D1%84%D0%B0_1668953153644.jpeg', '/system-images', 'image/jpeg'),
(188, 'видео_1668953379934.jpg', 'https://birhhelper-storage.storage.yandexcloud.net/system-images/%D0%B2%D0%B8%D0%B4%D0%B5%D0%BE_1668953379934.jpg', '/system-images', 'image/jpeg'),
(189, 'Скорая_1668953799391.jpg', 'https://birhhelper-storage.storage.yandexcloud.net/system-images/%D0%A1%D0%BA%D0%BE%D1%80%D0%B0%D1%8F_1668953799391.jpg', '/system-images', 'image/jpeg'),
(190, 'Скорая_1668953851404.jpg', 'https://birhhelper-storage.storage.yandexcloud.net/system-images/%D0%A1%D0%BA%D0%BE%D1%80%D0%B0%D1%8F_1668953851404.jpg', '/system-images', 'image/jpeg');

-- --------------------------------------------------------

--
-- Структура таблицы `images`
--

CREATE TABLE `images` (
  `id` bigint UNSIGNED NOT NULL,
  `file_id` bigint UNSIGNED NOT NULL,
  `title` varchar(50) COLLATE utf8mb3_unicode_ci NOT NULL,
  `description` text COLLATE utf8mb3_unicode_ci NOT NULL,
  `datetime_update` timestamp NOT NULL DEFAULT CURRENT_TIMESTAMP ON UPDATE CURRENT_TIMESTAMP,
  `datetime_create` timestamp NOT NULL DEFAULT CURRENT_TIMESTAMP
) ENGINE=InnoDB DEFAULT CHARSET=utf8mb3 COLLATE=utf8mb3_unicode_ci;

--
-- Дамп данных таблицы `images`
--

INSERT INTO `images` (`id`, `file_id`, `title`, `description`, `datetime_update`, `datetime_create`) VALUES
(9, 9, 'null', 'null', '2021-12-22 13:29:11', '2021-12-22 13:29:11'),
(29, 29, 'null', 'null', '2021-12-27 16:56:44', '2021-12-27 16:56:44'),
(30, 30, '', '', '2021-12-27 16:59:38', '2021-12-27 16:59:38'),
(31, 31, '', '', '2021-12-27 16:59:49', '2021-12-27 16:59:49'),
(32, 32, '', '', '2021-12-27 17:00:01', '2021-12-27 17:00:01'),
(33, 33, '', '', '2021-12-27 17:00:24', '2021-12-27 17:00:24'),
(34, 34, 'null', 'null', '2021-12-27 17:02:10', '2021-12-27 17:02:10'),
(35, 35, 'null', 'null', '2021-12-27 17:02:55', '2021-12-27 17:02:55'),
(36, 36, 'null', 'null', '2021-12-27 17:03:31', '2021-12-27 17:03:31'),
(37, 37, 'null', 'null', '2021-12-27 17:03:56', '2021-12-27 17:03:56'),
(38, 38, 'null', 'null', '2021-12-27 17:04:25', '2021-12-27 17:04:25'),
(39, 39, 'null', 'null', '2021-12-27 17:05:07', '2021-12-27 17:05:07'),
(40, 40, 'null', 'null', '2021-12-27 17:05:43', '2021-12-27 17:05:43'),
(41, 41, 'null', 'null', '2021-12-27 17:10:09', '2021-12-27 17:10:09'),
(42, 42, 'null', 'null', '2021-12-27 17:11:45', '2021-12-27 17:11:45'),
(43, 43, 'null', 'null', '2021-12-27 17:16:18', '2021-12-27 17:16:18'),
(46, 46, 'Без названия', 'Без описания', '2021-12-28 16:03:38', '2021-12-28 16:03:38'),
(47, 47, 'null', 'null', '2022-02-23 11:42:40', '2022-02-23 11:42:40'),
(48, 48, 'null', 'null', '2022-02-23 11:42:42', '2022-02-23 11:42:42'),
(49, 49, 'null', 'null', '2022-02-23 11:42:51', '2022-02-23 11:42:51'),
(50, 50, 'null', 'null', '2022-02-23 11:44:17', '2022-02-23 11:44:17'),
(51, 51, 'null', 'null', '2022-02-23 11:44:19', '2022-02-23 11:44:19'),
(52, 52, 'null', 'null', '2022-02-23 11:44:19', '2022-02-23 11:44:19'),
(53, 53, 'null', 'null', '2022-02-23 11:44:19', '2022-02-23 11:44:19'),
(54, 54, 'null', 'null', '2022-02-23 11:44:28', '2022-02-23 11:44:28'),
(55, 55, 'null', 'null', '2022-02-23 11:44:28', '2022-02-23 11:44:28'),
(56, 56, 'null', 'null', '2022-02-23 11:44:29', '2022-02-23 11:44:29'),
(57, 57, 'null', 'null', '2022-02-23 11:44:29', '2022-02-23 11:44:29'),
(58, 58, 'null', 'null', '2022-02-23 11:44:29', '2022-02-23 11:44:29'),
(59, 59, 'null', 'null', '2022-02-23 11:44:29', '2022-02-23 11:44:29'),
(60, 60, 'null', 'null', '2022-02-23 11:44:40', '2022-02-23 11:44:40'),
(61, 61, 'Главный корпус ', 'ФГБУ «НМИЦ АГП им. В.И. Кулакова»', '2022-02-23 11:45:56', '2022-02-23 11:45:56'),
(62, 62, 'Главный корпус ', 'ФГБУ «НМИЦ АГП им. В.И. Кулакова»', '2022-02-23 11:46:07', '2022-02-23 11:46:07'),
(63, 63, 'Главный корпус ', 'ФГБУ «НМИЦ АГП им. В.И. Кулакова»', '2022-02-23 11:46:19', '2022-02-23 11:46:19'),
(64, 64, 'null', 'null', '2022-02-23 11:46:52', '2022-02-23 11:46:52'),
(65, 65, 'null', 'null', '2022-02-23 11:46:53', '2022-02-23 11:46:53'),
(66, 66, 'null', 'null', '2022-02-23 11:46:53', '2022-02-23 11:46:53'),
(67, 67, 'null', 'null', '2022-02-23 11:46:54', '2022-02-23 11:46:54'),
(68, 68, 'null', 'null', '2022-02-23 11:46:54', '2022-02-23 11:46:54'),
(69, 69, 'null', 'null', '2022-02-23 11:46:54', '2022-02-23 11:46:54'),
(70, 70, 'null', 'null', '2022-02-23 11:46:54', '2022-02-23 11:46:54'),
(71, 71, 'null', 'null', '2022-02-23 11:46:54', '2022-02-23 11:46:54'),
(72, 72, 'null', 'null', '2022-02-23 11:47:27', '2022-02-23 11:47:27'),
(73, 73, 'null', 'null', '2022-02-23 11:47:27', '2022-02-23 11:47:27'),
(74, 74, 'null', 'null', '2022-02-23 11:47:27', '2022-02-23 11:47:27'),
(75, 75, 'null', 'null', '2022-02-23 11:47:27', '2022-02-23 11:47:27'),
(76, 76, 'null', 'null', '2022-02-23 11:47:28', '2022-02-23 11:47:28'),
(77, 78, 'null', 'null', '2022-02-23 11:47:28', '2022-02-23 11:47:28'),
(78, 77, 'null', 'null', '2022-02-23 11:47:28', '2022-02-23 11:47:28'),
(79, 79, 'null', 'null', '2022-02-23 11:47:28', '2022-02-23 11:47:28'),
(80, 80, 'null', 'null', '2022-02-23 11:47:29', '2022-02-23 11:47:29'),
(81, 81, 'null', 'null', '2022-02-23 11:47:29', '2022-02-23 11:47:29'),
(82, 82, 'null', 'null', '2022-02-23 11:47:29', '2022-02-23 11:47:29'),
(83, 83, 'null', 'null', '2022-02-23 11:47:29', '2022-02-23 11:47:29'),
(84, 84, 'null', 'null', '2022-02-23 11:47:29', '2022-02-23 11:47:29'),
(85, 85, 'null', 'null', '2022-02-23 11:47:29', '2022-02-23 11:47:29'),
(86, 86, 'Главный корпус ', 'ФГБУ «НМИЦ АГП им. В.И. Кулакова»', '2022-02-23 11:57:51', '2022-02-23 11:57:51'),
(87, 87, 'Главный корпус ', 'ФГБУ «НМИЦ АГП им. В.И. Кулакова»', '2022-02-23 12:00:03', '2022-02-23 12:00:03'),
(88, 88, 'Главный корпус ', 'ФГБУ «НМИЦ АГП им. В.И. Кулакова»', '2022-02-23 12:00:05', '2022-02-23 12:00:05'),
(89, 89, 'Главный корпус ', 'ФГБУ «НМИЦ АГП им. В.И. Кулакова»', '2022-02-23 12:00:06', '2022-02-23 12:00:06'),
(90, 90, 'Главный корпус ', 'ФГБУ «НМИЦ АГП им. В.И. Кулакова»', '2022-02-23 12:00:06', '2022-02-23 12:00:06'),
(91, 91, 'null', 'null', '2022-02-23 12:11:05', '2022-02-23 12:11:05'),
(92, 92, 'Главный корпус ', 'ФГБУ «НМИЦ АГП им. В.И. Кулакова»', '2022-02-23 12:11:57', '2022-02-23 12:11:57'),
(93, 93, 'null', 'null', '2022-02-23 13:52:22', '2022-02-23 13:52:22'),
(94, 94, 'null', 'null', '2022-02-23 13:59:30', '2022-02-23 13:59:30'),
(95, 95, 'null', 'null', '2022-02-23 14:03:52', '2022-02-23 14:03:52'),
(96, 96, 'null', 'null', '2022-02-23 14:06:51', '2022-02-23 14:06:51'),
(97, 97, 'null', 'null', '2022-02-28 19:36:24', '2022-02-28 19:36:24'),
(98, 98, 'Медицинский центр Медси на Мичуринском проспекте', 'null', '2022-02-28 19:36:57', '2022-02-28 19:36:57'),
(99, 99, 'Медицинский центр Медси на Мичуринском проспекте', 'null', '2022-02-28 19:39:40', '2022-02-28 19:39:40'),
(100, 100, 'Медицинский центр Медси на Мичуринском проспекте', '', '2022-02-28 20:00:02', '2022-02-28 20:00:02'),
(101, 101, 'Родильный дом ГКБ №15 им. О.М. Филатова', 'null', '2022-03-01 19:28:38', '2022-03-01 19:28:38'),
(102, 102, 'Родильный дом при ГБУЗ МО МОНИИАГ', 'null', '2022-03-06 19:50:49', '2022-03-06 19:50:49'),
(103, 103, 'Родильный дом №8 при ГКБ имени В. П. Демихова', 'null', '2022-03-06 20:33:52', '2022-03-06 20:33:52'),
(104, 104, 'Родильный дом при ГКБ №29 им. Н.Э. Баумана', 'null', '2022-03-07 13:31:30', '2022-03-07 13:31:30'),
(105, 105, 'Роддом №8 ГКБ имени Демихова', 'null', '2022-03-07 13:44:31', '2022-03-07 13:44:31'),
(106, 106, 'Перинатальный медицинский центр Мать и дитя', 'null', '2022-03-07 13:55:38', '2022-03-07 13:55:38'),
(107, 107, 'Роддом №8 ГКБ имени Демихова', 'null', '2022-03-07 14:19:40', '2022-03-07 14:19:40'),
(108, 108, 'Роддом №8 ГКБ имени Демихова', 'null', '2022-03-07 14:21:55', '2022-03-07 14:21:55'),
(109, 109, 'тест', 'тест', '2022-03-07 14:29:28', '2022-03-07 14:29:28'),
(110, 110, 'Роддом №8 ГКБ имени Демихова', 'null', '2022-03-07 14:29:30', '2022-03-07 14:29:30'),
(111, 111, 'ФГБУ «НМИЦ АГП им. В.И. Кулакова»', 'null', '2022-03-07 14:56:42', '2022-03-07 14:56:42'),
(112, 112, 'null', 'null', '2022-03-07 22:35:57', '2022-03-07 22:35:57'),
(113, 113, 'Родильный дом №4 ГКБ им. В.В. Виноградова', 'null', '2022-03-08 12:01:10', '2022-03-08 12:01:10'),
(114, 114, 'Родильный дом №25 ГКБ №1 им. Н.И. Пирогова', 'null', '2022-03-08 12:22:46', '2022-03-08 12:22:46'),
(115, 115, 'Родильный дом №1 ГКБ №67 им. Л.А. Ворохобова', 'null', '2022-03-08 12:30:37', '2022-03-08 12:30:37'),
(116, 116, 'EMC Щепкина', 'null', '2022-03-20 07:44:33', '2022-03-20 07:44:33'),
(117, 117, 'EMC Спиридоньевский', 'null', '2022-03-20 08:50:21', '2022-03-20 08:50:21'),
(118, 118, 'EMC Спиридоньевский', 'null', '2022-03-20 08:55:02', '2022-03-20 08:55:02'),
(119, 119, 'Медок Солнцево', 'null', '2022-03-27 08:26:08', '2022-03-27 08:26:08'),
(120, 120, 'Медок Солнцево', 'null', '2022-03-27 08:29:26', '2022-03-27 08:29:26'),
(121, 121, 'Пешева Оксана Николаевна', 'null', '2022-03-27 08:44:31', '2022-03-27 08:44:31'),
(122, 122, 'Древаль Людмила Ивановна', 'null', '2022-04-24 15:47:37', '2022-04-24 15:47:37'),
(123, 123, 'Зуева ', 'null', '2022-04-24 15:57:28', '2022-04-24 15:57:28'),
(124, 124, 'Зуева ', 'null', '2022-04-24 15:58:16', '2022-04-24 15:58:16'),
(125, 125, 'очень  крутая картинка', 'аваава', '2022-04-25 15:17:27', '2022-04-25 15:17:27'),
(126, 126, 'null', 'null', '2022-04-26 19:37:06', '2022-04-26 19:37:06'),
(127, 127, 'EMC Спиридоньевский', 'null', '2022-07-09 10:45:07', '2022-07-09 10:45:07'),
(128, 128, 'null', 'null', '2022-07-17 15:22:27', '2022-07-17 15:22:27'),
(129, 129, 'Медок Солнцево пример', 'null', '2022-07-17 15:22:45', '2022-07-17 15:22:45'),
(130, 130, 'Медок Солнцево пример', 'null', '2022-07-17 15:57:26', '2022-07-17 15:57:26'),
(131, 131, 'Медок Солнцево пример', 'null', '2022-07-17 15:59:12', '2022-07-17 15:59:12'),
(132, 132, 'Родильный дом ГКБ №15 им. О.М. Филатова', 'null', '2022-08-14 12:21:34', '2022-08-14 12:21:34'),
(133, 133, 'Родильный дом ГКБ №15 им. О.М. Филатова', 'null', '2022-08-14 12:21:35', '2022-08-14 12:21:35'),
(134, 134, 'Родильный дом ГКБ №15 им. О.М. Филатова', 'null', '2022-08-14 12:21:38', '2022-08-14 12:21:38'),
(135, 135, 'Родильный дом ГКБ №15 им. О.М. Филатова', 'null', '2022-08-14 12:21:38', '2022-08-14 12:21:38'),
(136, 136, 'Родильный дом ГКБ №15 им. О.М. Филатова', 'null', '2022-08-14 12:21:38', '2022-08-14 12:21:38'),
(137, 137, 'Родильный дом ГКБ №15 им. О.М. Филатова', 'null', '2022-08-14 12:21:40', '2022-08-14 12:21:40'),
(138, 138, 'Родильный дом ГКБ №15 им. О.М. Филатова', 'null', '2022-08-14 12:21:42', '2022-08-14 12:21:42'),
(139, 139, 'Родильный дом ГКБ №15 им. О.М. Филатова', 'null', '2022-08-14 12:21:43', '2022-08-14 12:21:43'),
(140, 140, 'Родильный дом ГКБ №15 им. О.М. Филатова', 'null', '2022-08-14 12:21:43', '2022-08-14 12:21:43'),
(141, 141, 'Родильный дом ГКБ №15 им. О.М. Филатова', 'null', '2022-08-14 12:21:43', '2022-08-14 12:21:43'),
(142, 142, 'Родильный дом ГКБ №15 им. О.М. Филатова', 'null', '2022-08-14 12:21:44', '2022-08-14 12:21:44'),
(143, 143, 'Родильный дом ГКБ №15 им. О.М. Филатова', 'null', '2022-08-14 12:21:44', '2022-08-14 12:21:44'),
(144, 144, 'Родильный дом ГКБ №15 им. О.М. Филатова', 'null', '2022-08-14 12:21:58', '2022-08-14 12:21:58'),
(145, 145, 'Родильный дом ГКБ №15 им. О.М. Филатова', 'null', '2022-08-14 12:22:08', '2022-08-14 12:22:08'),
(146, 146, 'Родильный дом ГКБ №36 им. Ф.И. Иноземцева', 'null', '2022-08-14 12:26:44', '2022-08-14 12:26:44'),
(147, 147, 'null', 'null', '2022-08-21 15:02:38', '2022-08-21 15:02:38'),
(148, 148, 'Перинатальный центр ГКБ №70 им. Е.О. Мухина', 'null', '2022-08-21 15:03:08', '2022-08-21 15:03:08'),
(149, 149, 'Родильный дом ГКБ № 40', 'null', '2022-08-21 15:13:30', '2022-08-21 15:13:30'),
(150, 150, 'Родильный дом ГКБ №20 имени А.К. Ерамишанцева', 'null', '2022-08-21 16:08:42', '2022-08-21 16:08:42'),
(151, 151, 'Родильный дом ГКБ №20 имени А.К. Ерамишанцева', 'null', '2022-08-21 16:08:43', '2022-08-21 16:08:43'),
(152, 152, 'Родильный дом ГКБ №20 имени А.К. Ерамишанцева', 'null', '2022-08-21 16:23:22', '2022-08-21 16:23:22'),
(153, 153, 'Родильный дом ГКБ №20 имени А.К. Ерамишанцева', 'null', '2022-08-21 16:26:46', '2022-08-21 16:26:46'),
(154, 154, 'Родильный дом №3 ЦПСиР филиал №4', 'null', '2022-08-28 15:40:23', '2022-08-28 15:40:23'),
(155, 155, 'Родильный дом №3 ЦПСиР филиал №4', 'null', '2022-08-28 15:40:29', '2022-08-28 15:40:29'),
(156, 156, 'Родильный дом при ЦКБ Управления Делами Президента', 'null', '2022-08-28 15:58:35', '2022-08-28 15:58:35'),
(157, 157, 'Роддом №17 ГКБ им. В.В. Вересаева', 'null', '2022-09-03 14:14:54', '2022-09-03 14:14:54'),
(158, 158, 'Роддом №17 ГКБ им. В.В. Вересаева', 'null', '2022-09-03 14:14:59', '2022-09-03 14:14:59'),
(159, 159, 'Роддом №27 ГКБ им С.И. Спасокукоцкого', 'null', '2022-09-03 14:18:35', '2022-09-03 14:18:35'),
(160, 160, 'Клиника акушерства им. В.Ф. Снегирева', 'null', '2022-09-04 05:50:33', '2022-09-04 05:50:33'),
(161, 161, 'Родильный дом ГКБ №52', 'null', '2022-09-04 05:58:05', '2022-09-04 05:58:05'),
(162, 162, 'Родильный дом ГКБ №52', 'null', '2022-09-04 05:58:05', '2022-09-04 05:58:05'),
(163, 163, 'Перинатальный центр ММКЦ Коммунарка', 'null', '2022-09-04 07:58:20', '2022-09-04 07:58:20'),
(164, 164, 'Медок Павшинская пойма', 'null', '2022-09-25 13:08:10', '2022-09-25 13:08:10'),
(165, 165, 'null', 'null', '2022-10-09 16:41:26', '2022-10-09 16:41:26'),
(166, 166, 'Гусейнова С.Г.', 'null', '2022-10-15 11:57:31', '2022-10-15 11:57:31'),
(167, 167, 'MAMWILL', 'null', '2022-10-31 13:26:53', '2022-10-31 13:26:53'),
(168, 168, 'MAMWILL', 'null', '2022-10-31 13:26:57', '2022-10-31 13:26:57'),
(169, 169, 'null', 'null', '2022-11-01 08:08:58', '2022-11-01 08:08:58'),
(170, 170, 'null', 'null', '2022-11-01 14:54:11', '2022-11-01 14:54:11'),
(171, 171, 'Консультация XXXL', 'null', '2022-11-01 14:55:44', '2022-11-01 14:55:44'),
(172, 172, 'Консультация XXXL', 'null', '2022-11-01 14:55:45', '2022-11-01 14:55:45'),
(173, 173, 'Консультация XXXL', 'null', '2022-11-01 14:55:46', '2022-11-01 14:55:46'),
(174, 174, 'null', 'null', '2022-11-01 14:55:46', '2022-11-01 14:55:46'),
(175, 175, 'Консультация XXXL', 'null', '2022-11-01 14:55:47', '2022-11-01 14:55:47'),
(176, 176, 'Консультация XXXL', 'null', '2022-11-01 14:55:51', '2022-11-01 14:55:51'),
(177, 177, 'null', 'null', '2022-11-01 14:56:09', '2022-11-01 14:56:09'),
(178, 178, 'ФГБУ «НМИЦ АГП им. В.И. Кулакова»', 'null', '2022-11-04 16:59:15', '2022-11-04 16:59:15'),
(179, 179, 'Шмаков Роман Георгиевич', 'null', '2022-11-11 11:26:40', '2022-11-11 11:26:40'),
(180, 180, 'Нурутдинова Розина', 'null', '2022-11-11 11:52:51', '2022-11-11 11:52:51'),
(181, 181, 'Нурутдинова Розина', 'null', '2022-11-11 12:04:34', '2022-11-11 12:04:34'),
(182, 182, 'Четвериков А.Н.', 'null', '2022-11-11 12:16:54', '2022-11-11 12:16:54'),
(183, 183, 'Тимофеева Лейла', 'null', '2022-11-11 12:24:14', '2022-11-11 12:24:14'),
(184, 184, 'Одноместная палата Кулакова', 'null', '2022-11-11 12:44:26', '2022-11-11 12:44:26'),
(185, 185, 'Одноместная палата Кулакова', 'null', '2022-11-13 12:43:30', '2022-11-13 12:43:30'),
(186, 186, 'ФГБУ Кулакова Люкс (2 комнаты)', 'null', '2022-11-20 12:54:42', '2022-11-20 12:54:42'),
(187, 187, 'Услуги фотографа', 'null', '2022-11-20 14:05:54', '2022-11-20 14:05:54'),
(188, 188, 'Видео', 'null', '2022-11-20 14:09:40', '2022-11-20 14:09:40'),
(189, 189, 'Трансфер', 'null', '2022-11-20 14:16:39', '2022-11-20 14:16:39'),
(190, 190, 'Трансфер', 'null', '2022-11-20 14:17:31', '2022-11-20 14:17:31');

-- --------------------------------------------------------

--
-- Структура таблицы `likes`
--

CREATE TABLE `likes` (
  `id` bigint UNSIGNED NOT NULL,
  `status` varchar(20) CHARACTER SET utf8mb3 COLLATE utf8mb3_unicode_ci NOT NULL DEFAULT 'active',
  `target_id` bigint UNSIGNED NOT NULL,
  `target_type` varchar(50) COLLATE utf8mb3_unicode_ci NOT NULL,
  `user_id` bigint UNSIGNED NOT NULL,
  `datetime_create` timestamp NOT NULL DEFAULT CURRENT_TIMESTAMP
) ENGINE=InnoDB DEFAULT CHARSET=utf8mb3 COLLATE=utf8mb3_unicode_ci;

--
-- Дамп данных таблицы `likes`
--

INSERT INTO `likes` (`id`, `status`, `target_id`, `target_type`, `user_id`, `datetime_create`) VALUES
(1, 'active', 26, 'feedback', 1, '2023-09-01 17:48:28'),
(2, 'active', 26, 'feedback', 20, '2023-09-01 17:48:28'),
(21, 'active', 55, 'feedback', 1, '2023-09-08 17:53:59'),
(22, 'active', 60, 'feedback', 1, '2023-09-09 20:58:04'),
(23, 'active', 61, 'feedback', 1, '2023-09-09 20:58:05'),
(35, 'active', 38, 'feedback', 1, '2023-09-28 10:15:00'),
(36, 'active', 30, 'feedback', 1, '2023-12-25 18:22:44'),
(37, 'active', 58, 'feedback', 1, '2023-12-26 18:37:17');

-- --------------------------------------------------------

--
-- Структура таблицы `like_type`
--

CREATE TABLE `like_type` (
  `id` bigint UNSIGNED NOT NULL,
  `title` varchar(50) CHARACTER SET utf8mb3 COLLATE utf8mb3_unicode_ci NOT NULL,
  `slug` varchar(20) CHARACTER SET utf8mb3 COLLATE utf8mb3_unicode_ci NOT NULL,
  `comment` text CHARACTER SET utf8mb3 COLLATE utf8mb3_unicode_ci NOT NULL
) ENGINE=InnoDB DEFAULT CHARSET=utf8mb3 COLLATE=utf8mb3_unicode_ci COMMENT='Тип сущности';

--
-- Дамп данных таблицы `like_type`
--

INSERT INTO `like_type` (`id`, `title`, `slug`, `comment`) VALUES
(1, 'Отзыв', 'feedback', ''),
(2, 'Комментарий', 'comment', '');

-- --------------------------------------------------------

--
-- Структура таблицы `lk_permissions`
--

CREATE TABLE `lk_permissions` (
  `id` bigint UNSIGNED NOT NULL,
  `user_id` bigint UNSIGNED NOT NULL,
  `contragent_entity_key` varchar(50) COLLATE utf8mb3_unicode_ci NOT NULL,
  `contragent_entity_id` bigint NOT NULL,
  `permission_id` bigint UNSIGNED NOT NULL,
  `datetime_create` timestamp NOT NULL DEFAULT CURRENT_TIMESTAMP,
  `datetime_update` timestamp NOT NULL DEFAULT CURRENT_TIMESTAMP ON UPDATE CURRENT_TIMESTAMP
) ENGINE=InnoDB DEFAULT CHARSET=utf8mb3 COLLATE=utf8mb3_unicode_ci;

--
-- Дамп данных таблицы `lk_permissions`
--

INSERT INTO `lk_permissions` (`id`, `user_id`, `contragent_entity_key`, `contragent_entity_id`, `permission_id`, `datetime_create`, `datetime_update`) VALUES
(1, 1, 'ent_contragents', 1, 1, '2022-01-09 12:50:05', '2022-02-16 06:36:55'),
(2, 1, 'ent_contragents', 2, 1, '2022-01-09 12:50:05', '2022-02-16 19:11:42'),
(3, 1, 'ent_contragents', 3, 2, '2022-01-09 12:50:05', '2022-02-16 19:11:30'),
(4, 1, 'ent_contragents', 4, 2, '2022-01-09 12:50:05', '2022-02-16 19:11:34'),
(5, 19, 'ent_contragents', 1, 1, '2022-02-16 19:12:16', '2022-02-16 19:12:16'),
(6, 19, 'ent_contragents', 2, 1, '2022-02-16 19:12:16', '2022-02-16 19:12:16'),
(7, 19, 'ent_contragents', 15, 1, '2022-02-16 19:12:16', '2022-12-11 12:23:17'),
(8, 19, 'ent_contragents', 26, 1, '2022-02-16 19:12:16', '2022-12-11 12:23:23'),
(9, 1, 'ent_contragents', 1, 3, '2023-02-19 16:32:44', '2023-02-19 16:32:44'),
(10, 1, 'ent_contragents', 26, 1, '2022-02-16 19:12:16', '2022-12-11 12:23:23');

-- --------------------------------------------------------

--
-- Структура таблицы `lk_permission_type`
--

CREATE TABLE `lk_permission_type` (
  `id` bigint UNSIGNED NOT NULL,
  `slug` varchar(50) CHARACTER SET utf8mb3 COLLATE utf8mb3_unicode_ci NOT NULL,
  `title` varchar(50) CHARACTER SET utf8mb3 COLLATE utf8mb3_unicode_ci DEFAULT NULL,
  `description` text CHARACTER SET utf8mb3 COLLATE utf8mb3_unicode_ci,
  `icon` varchar(50) CHARACTER SET utf8mb3 COLLATE utf8mb3_unicode_ci DEFAULT NULL,
  `bg_color` varchar(10) CHARACTER SET utf8mb3 COLLATE utf8mb3_unicode_ci DEFAULT NULL
) ENGINE=InnoDB DEFAULT CHARSET=latin1;

--
-- Дамп данных таблицы `lk_permission_type`
--

INSERT INTO `lk_permission_type` (`id`, `slug`, `title`, `description`, `icon`, `bg_color`) VALUES
(1, 'orders', 'Стол заказов', NULL, NULL, NULL),
(2, 'settings', 'Настройки', NULL, NULL, NULL),
(3, 'feedbacks', 'Отзывы', NULL, NULL, NULL);

-- --------------------------------------------------------

--
-- Структура таблицы `orders`
--

CREATE TABLE `orders` (
  `id` bigint UNSIGNED NOT NULL,
  `user_id` bigint UNSIGNED NOT NULL,
  `session_id` bigint UNSIGNED NOT NULL,
  `slot_entity_key` varchar(50) COLLATE utf8mb3_unicode_ci NOT NULL,
  `slot_entity_id` bigint UNSIGNED NOT NULL,
  `contragent_entity_id` bigint UNSIGNED DEFAULT NULL,
  `section_key` varchar(50) COLLATE utf8mb3_unicode_ci DEFAULT NULL,
  `tab_key` varchar(50) COLLATE utf8mb3_unicode_ci DEFAULT NULL,
  `floor_key` varchar(50) COLLATE utf8mb3_unicode_ci DEFAULT NULL,
  `utility` varchar(50) COLLATE utf8mb3_unicode_ci NOT NULL DEFAULT 'other',
  `refferer` bigint UNSIGNED NOT NULL,
  `status` varchar(20) COLLATE utf8mb3_unicode_ci NOT NULL,
  `group_token` varchar(50) COLLATE utf8mb3_unicode_ci DEFAULT NULL,
  `datetime_update` timestamp NOT NULL DEFAULT CURRENT_TIMESTAMP ON UPDATE CURRENT_TIMESTAMP,
  `datetime_create` timestamp NOT NULL DEFAULT CURRENT_TIMESTAMP
) ENGINE=InnoDB DEFAULT CHARSET=utf8mb3 COLLATE=utf8mb3_unicode_ci;

--
-- Дамп данных таблицы `orders`
--

INSERT INTO `orders` (`id`, `user_id`, `session_id`, `slot_entity_key`, `slot_entity_id`, `contragent_entity_id`, `section_key`, `tab_key`, `floor_key`, `utility`, `refferer`, `status`, `group_token`, `datetime_update`, `datetime_create`) VALUES
(1, 1, 1079, 'ent_consultation_doctor_slots', 490, 26, 'consultation', 'consultation_doctors', 'consultation_doctors_1', 'other', 1, 'deleted', 'b50c5ffc-838b-4f1e-8c33-5dd17c519c37', '2023-12-20 20:00:55', '2023-02-21 08:52:00'),
(2, 19, 996, 'ent_doctor_slots', 477, 26, 'clinic', 'doctors', 'doctors1_1', 'other', 19, 'deleted', NULL, '2023-10-17 12:29:49', '2023-02-26 17:53:43'),
(3, 19, 996, 'ent_placement_slots', 482, 26, 'clinic', 'placement', 'placement', 'other', 19, 'deleted', NULL, '2023-10-17 12:29:49', '2023-02-26 17:54:01'),
(4, 19, 996, 'ent_birth_type_slots', 488, 26, 'clinic', 'birthtype', 'birthtype', 'other', 19, 'deleted', NULL, '2023-10-17 12:29:49', '2023-02-26 17:54:03'),
(5, 3, 895, 'ent_doctor_slots', 140, 1, 'clinic', 'doctors', 'doctors1_1', 'other', 3, 'pending', NULL, '2023-04-23 16:38:47', '2023-04-23 16:38:47'),
(6, 3, 895, 'ent_placement_slots', 432, 1, 'clinic', 'placement', 'placement', 'other', 3, 'pending', NULL, '2023-04-23 16:38:52', '2023-04-23 16:38:52'),
(7, 3, 895, 'ent_birth_type_slots', 61, 1, 'clinic', 'birthtype', 'birthtype', 'other', 3, 'pending', NULL, '2023-04-23 16:38:54', '2023-04-23 16:38:54'),
(8, 3, 895, 'ent_birth_additional_slots', 433, 1, 'clinic', 'other', 'other', 'other', 3, 'pending', NULL, '2023-04-23 16:38:57', '2023-04-23 16:38:57'),
(9, 1, 1079, 'ent_doctor_slots', 140, 1, 'clinic', 'doctors', 'doctors1_1', 'other', 1, 'pending', NULL, '2023-05-11 10:35:26', '2023-05-11 10:35:26'),
(10, 1, 1079, 'ent_placement_slots', 432, 1, 'clinic', 'placement', 'placement', 'other', 1, 'pending', NULL, '2023-05-11 10:35:31', '2023-05-11 10:35:31'),
(11, 1, 1079, 'ent_birth_type_slots', 61, 1, 'clinic', 'birthtype', 'birthtype', 'other', 1, 'pending', NULL, '2023-05-11 10:35:35', '2023-05-11 10:35:35'),
(12, 19, 996, 'ent_consultation_doctor_slots', 467, 39, 'consultation', 'consultation_doctors', 'consultation_doctors_1', 'other', 19, 'deleted', NULL, '2023-10-17 12:29:49', '2023-05-27 15:29:47'),
(13, 3, 1251, 'ent_doctor_slots', 140, 1, 'clinic', 'doctors', 'doctors1_1', 'other', 3, 'deleted', NULL, '2023-07-23 11:55:13', '2023-07-23 11:55:06'),
(14, 3, 1251, 'ent_doctor_slots', 141, 1, 'clinic', 'doctors', 'doctors1_1', 'other', 3, 'deleted', NULL, '2023-07-23 11:55:38', '2023-07-23 11:55:14'),
(15, 3, 1251, 'ent_doctor_slots', 264, 1, 'clinic', 'doctors', 'doctors1_2', 'other', 3, 'pending', NULL, '2023-07-23 11:55:41', '2023-07-23 11:55:41'),
(16, 3, 1251, 'ent_doctor_slots', 140, 1, 'clinic', 'doctors', 'doctors1_1', 'other', 3, 'pending', NULL, '2023-07-23 11:55:54', '2023-07-23 11:55:54'),
(17, 3, 1251, 'ent_doctor_slots', 292, 1, 'clinic', 'doctors', 'doctors1_4', 'other', 3, 'pending', NULL, '2023-07-23 11:56:00', '2023-07-23 11:56:00'),
(18, 3, 1251, 'ent_doctor_slots', 320, 1, 'clinic', 'doctors', 'doctors1_5', 'other', 3, 'pending', NULL, '2023-07-23 11:56:04', '2023-07-23 11:56:04'),
(19, 3, 1251, 'ent_placement_slots', 432, 1, 'clinic', 'placement', 'placement', 'other', 3, 'pending', NULL, '2023-07-23 11:56:10', '2023-07-23 11:56:10'),
(20, 3, 1251, 'ent_birth_type_slots', 63, 1, 'clinic', 'birthtype', 'birthtype', 'other', 3, 'pending', NULL, '2023-07-23 11:56:14', '2023-07-23 11:56:14'),
(21, 3, 1251, 'ent_birth_additional_slots', 435, 1, 'clinic', 'other', 'other', 'other', 3, 'pending', NULL, '2023-07-23 11:56:19', '2023-07-23 11:56:19'),
(22, 3, 1251, 'ent_birth_additional_slots', 433, 1, 'clinic', 'other', 'other', 'other', 3, 'pending', NULL, '2023-07-23 11:56:21', '2023-07-23 11:56:21'),
(23, 3, 1336, 'ent_doctor_slots', 153, 3, 'clinic', 'doctors', 'doctors1_1', 'other', 3, 'pending', NULL, '2023-09-08 21:20:24', '2023-09-08 21:20:24'),
(24, 3, 1336, 'ent_placement_slots', 16, 3, 'clinic', 'placement', 'placement', 'other', 3, 'pending', NULL, '2023-09-08 21:20:30', '2023-09-08 21:20:30'),
(25, 3, 1336, 'ent_birth_type_slots', 73, 3, 'clinic', 'birthtype', 'birthtype', 'other', 3, 'pending', NULL, '2023-09-08 21:20:35', '2023-09-08 21:20:35'),
(26, 3, 1752, 'ent_doctor_slots', 142, 1, 'clinic', 'doctors', 'doctors1_1', 'other', 3, 'deleted', NULL, '2023-10-12 08:03:27', '2023-10-12 08:03:21'),
(27, 3, 1752, 'ent_doctor_slots', 141, 1, 'clinic', 'doctors', 'doctors1_1', 'other', 3, 'deleted', NULL, '2023-10-12 08:03:30', '2023-10-12 08:03:29'),
(28, 3, 1654, 'ent_doctor_slots', 140, 1, 'clinic', 'doctors', 'doctors1_1', 'other', 3, 'pending', NULL, '2023-10-15 10:04:07', '2023-10-15 10:04:07'),
(29, 3, 1654, 'ent_placement_slots', 432, 1, 'clinic', 'placement', 'placement', 'other', 3, 'pending', NULL, '2023-10-15 10:04:14', '2023-10-15 10:04:14'),
(30, 3, 1654, 'ent_birth_type_slots', 61, 1, 'clinic', 'birthtype', 'birthtype', 'other', 3, 'pending', NULL, '2023-10-15 10:04:18', '2023-10-15 10:04:18'),
(31, 3, 1668, 'ent_doctor_slots', 140, 1, 'clinic', 'doctors', 'doctors1_1', 'other', 3, 'pending', NULL, '2023-10-17 08:32:31', '2023-10-17 08:32:31'),
(32, 3, 1668, 'ent_placement_slots', 432, 1, 'clinic', 'placement', 'placement', 'other', 3, 'pending', NULL, '2023-10-17 08:32:36', '2023-10-17 08:32:36'),
(33, 3, 1668, 'ent_birth_type_slots', 61, 1, 'clinic', 'birthtype', 'birthtype', 'other', 3, 'pending', NULL, '2023-10-17 08:32:39', '2023-10-17 08:32:39'),
(34, 3, 1668, 'ent_birth_additional_slots', 433, 1, 'clinic', 'other', 'other', 'other', 3, 'deleted', NULL, '2023-10-17 08:33:48', '2023-10-17 08:32:47'),
(35, 3, 1668, 'ent_birth_additional_slots', 433, 1, 'clinic', 'other', 'other', 'other', 3, 'deleted', NULL, '2023-10-17 08:34:13', '2023-10-17 08:34:13'),
(36, 19, 1654, 'ent_doctor_slots', 140, 1, 'clinic', 'doctors', 'doctors1_1', 'other', 19, 'deleted', NULL, '2023-10-17 12:29:49', '2023-10-17 12:21:26'),
(37, 19, 1654, 'ent_placement_slots', 432, 1, 'clinic', 'placement', 'placement', 'other', 19, 'deleted', NULL, '2023-10-17 12:29:49', '2023-10-17 12:21:30'),
(38, 19, 1654, 'ent_birth_type_slots', 63, 1, 'clinic', 'birthtype', 'birthtype', 'other', 19, 'deleted', NULL, '2023-10-17 12:29:49', '2023-10-17 12:21:33'),
(39, 19, 1654, 'ent_birth_additional_slots', 435, 1, 'clinic', 'other', 'other', 'other', 19, 'deleted', NULL, '2023-10-17 12:29:49', '2023-10-17 12:21:35'),
(40, 3, 1813, 'ent_placement_slots', 16, 3, 'clinic', 'placement', 'placement', 'other', 3, 'pending', NULL, '2023-11-02 14:10:18', '2023-11-02 14:10:18'),
(41, 3, 1813, 'ent_birth_type_slots', 74, 3, 'clinic', 'birthtype', 'birthtype', 'other', 3, 'pending', NULL, '2023-11-02 14:10:22', '2023-11-02 14:10:22'),
(42, 3, 1813, 'ent_birth_additional_slots', 445, 3, 'clinic', 'other', 'other', 'other', 3, 'pending', NULL, '2023-11-02 14:10:27', '2023-11-02 14:10:27'),
(43, 3, 1813, 'ent_doctor_slots', 153, 3, 'clinic', 'doctors', 'doctors1_1', 'other', 3, 'deleted', NULL, '2023-11-02 14:10:37', '2023-11-02 14:10:30'),
(44, 3, 1813, 'ent_doctor_slots', 153, 3, 'clinic', 'doctors', 'doctors1_1', 'other', 3, 'pending', NULL, '2023-11-02 14:10:40', '2023-11-02 14:10:40'),
(45, 3, 1813, 'ent_birth_type_slots', 62, 1, 'clinic', 'birthtype', 'birthtype', 'other', 3, 'deleted', NULL, '2023-11-25 20:33:02', '2023-11-25 20:33:01'),
(46, 3, 1813, 'ent_birth_type_slots', 61, 1, 'clinic', 'birthtype', 'birthtype', 'other', 3, 'deleted', NULL, '2023-11-25 20:33:05', '2023-11-25 20:33:04'),
(47, 3, 1813, 'ent_birth_type_slots', 61, 1, 'clinic', 'birthtype', 'birthtype', 'other', 3, 'deleted', NULL, '2023-11-25 20:33:06', '2023-11-25 20:33:06'),
(48, 3, 1813, 'ent_birth_type_slots', 61, 1, 'clinic', 'birthtype', 'birthtype', 'other', 3, 'deleted', NULL, '2023-11-25 20:33:08', '2023-11-25 20:33:07'),
(49, 3, 1813, 'ent_birth_type_slots', 61, 1, 'clinic', 'birthtype', 'birthtype', 'other', 3, 'deleted', NULL, '2023-11-25 20:33:09', '2023-11-25 20:33:08'),
(50, 3, 1813, 'ent_birth_type_slots', 61, 1, 'clinic', 'birthtype', 'birthtype', 'other', 3, 'deleted', NULL, '2023-11-25 20:33:10', '2023-11-25 20:33:09'),
(51, 3, 1813, 'ent_birth_type_slots', 61, 1, 'clinic', 'birthtype', 'birthtype', 'other', 3, 'deleted', NULL, '2023-11-25 20:33:26', '2023-11-25 20:33:25'),
(52, 3, 1813, 'ent_birth_type_slots', 61, 1, 'clinic', 'birthtype', 'birthtype', 'other', 3, 'deleted', NULL, '2023-11-25 20:33:28', '2023-11-25 20:33:27'),
(53, 3, 1813, 'ent_birth_type_slots', 61, 1, 'clinic', 'birthtype', 'birthtype', 'other', 3, 'deleted', NULL, '2023-11-25 20:33:29', '2023-11-25 20:33:29'),
(54, 3, 1813, 'ent_placement_slots', 432, 1, 'clinic', 'placement', 'placement', 'other', 3, 'deleted', NULL, '2023-11-25 20:33:35', '2023-11-25 20:33:34'),
(55, 3, 1813, 'ent_doctor_slots', 140, 1, 'clinic', 'doctors', 'doctors1_1', 'other', 3, 'deleted', NULL, '2023-11-25 20:33:39', '2023-11-25 20:33:38'),
(56, 3, 1813, 'ent_doctor_slots', 140, 1, 'clinic', 'doctors', 'doctors1_1', 'other', 3, 'deleted', NULL, '2023-11-25 20:33:41', '2023-11-25 20:33:40'),
(57, 3, 1813, 'ent_birth_additional_slots', 433, 1, 'clinic', 'other', 'other', 'other', 3, 'deleted', NULL, '2023-11-26 14:52:57', '2023-11-26 14:52:44'),
(58, 3, 1813, 'ent_birth_additional_slots', 433, 1, 'clinic', 'other', 'other', 'other', 3, 'deleted', NULL, '2023-11-26 14:53:29', '2023-11-26 14:53:27'),
(59, 3, 1813, 'ent_birth_additional_slots', 433, 1, 'clinic', 'other', 'other', 'other', 3, 'deleted', NULL, '2023-11-26 14:53:30', '2023-11-26 14:53:29'),
(60, 3, 1813, 'ent_birth_additional_slots', 433, 1, 'clinic', 'other', 'other', 'other', 3, 'deleted', NULL, '2023-11-26 14:53:31', '2023-11-26 14:53:31'),
(61, 3, 1813, 'ent_birth_additional_slots', 433, 1, 'clinic', 'other', 'other', 'other', 3, 'deleted', NULL, '2023-11-26 14:53:33', '2023-11-26 14:53:32'),
(62, 3, 1813, 'ent_birth_additional_slots', 433, 1, 'clinic', 'other', 'other', 'other', 3, 'deleted', NULL, '2023-11-26 14:53:34', '2023-11-26 14:53:33'),
(63, 3, 1813, 'ent_birth_additional_slots', 433, 1, 'clinic', 'other', 'other', 'other', 3, 'deleted', NULL, '2023-11-26 14:53:35', '2023-11-26 14:53:34'),
(64, 3, 1813, 'ent_birth_additional_slots', 433, 1, 'clinic', 'other', 'other', 'other', 3, 'deleted', NULL, '2023-11-26 14:53:36', '2023-11-26 14:53:35'),
(65, 3, 1813, 'ent_birth_additional_slots', 433, 1, 'clinic', 'other', 'other', 'other', 3, 'deleted', NULL, '2023-11-26 14:53:36', '2023-11-26 14:53:36'),
(66, 3, 1813, 'ent_birth_additional_slots', 433, 1, 'clinic', 'other', 'other', 'other', 3, 'deleted', NULL, '2023-11-26 14:53:37', '2023-11-26 14:53:37'),
(67, 3, 1813, 'ent_birth_additional_slots', 433, 1, 'clinic', 'other', 'other', 'other', 3, 'deleted', NULL, '2023-11-26 14:53:38', '2023-11-26 14:53:38'),
(68, 3, 1813, 'ent_birth_additional_slots', 433, 1, 'clinic', 'other', 'other', 'other', 3, 'deleted', NULL, '2023-11-26 14:53:39', '2023-11-26 14:53:39'),
(69, 3, 1813, 'ent_birth_additional_slots', 433, 1, 'clinic', 'other', 'other', 'other', 3, 'deleted', NULL, '2023-11-26 14:53:40', '2023-11-26 14:53:39'),
(70, 3, 1813, 'ent_birth_additional_slots', 433, 1, 'clinic', 'other', 'other', 'other', 3, 'deleted', NULL, '2023-11-26 14:53:40', '2023-11-26 14:53:40'),
(71, 3, 1813, 'ent_birth_additional_slots', 433, 1, 'clinic', 'other', 'other', 'other', 3, 'deleted', NULL, '2023-11-26 14:53:41', '2023-11-26 14:53:41'),
(72, 3, 1813, 'ent_birth_additional_slots', 433, 1, 'clinic', 'other', 'other', 'other', 3, 'pending', NULL, '2023-11-26 14:53:42', '2023-11-26 14:53:42'),
(73, 3, 1813, 'ent_doctor_slots', 140, 1, 'clinic', 'doctors', 'doctors1_1', 'other', 3, 'deleted', NULL, '2023-12-12 18:05:37', '2023-12-12 18:05:35'),
(74, 3, 1813, 'ent_doctor_slots', 140, 1, 'clinic', 'doctors', 'doctors1_1', 'other', 3, 'pending', NULL, '2023-12-12 18:05:52', '2023-12-12 18:05:52'),
(75, 3, 1813, 'ent_placement_slots', 432, 1, 'clinic', 'placement', 'placement', 'other', 3, 'pending', NULL, '2023-12-12 18:05:59', '2023-12-12 18:05:59'),
(76, 3, 1813, 'ent_birth_type_slots', 61, 1, 'clinic', 'birthtype', 'birthtype', 'other', 3, 'pending', NULL, '2023-12-12 18:06:06', '2023-12-12 18:06:06'),
(77, 1, 1920, 'ent_birth_additional_slots', 433, 1, 'clinic', 'other', 'other', 'other', 1, 'pending', NULL, '2023-12-20 19:59:49', '2023-12-20 19:59:49'),
(78, 1, 1920, 'ent_consultation_doctor_slots', 490, 1, 'consultation', 'consultation_doctors', 'consultation_doctors_1', 'other', 1, 'deleted', NULL, '2023-12-21 10:32:35', '2023-12-20 20:02:14'),
(79, 1, 1920, 'ent_consultation_doctor_slots', 490, 1, 'consultation', 'consultation_doctors', 'consultation_doctors_1', 'other', 1, 'pending', NULL, '2023-12-21 11:23:47', '2023-12-21 11:23:47');

-- --------------------------------------------------------

--
-- Структура таблицы `order_contacts`
--

CREATE TABLE `order_contacts` (
  `id` bigint UNSIGNED NOT NULL,
  `group_token` varchar(150) COLLATE utf8mb3_unicode_ci NOT NULL,
  `user_id` bigint NOT NULL,
  `session_id` bigint NOT NULL,
  `phone` varchar(150) COLLATE utf8mb3_unicode_ci DEFAULT NULL,
  `email` varchar(150) COLLATE utf8mb3_unicode_ci DEFAULT NULL,
  `skype` varchar(150) COLLATE utf8mb3_unicode_ci DEFAULT NULL,
  `ch_email` tinyint(1) DEFAULT NULL,
  `ch_phone` tinyint(1) DEFAULT NULL,
  `ch_viber` tinyint(1) DEFAULT NULL,
  `ch_whatsapp` tinyint(1) DEFAULT NULL,
  `ch_skype` tinyint(1) NOT NULL,
  `ch_telegram` tinyint(1) NOT NULL,
  `datetime_create` timestamp NOT NULL DEFAULT CURRENT_TIMESTAMP,
  `datetime_update` timestamp NOT NULL DEFAULT CURRENT_TIMESTAMP ON UPDATE CURRENT_TIMESTAMP
) ENGINE=InnoDB DEFAULT CHARSET=utf8mb3 COLLATE=utf8mb3_unicode_ci;

--
-- Дамп данных таблицы `order_contacts`
--

INSERT INTO `order_contacts` (`id`, `group_token`, `user_id`, `session_id`, `phone`, `email`, `skype`, `ch_email`, `ch_phone`, `ch_viber`, `ch_whatsapp`, `ch_skype`, `ch_telegram`, `datetime_create`, `datetime_update`) VALUES
(1, 'b50c5ffc-838b-4f1e-8c33-5dd17c519c37', 1, 1079, '89171215000', 'alter4444@gmail.com', 'exclusive_login', 0, 0, 0, 1, 0, 1, '2023-02-21 08:52:06', '2023-02-21 08:52:06');

-- --------------------------------------------------------

--
-- Структура таблицы `order_status_type`
--

CREATE TABLE `order_status_type` (
  `slug` varchar(20) COLLATE utf8mb3_unicode_ci NOT NULL,
  `title` varchar(50) COLLATE utf8mb3_unicode_ci NOT NULL,
  `description` text COLLATE utf8mb3_unicode_ci NOT NULL
) ENGINE=InnoDB DEFAULT CHARSET=utf8mb3 COLLATE=utf8mb3_unicode_ci;

--
-- Дамп данных таблицы `order_status_type`
--

INSERT INTO `order_status_type` (`slug`, `title`, `description`) VALUES
('canceled', 'Отменен', 'Заказ отменен'),
('completed', 'Завершен', 'Заказ завершен (архив)'),
('deleted', 'Удален', 'Заказ удален'),
('inprogress', 'Выполняется', 'Передан Контрагенту'),
('pending', 'Ожидание', 'Ожидает подтверждения клиента'),
('rejected', 'Отклонен', 'Отклонен менеджером'),
('resolved', 'Одобрен', 'Одобрен менеджером'),
('waiting', 'На одобрении', 'Ожидает подтверждения менеджера');

-- --------------------------------------------------------

--
-- Структура таблицы `phones`
--

CREATE TABLE `phones` (
  `id` bigint UNSIGNED NOT NULL,
  `title` varchar(50) COLLATE utf8mb3_unicode_ci DEFAULT NULL,
  `description` text COLLATE utf8mb3_unicode_ci,
  `phone` varchar(50) COLLATE utf8mb3_unicode_ci NOT NULL,
  `comment` text COLLATE utf8mb3_unicode_ci,
  `section` varchar(150) COLLATE utf8mb3_unicode_ci DEFAULT NULL
) ENGINE=InnoDB DEFAULT CHARSET=utf8mb3 COLLATE=utf8mb3_unicode_ci;

--
-- Дамп данных таблицы `phones`
--

INSERT INTO `phones` (`id`, `title`, `description`, `phone`, `comment`, `section`) VALUES
(8, 'Единая справочная Медси', '', '+7 (495) 021-47-02', NULL, 'consultation'),
(9, 'Единая справочная Мать и дитя', NULL, '+7 (495) 127-42-46', NULL, 'clinic'),
(10, 'Единая справочная Медок', '', '+7 (495) 241‒92‒50', NULL, 'consultation'),
(11, 'Единая справочная ЕМС', NULL, '+7(495)933-66-55', NULL, 'clinic'),
(12, 'Единая справочная СМ-Клиник', NULL, '+7 (495) 292-72-94', NULL, 'consultation'),
(13, 'Контакт-центр Роддом 20', 'Контакт-центр Родильный дом №20 филиал ГКБ им. Д.Д.Плетнёва', '7 (495) 700-57-57 ', 'с 8.00-20.00 ежедневно', 'clinic');

-- --------------------------------------------------------

--
-- Структура таблицы `phones_containers_repo`
--

CREATE TABLE `phones_containers_repo` (
  `id` bigint UNSIGNED NOT NULL,
  `title` varchar(50) COLLATE utf8mb3_unicode_ci DEFAULT NULL,
  `description` text COLLATE utf8mb3_unicode_ci,
  `comment` text COLLATE utf8mb3_unicode_ci
) ENGINE=InnoDB DEFAULT CHARSET=utf8mb3 COLLATE=utf8mb3_unicode_ci;

--
-- Дамп данных таблицы `phones_containers_repo`
--

INSERT INTO `phones_containers_repo` (`id`, `title`, `description`, `comment`) VALUES
(14, 'Телефоны Роддома Плетнева', 'Телефоны Роддома Плетнева', NULL),
(17, 'Телефоны EMC', 'Справочник телефонов', NULL),
(18, 'Медицинский центр Медси на Мичуринском проспекте', 'Медицинский центр Медси на Мичуринском проспекте', NULL),
(19, 'Женская консультация на Кавказском бульваре', 'Женская консультация при ГБУЗ ГКБ им СС Юдина ДЗМ ЖК 5 ОСП', NULL),
(20, 'Сеть женских консультаций Медок', 'В нашей сети женских консультаций трудятся 400 опытных врачей. В центрах «Медок» ведут прием гинекологи, терапевты-кардиологи, и эндокринологи. Средний стаж наших врачей не менее 10 лет. Большинство специалистов «Медок» – врачи первой и второй категории. Каждый десятый врач – кандидат медицинских наук, имеющий за плечами множество публикаций в авторитетных изданиях. Наши доктора постоянно совершенствуют свои профессиональные навыки на курсах, получая сертификаты таких ВУЗов как МГМУ имени И.М. Сеченова.\nМы занимаемся любыми случаями беременности: после ЭКО, после неудачной беременности, с патологиями в анамнезе, многоплодными.', NULL);

-- --------------------------------------------------------

--
-- Структура таблицы `phone_containers`
--

CREATE TABLE `phone_containers` (
  `id` int NOT NULL,
  `container_id` int NOT NULL,
  `phone_id` int NOT NULL,
  `comment` text COLLATE utf8mb3_unicode_ci
) ENGINE=InnoDB DEFAULT CHARSET=utf8mb3 COLLATE=utf8mb3_unicode_ci;

--
-- Дамп данных таблицы `phone_containers`
--

INSERT INTO `phone_containers` (`id`, `container_id`, `phone_id`, `comment`) VALUES
(81, 17, 1, NULL),
(82, 17, 4, NULL),
(125, 18, 8, NULL),
(130, 19, 9, NULL),
(131, 14, 13, NULL);

-- --------------------------------------------------------

--
-- Структура таблицы `roles`
--

CREATE TABLE `roles` (
  `id` bigint UNSIGNED NOT NULL,
  `title` varchar(50) COLLATE utf8mb3_unicode_ci DEFAULT NULL,
  `description` text COLLATE utf8mb3_unicode_ci,
  `slug` varchar(50) COLLATE utf8mb3_unicode_ci NOT NULL,
  `rank` int NOT NULL DEFAULT '0',
  `datetime_create` timestamp NOT NULL DEFAULT CURRENT_TIMESTAMP,
  `datetime_update` timestamp NOT NULL DEFAULT CURRENT_TIMESTAMP ON UPDATE CURRENT_TIMESTAMP
) ENGINE=InnoDB DEFAULT CHARSET=utf8mb3 COLLATE=utf8mb3_unicode_ci;

--
-- Дамп данных таблицы `roles`
--

INSERT INTO `roles` (`id`, `title`, `description`, `slug`, `rank`, `datetime_create`, `datetime_update`) VALUES
(1, 'Гость', 'Доступ только на чтение', 'guest', 1, '2021-08-16 18:08:24', '2021-08-16 21:34:40'),
(2, 'Пользователь', 'Те кто авторизован с фронта', 'user', 3, '2021-08-16 18:08:24', '2021-08-16 18:08:24'),
(5, 'Модератор', 'Редактирование только своих клиник и услуг', 'moderator', 5, '2021-08-16 18:11:03', '2021-08-17 16:52:14'),
(6, 'Администратор', 'Полный доступ к словарям и сущностям системы. \r\nЗа исключением системных SQL ', 'admin', 7, '2021-08-16 18:11:03', '2021-08-16 18:11:03'),
(7, 'Супер админ', 'Владелец', 'master', 9, '2021-08-16 18:11:51', '2021-08-16 18:11:51');

-- --------------------------------------------------------

--
-- Структура таблицы `search`
--

CREATE TABLE `search` (
  `hash` varchar(50) COLLATE utf8mb3_unicode_ci NOT NULL,
  `section` varchar(50) COLLATE utf8mb3_unicode_ci DEFAULT NULL,
  `filters` text COLLATE utf8mb3_unicode_ci NOT NULL,
  `datetime_create` timestamp NOT NULL DEFAULT CURRENT_TIMESTAMP,
  `datetime_update` timestamp NOT NULL DEFAULT CURRENT_TIMESTAMP ON UPDATE CURRENT_TIMESTAMP
) ENGINE=InnoDB DEFAULT CHARSET=utf8mb3 COLLATE=utf8mb3_unicode_ci;

--
-- Дамп данных таблицы `search`
--

INSERT INTO `search` (`hash`, `section`, `filters`, `datetime_create`, `datetime_update`) VALUES
('00d8a885fc1c887772f066d71de6fb53', 'consultation', '{\"consultation_patology\":{\"2\":true,\"5\":true},\"consultation_services\":{\"5\":true}}', '2023-12-14 17:39:49', '2023-12-14 17:39:49'),
('17551065dd1f36432d73df82fd1e6060', 'consultation', '{\"consultation_services\":{\"7\":true}}', '2023-12-12 15:39:19', '2023-12-12 15:39:19'),
('1f6b49ee39f89593858852ce74b431e2', 'clinic', '{\"clinic_type_birth_section\":{\"1\":true,\"2\":true,\"3\":true,\"5\":true,\"7\":true},\"clinic_personal_birth_section\":{\"1\":true},\"clinic_facilities_birth_section\":{\"15\":true,\"16\":true,\"17\":true,\"19\":true}}', '2022-12-11 18:37:30', '2022-12-11 18:37:30'),
('2870fc93bc36f6168a8f0835fc6fa697', 'clinic', '{\"clinic_facilities_birth_section\":{\"15\":true}}', '2022-12-11 17:00:36', '2022-12-11 17:00:36'),
('32c937d5d0496990d14f802eb63fe134', 'clinic', '{\"clinic_personal_birth_section\":{\"1\":true,\"2\":true,\"3\":true,\"4\":true,\"5\":true}}', '2022-12-11 18:37:04', '2022-12-11 18:37:04'),
('5200db4aa7b10e874980384160cc44e7', 'clinic', '{\"clinic_facilities_birth_section\":{\"15\":true,\"16\":true,\"17\":true}}', '2022-12-11 18:40:00', '2022-12-11 18:40:00'),
('5624f1f1b8224109e15d6304fc91bfb4', 'clinic', '{\"clinic_type_birth_section\":{\"1\":true}}', '2022-12-12 10:03:40', '2022-12-12 10:03:40'),
('6b7d3dc140e867db3b3f07ee9a35af56', 'consultation', '{\"consultation_patology\":{\"2\":true}}', '2023-12-14 17:40:03', '2023-12-14 17:40:03'),
('6e962348cac92eb5a939887848ab6bf6', 'clinic', '{\"clinic_type_birth_section\":{\"2\":true},\"clinic_personal_birth_section\":{\"1\":true},\"clinic_facilities_birth_section\":{\"15\":true}}', '2023-11-18 13:49:35', '2023-11-18 13:49:35'),
('711dcaa2874d155ec8c2c0ad25386451', 'consultation', '{\"consultation_patology\":{\"7\":true}}', '2023-12-14 17:40:14', '2023-12-14 17:40:14'),
('72c322e666ceaee606c7782cbd57d12e', 'clinic', '{\"clinic_facilities_birth_section\":{\"15\":true,\"16\":true,\"17\":true,\"19\":true}}', '2022-12-11 18:37:11', '2022-12-11 18:37:11'),
('830f1413fbed4d52573880bff5ce450e', 'consultation', '{\"consultation_services\":{\"6\":true}}', '2023-12-14 17:40:22', '2023-12-14 17:40:22'),
('9d5629624b337f1462e17a88b3b58d5d', 'clinic', '{\"clinic_type_birth_section\":{\"2\":true},\"clinic_personal_birth_section\":{\"1\":true}}', '2023-11-18 13:49:39', '2023-11-18 13:49:39'),
('9fe7e86bc916fb09d9d39642f700e3b7', 'clinic', '{\"clinic_facilities_birth_section\":{\"15\":true,\"16\":true}}', '2022-12-12 08:08:51', '2022-12-12 08:08:51'),
('ae74dc0f9c5b6ac536d9a84188bd702c', 'clinic', '{\"clinic_personal_birth_section\":{\"1\":true,\"2\":true},\"clinic_facilities_birth_section\":{\"19\":true}}', '2022-12-11 18:40:20', '2022-12-11 18:40:20'),
('b306366e1229171864d6d10c456f7173', 'consultation', '{\"consultation_services\":{\"5\":true}}', '2023-12-12 15:39:24', '2023-12-12 15:39:24'),
('bc49dcda0babf9cdbb6deadb8ae35bc8', 'clinic', '{\"clinic_personal_birth_section\":{\"1\":true,\"2\":true}}', '2022-12-11 18:37:00', '2022-12-11 18:37:00'),
('d2b45b3d2e19ede6f0490a57438f1edf', 'consultation', '{\"consultation_patology\":{\"0\":true}}', '2023-12-14 17:39:56', '2023-12-14 17:39:56'),
('d5d10158adc655651a8d4e78cbed0437', 'clinic', '{\"clinic_facilities_birth_section\":{\"16\":true}}', '2022-12-12 10:03:25', '2022-12-12 10:03:25'),
('d860413eb8bc4446b501e9685a91892e', 'clinic', '{\"clinic_type_birth_section\":{\"1\":true,\"2\":true,\"3\":true,\"5\":true,\"7\":true},\"clinic_facilities_birth_section\":{\"15\":true,\"16\":true,\"17\":true,\"19\":true}}', '2022-12-11 18:37:16', '2022-12-11 18:37:16'),
('db0cfb0fd8bdeb5a12baf6e862e207b6', 'consultation', '{\"consultation_patology\":{\"5\":true}}', '2023-12-14 17:40:09', '2023-12-14 17:40:09');

-- --------------------------------------------------------

--
-- Структура таблицы `section_type`
--

CREATE TABLE `section_type` (
  `id` bigint NOT NULL,
  `title` varchar(150) COLLATE utf8mb3_unicode_ci NOT NULL,
  `slug` varchar(150) COLLATE utf8mb3_unicode_ci NOT NULL,
  `description` text COLLATE utf8mb3_unicode_ci NOT NULL
) ENGINE=InnoDB DEFAULT CHARSET=utf8mb3 COLLATE=utf8mb3_unicode_ci;

--
-- Дамп данных таблицы `section_type`
--

INSERT INTO `section_type` (`id`, `title`, `slug`, `description`) VALUES
(1, 'Роддом', 'clinic', 'Роль роддома'),
(2, 'Женская консультация', 'consultation', 'Роль женской консультации');

-- --------------------------------------------------------

--
-- Структура таблицы `services`
--

CREATE TABLE `services` (
  `id` int NOT NULL,
  `title` varchar(50) CHARACTER SET utf8mb3 COLLATE utf8mb3_unicode_ci NOT NULL,
  `description` text CHARACTER SET utf8mb3 COLLATE utf8mb3_unicode_ci,
  `description_ext1` text CHARACTER SET utf8mb3 COLLATE utf8mb3_unicode_ci,
  `description_ext2` text CHARACTER SET utf8mb3 COLLATE utf8mb3_unicode_ci,
  `image_id` bigint UNSIGNED DEFAULT NULL,
  `article_id` int DEFAULT NULL,
  `trimester` int DEFAULT NULL,
  `slot_category_type` bigint UNSIGNED DEFAULT NULL COMMENT 'Категория услуги',
  `adv` tinyint(1) DEFAULT NULL,
  `area_min` int UNSIGNED DEFAULT NULL,
  `area_max` int UNSIGNED DEFAULT NULL
) ENGINE=InnoDB DEFAULT CHARSET=latin1;

--
-- Дамп данных таблицы `services`
--

INSERT INTO `services` (`id`, `title`, `description`, `description_ext1`, `description_ext2`, `image_id`, `article_id`, `trimester`, `slot_category_type`, `adv`, `area_min`, `area_max`) VALUES
(4, 'Обследование (Check-up) 1 триместр', 'Вам предстоит сдать обширный список анализов:\nобщий и биохимический анализ крови;\nобщий анализ мочи;\nтесты на ВИЧ, СПИД, гепатиты, ТОРЧ-инфекции и ЗППП;\nкоагулограмма;\nмазок на вагинальную микрофлору.\nТакже важно определить вашу группу крови и резус-фактор, для диагностики возможных патологий работы сердца выполняется ЭКГ.\n\n', NULL, NULL, NULL, NULL, 1, 8, 0, 0, 0),
(5, 'Обследование (Check-up).Многоплодная беременность.', 'На 18-21 неделе она проходит второй скрининг, «тройной тест», по которому врачи определяют уже более точно риск возможной патологии ребенка;\nС 18 по 21 неделю делают второе плановое УЗИ, оценивая состояние плаценты, околоплодных вод, смотрят, как развивается малыш, на этом сроке уже можно узнать его пол;\nСдают общий анализ мочи;\nСдают второе обследование на сифилис.', NULL, NULL, NULL, NULL, 2, 8, 0, 0, 0),
(6, 'Обследование (Check-up).Многоплодная беременность.', 'В период с 30 по 34 неделю делают третье УЗИ, определяют рост, примерный вес малыша, смотрят его расположение в матке, изучают состояние плаценты, нет ли обвития пуповины, смотрят количество и качество околоплодных вод.\nВ период с 32 по 35 неделю делают КТГ (кардиотокографию), исследуют работу сердечно-сосудистой системы эмбриона, наблюдают его двигательную активность. Это исследование помогает определить, как чувствует себя ребенок, нет ли проблем в развитии.\nС 36 недели и до родов гинеколог осматривает беременную каждую неделю.\nНа 30 неделе врач дает направление на общий анализ мочи, общий анализ крови, биохимический анализ крови, анализ на ВИЧ и гепатит, третье обследование на сифилис, берется мазок на цитологическое исследование', NULL, NULL, NULL, NULL, 3, 8, 0, 0, 0),
(8, 'Палата VIP', 'Уютная студия обеспечит максимальный комфорт и удовольствие от пребывания, возможность насладиться классической роскошью и элегантностью, станет приятным дополнением к долгожданному событию — рождению ребенка.', 'Уютная студия обеспечит максимальный комфорт и удовольствие от пребывания, возможность насладиться классической роскошью и элегантностью, станет приятным дополнением к долгожданному событию — рождению ребенка. В продуманном до мелочей интерьере гармонично объединены пространство для мамы и малыша и зона отдыха для ваших близких.', 'Интерьеры палат люкс оформлены в светлых тонах и создают ощущение уюта. В палатах современная мебель и бытовая техника: холодильник, электрочайник, вместительный шкаф-купе с зеркалом для одежды, кожаные кресла, передвижной журнальный столик. Кондиционер с климат-контролем, дезинфекторы воздуха и бесплатный wi-fi обеспечивают комфортные условия нахождения в стационаре. Для удобства пациентов палаты люкс оборудованы широкими кроватями. Отдельный туалет оснащен всем необходимым для выполнения санитарно-гигиенических процедур, в том числе и для тяжелобольных пациентов.', NULL, NULL, NULL, 2, NULL, 0, 0),
(9, 'Трансфер в роддом', 'Обеспечение трансфера в роддом при возникновении признаков родов', 'При возникновении признаков начала родовой деятельности беременной необходимо незамедлительно ехать в роддом. Вызов кареты скорой помощи обусловлен договором на роды, и беременной не стоит волноваться за трансфер.', NULL, 190, NULL, NULL, 4, NULL, NULL, NULL),
(10, 'Маникюр', NULL, NULL, NULL, NULL, NULL, NULL, 4, NULL, NULL, NULL),
(16, 'Фотосъемка', 'Фотосъемка выписки из роддома', NULL, NULL, 187, NULL, NULL, 4, NULL, NULL, NULL),
(17, 'Визажист', NULL, NULL, NULL, NULL, NULL, NULL, 4, NULL, NULL, NULL),
(18, 'Биострахование', NULL, NULL, NULL, NULL, NULL, NULL, 4, NULL, NULL, NULL),
(19, 'Трансфер  ', 'Трансфер после выписки из роддома', NULL, NULL, 189, NULL, NULL, 4, NULL, NULL, NULL),
(20, 'Консультация психолога', NULL, NULL, NULL, NULL, NULL, NULL, 4, NULL, NULL, NULL),
(21, 'Видеосъемка', NULL, NULL, NULL, 188, NULL, NULL, 4, NULL, NULL, NULL),
(22, 'Размещение в палате Делюкс', 'Комфортабельная палата отвечает высочайшими требованиям комфорта и безопасности и идеальна для совместного пребывания мамы и ребенка. Светлый, наполненный воздухом интерьер располагает к спокойному отдыху и заботе о малыше', NULL, NULL, 41, NULL, NULL, 2, NULL, NULL, NULL),
(24, 'Обследование (Check-up).Многоплодная беременность.', 'Вам предстоит сдать обширный список анализов:\nобщий и биохимический анализ крови;\nобщий анализ мочи;\nтесты на ВИЧ, СПИД, гепатиты, ТОРЧ-инфекции и ЗППП;\nкоагулограмма;\nмазок на вагинальную микрофлору.\nТакже важно определить вашу группу крови и резус-фактор, для диагностики возможных патологий работы сердца выполняется ЭКГ.\n\n', NULL, NULL, NULL, NULL, 1, 8, 0, NULL, NULL),
(25, 'Обследование (Check-up) 1 триместр', 'Вам предстоит сдать обширный список анализов:\nобщий и биохимический анализ крови;\nобщий анализ мочи;\nтесты на ВИЧ, СПИД, гепатиты, ТОРЧ-инфекции и ЗППП;\nкоагулограмма;\nмазок на вагинальную микрофлору.\nТакже важно определить вашу группу крови и резус-фактор, для диагностики возможных патологий работы сердца выполняется ЭКГ.\n\n', NULL, NULL, NULL, NULL, 1, 8, 0, NULL, NULL),
(26, 'Онлайн ведение беременности', NULL, NULL, NULL, NULL, NULL, 1, 4, NULL, NULL, NULL),
(27, 'ЭКО', NULL, NULL, NULL, NULL, NULL, 1, 8, NULL, NULL, NULL),
(29, 'Одноместная палата (Стандарт)', NULL, NULL, NULL, 185, NULL, NULL, 2, NULL, NULL, NULL);

-- --------------------------------------------------------

--
-- Структура таблицы `services_containers_repo`
--

CREATE TABLE `services_containers_repo` (
  `id` bigint UNSIGNED NOT NULL,
  `title` varchar(50) COLLATE utf8mb3_unicode_ci DEFAULT NULL,
  `description` text COLLATE utf8mb3_unicode_ci,
  `comment` text COLLATE utf8mb3_unicode_ci
) ENGINE=InnoDB DEFAULT CHARSET=utf8mb3 COLLATE=utf8mb3_unicode_ci;

--
-- Дамп данных таблицы `services_containers_repo`
--

INSERT INTO `services_containers_repo` (`id`, `title`, `description`, `comment`) VALUES
(4, 'Родовспоможение VIP', 'какое то описание пакета', 'null');

-- --------------------------------------------------------

--
-- Структура таблицы `service_containers`
--

CREATE TABLE `service_containers` (
  `id` bigint UNSIGNED NOT NULL,
  `container_id` int NOT NULL,
  `service_id` int NOT NULL,
  `overrided_title` varchar(50) COLLATE utf8mb3_unicode_ci DEFAULT NULL,
  `overrided_description` text COLLATE utf8mb3_unicode_ci,
  `comment` text COLLATE utf8mb3_unicode_ci
) ENGINE=InnoDB DEFAULT CHARSET=utf8mb3 COLLATE=utf8mb3_unicode_ci;

--
-- Дамп данных таблицы `service_containers`
--

INSERT INTO `service_containers` (`id`, `container_id`, `service_id`, `overrided_title`, `overrided_description`, `comment`) VALUES
(12, 4, 21, NULL, NULL, NULL),
(13, 4, 22, NULL, NULL, NULL),
(14, 4, 24, NULL, NULL, NULL);

-- --------------------------------------------------------

--
-- Структура таблицы `service_slot`
--

CREATE TABLE `service_slot` (
  `id` bigint UNSIGNED NOT NULL,
  `active` tinyint(1) NOT NULL DEFAULT '1',
  `title` varchar(50) CHARACTER SET utf8mb3 COLLATE utf8mb3_unicode_ci DEFAULT NULL,
  `section` varchar(50) COLLATE utf8mb3_unicode_ci DEFAULT NULL,
  `image_id` bigint UNSIGNED DEFAULT NULL,
  `service_id` bigint UNSIGNED NOT NULL,
  `price` int NOT NULL,
  `benefit_price` int DEFAULT NULL,
  `benefit_percent` int DEFAULT NULL,
  `contragent_id` bigint UNSIGNED NOT NULL,
  `entity_type` bigint UNSIGNED NOT NULL DEFAULT '1',
  `slot_category_type` bigint UNSIGNED DEFAULT NULL,
  `facilities_type` int DEFAULT NULL,
  `entity_key` varchar(150) CHARACTER SET utf8mb3 COLLATE utf8mb3_unicode_ci DEFAULT NULL
) ENGINE=InnoDB DEFAULT CHARSET=utf8mb3 COLLATE=utf8mb3_unicode_ci;

--
-- Дамп данных таблицы `service_slot`
--

INSERT INTO `service_slot` (`id`, `active`, `title`, `section`, `image_id`, `service_id`, `price`, `benefit_price`, `benefit_percent`, `contragent_id`, `entity_type`, `slot_category_type`, `facilities_type`, `entity_key`) VALUES
(8, 1, 'Размещение в палате Делюкс', 'clinic', 42, 8, 120000, NULL, NULL, 15, 1, 2, 5, 'ent_services_placement'),
(14, 1, 'Роддом 15', 'clinic', NULL, 3, 16000, NULL, NULL, 2, 1, 2, 2, 'ent_services_placement'),
(15, 1, 'Роддом 15', 'clinic', NULL, 3, 24000, NULL, NULL, 2, 1, 2, 3, 'ent_services_placement'),
(16, 1, 'Роддом 36', 'clinic', NULL, 3, 18000, NULL, NULL, 3, 1, 2, 2, 'ent_services_placement'),
(17, 1, 'Роддом 36', 'clinic', NULL, 3, 14000, NULL, NULL, 3, 1, 2, 4, 'ent_services_placement'),
(18, 1, 'Роддом 36', 'clinic', NULL, 3, 16000, NULL, NULL, 3, 1, 2, 5, 'ent_services_placement'),
(21, 1, 'Роддом 40', 'clinic', NULL, 3, 12000, NULL, NULL, 7, 1, 2, 5, 'ent_services_placement'),
(22, 1, 'Роддом 40', 'clinic', NULL, 3, 16000, NULL, NULL, 7, 1, 2, 3, 'ent_services_placement'),
(24, 1, 'Роддом 40', 'clinic', NULL, 3, 15000, NULL, NULL, 7, 1, 2, 2, 'ent_services_placement'),
(27, 1, 'Роддом 11', 'clinic', NULL, 3, 15000, NULL, NULL, 8, 1, 2, 3, 'ent_services_placement'),
(29, 1, 'Роддом 3', 'clinic', NULL, 3, 8600, NULL, NULL, 10, 1, 2, 4, 'ent_services_placement'),
(30, 1, 'Роддом 3', 'clinic', NULL, 3, 11220, NULL, NULL, 10, 1, 2, 2, 'ent_services_placement'),
(31, 1, 'ЦКБ', 'clinic', NULL, 3, 12000, NULL, NULL, 11, 1, 2, 4, 'ent_services_placement'),
(32, 1, 'ЦКБ', 'clinic', NULL, 3, 17200, NULL, NULL, 11, 1, 2, 3, 'ent_services_placement'),
(34, 1, 'Роддом 17', 'clinic', NULL, 3, 8500, NULL, NULL, 12, 1, 2, 4, 'ent_services_placement'),
(35, 1, 'Роддом 27', 'clinic', NULL, 3, 12400, NULL, NULL, 13, 1, 2, 4, 'ent_services_placement'),
(36, 1, 'Роддом 27', 'clinic', NULL, 3, 16000, NULL, NULL, 13, 1, 2, 5, 'ent_services_placement'),
(37, 1, 'Роддом 27', 'clinic', NULL, 3, 18000, NULL, NULL, 13, 1, 2, 3, 'ent_services_placement'),
(38, 1, 'Роддом 27', 'clinic', NULL, 3, 22000, NULL, NULL, 13, 1, 2, 2, 'ent_services_placement'),
(39, 1, 'Роддом 8', 'clinic', NULL, 3, 9000, NULL, NULL, 14, 1, 2, 4, 'ent_services_placement'),
(40, 1, 'Роддом 8', 'clinic', NULL, 3, 10500, NULL, NULL, 14, 1, 2, 3, 'ent_services_placement'),
(41, 1, 'Роддом 8', 'clinic', NULL, 3, 14000, NULL, NULL, 14, 1, 2, 2, 'ent_services_placement'),
(42, 1, 'ЕМЦ', 'clinic', NULL, 3, 45000, NULL, NULL, 15, 1, 2, 5, 'ent_services_placement'),
(43, 1, 'ЕМЦ', 'clinic', NULL, 3, 65000, NULL, NULL, 15, 1, 2, 3, 'ent_services_placement'),
(44, 1, 'ЕМЦ', 'clinic', NULL, 3, 85000, NULL, NULL, 15, 1, 2, 2, 'ent_services_placement'),
(46, 1, 'Роддом Снегирева', 'clinic', NULL, 3, 8600, NULL, NULL, 18, 1, 2, 4, 'ent_services_placement'),
(47, 1, 'Роддом МОНИИАГ', 'clinic', NULL, 3, 7600, NULL, NULL, 19, 1, 2, 4, 'ent_services_placement'),
(48, 1, 'Мать и дитя', 'clinic', NULL, 3, 24000, NULL, NULL, 25, 1, 2, 4, 'ent_services_placement'),
(49, 1, 'Мать и дитя', 'clinic', NULL, 3, 36000, NULL, NULL, 25, 1, 2, 5, 'ent_services_placement'),
(50, 1, 'Мать и дитя', 'clinic', NULL, 3, 40000, NULL, NULL, 25, 1, 2, 3, 'ent_services_placement'),
(51, 1, 'Мать и дитя', 'clinic', NULL, 3, 56000, NULL, NULL, 25, 1, 2, 2, 'ent_services_placement'),
(55, 1, 'Евромед', 'clinic', NULL, 3, 12000, NULL, NULL, 34, 1, 2, 4, 'ent_services_placement'),
(56, 1, 'Евромед', 'clinic', NULL, 3, 18000, NULL, NULL, 34, 1, 2, 3, 'ent_services_placement'),
(57, 1, 'Евромед', 'clinic', NULL, 3, 24000, NULL, NULL, 34, 1, 2, 2, 'ent_services_placement'),
(58, 1, 'Сергунина Ольга', 'clinic', NULL, 1, 90000, NULL, NULL, 15, 1, 1, NULL, 'ent_doctor_slots'),
(61, 1, 'Естественные роды', 'clinic', NULL, 1, 25000, NULL, NULL, 1, 1, 3, NULL, 'ent_birth_type_slots'),
(62, 1, 'Кесарево сечение', 'clinic', NULL, 2, 35000, NULL, NULL, 1, 1, 3, NULL, 'ent_birth_type_slots'),
(63, 1, 'Мягкие роды', 'clinic', NULL, 3, 31000, NULL, NULL, 1, 1, 3, NULL, 'ent_birth_type_slots'),
(64, 1, 'Партнерские роды', 'clinic', NULL, 4, 37000, NULL, NULL, 1, 1, 3, NULL, 'ent_birth_type_slots'),
(65, 1, 'Роды в воду', 'clinic', NULL, 5, 45000, NULL, NULL, 1, 1, 3, NULL, 'ent_birth_type_slots'),
(66, 1, 'Вертикальные роды', 'clinic', NULL, 7, 31500, NULL, NULL, 1, 1, 3, NULL, 'ent_birth_type_slots'),
(67, 1, 'Естественные роды', 'clinic', NULL, 1, 25000, NULL, NULL, 2, 1, 3, NULL, 'ent_birth_type_slots'),
(68, 1, 'Кесарево сечение', 'clinic', NULL, 2, 35000, NULL, NULL, 2, 1, 3, NULL, 'ent_birth_type_slots'),
(69, 1, 'Мягкие роды', 'clinic', NULL, 3, 31000, NULL, NULL, 2, 1, 3, NULL, 'ent_birth_type_slots'),
(70, 1, 'Партнерские роды', 'clinic', NULL, 4, 45000, NULL, NULL, 2, 1, 3, NULL, 'ent_birth_type_slots'),
(71, 1, 'Роды в воду', 'clinic', NULL, 5, 45000, NULL, NULL, 2, 1, 3, NULL, 'ent_birth_type_slots'),
(72, 1, 'Вертикальные роды', 'clinic', NULL, 7, 31500, NULL, NULL, 2, 1, 3, NULL, 'ent_birth_type_slots'),
(73, 1, 'Естественные роды', 'clinic', NULL, 1, 25000, NULL, NULL, 3, 1, 3, NULL, 'ent_birth_type_slots'),
(74, 1, 'Кесарево сечение', 'clinic', NULL, 2, 35000, NULL, NULL, 3, 1, 3, NULL, 'ent_birth_type_slots'),
(75, 1, 'Мягкие роды', 'clinic', NULL, 3, 31000, NULL, NULL, 3, 1, 3, NULL, 'ent_birth_type_slots'),
(76, 1, 'Партнерские роды', 'clinic', NULL, 4, 37000, NULL, NULL, 3, 1, 3, NULL, 'ent_birth_type_slots'),
(77, 1, 'Роды в воду', 'clinic', NULL, 5, 45000, NULL, NULL, 3, 1, 3, NULL, 'ent_birth_type_slots'),
(78, 1, 'Вертикальные роды', 'clinic', NULL, 7, 31500, NULL, NULL, 3, 1, 3, NULL, 'ent_birth_type_slots'),
(79, 1, 'Естественные роды', 'clinic', NULL, 1, 25000, NULL, NULL, 4, 1, 3, NULL, 'ent_birth_type_slots'),
(80, 1, 'Кесарево сечение', 'clinic', NULL, 2, 35000, NULL, NULL, 4, 1, 3, NULL, 'ent_birth_type_slots'),
(81, 1, 'Мягкие роды', 'clinic', NULL, 3, 31000, NULL, NULL, 4, 1, 3, NULL, 'ent_birth_type_slots'),
(82, 1, 'Партнерские роды', 'clinic', NULL, 4, 37000, NULL, NULL, 4, 1, 3, NULL, 'ent_birth_type_slots'),
(83, 1, 'Роды в воду', 'clinic', NULL, 5, 45000, NULL, NULL, 4, 1, 3, NULL, 'ent_birth_type_slots'),
(84, 1, 'Вертикальные роды', 'clinic', NULL, 7, 31500, NULL, NULL, 4, 1, 3, NULL, 'ent_birth_type_slots'),
(85, 1, 'Естественные роды', 'clinic', NULL, 1, 25000, NULL, NULL, 7, 1, 3, NULL, 'ent_birth_type_slots'),
(86, 1, 'Кесарево сечение', 'clinic', NULL, 2, 35000, NULL, NULL, 7, 1, 3, NULL, 'ent_birth_type_slots'),
(87, 1, 'Партнерские роды', 'clinic', NULL, 4, 37000, NULL, NULL, 7, 1, 3, NULL, 'ent_birth_type_slots'),
(88, 1, 'Мягкие роды', 'clinic', NULL, 3, 22541, NULL, NULL, 7, 1, 3, NULL, 'ent_birth_type_slots'),
(89, 1, 'Роды в воду', 'clinic', NULL, 5, 45000, NULL, NULL, 7, 1, 3, NULL, 'ent_birth_type_slots'),
(90, 1, 'Вертикальные роды', 'clinic', NULL, 7, 31500, NULL, NULL, 7, 1, 3, NULL, 'ent_birth_type_slots'),
(91, 1, 'Естественные роды', 'clinic', NULL, 1, 25000, NULL, NULL, 8, 1, 3, NULL, 'ent_birth_type_slots'),
(92, 1, 'Кесарево сечение', 'clinic', NULL, 2, 35000, NULL, NULL, 8, 1, 3, NULL, 'ent_birth_type_slots'),
(93, 1, 'Мягкие роды', 'clinic', NULL, 3, 22541, NULL, NULL, 8, 1, 3, NULL, 'ent_birth_type_slots'),
(94, 1, 'Партнерские роды', 'clinic', NULL, 4, 37000, NULL, NULL, 8, 1, 3, NULL, 'ent_birth_type_slots'),
(95, 1, 'Роды в воду', 'clinic', NULL, 5, 45000, NULL, NULL, 8, 1, 3, NULL, 'ent_birth_type_slots'),
(96, 1, 'Вертикальные роды', 'clinic', NULL, 7, 31500, NULL, NULL, 8, 1, 3, NULL, 'ent_birth_type_slots'),
(97, 1, 'Естественные роды', 'clinic', NULL, 1, 25000, NULL, NULL, 9, 1, 3, NULL, 'ent_birth_type_slots'),
(98, 1, 'Кесарево сечение', 'clinic', NULL, 2, 35000, NULL, NULL, 9, 1, 3, NULL, 'ent_birth_type_slots'),
(99, 1, 'Мягкие роды', 'clinic', NULL, 3, 31000, NULL, NULL, 9, 1, 3, NULL, 'ent_birth_type_slots'),
(100, 1, 'Партнерские роды', 'clinic', NULL, 4, 37000, NULL, NULL, 9, 1, 3, NULL, 'ent_birth_type_slots'),
(101, 1, 'Вертикальные роды', 'clinic', NULL, 7, 31500, NULL, NULL, 9, 1, 3, NULL, 'ent_birth_type_slots'),
(102, 1, 'Роды в воду', 'clinic', NULL, 5, 45000, NULL, NULL, 9, 1, 3, NULL, 'ent_birth_type_slots'),
(103, 1, 'Естественные роды', 'clinic', NULL, 1, 25000, NULL, NULL, 10, 1, 3, NULL, 'ent_birth_type_slots'),
(104, 1, 'Кесарево сечение', 'clinic', NULL, 2, 35000, NULL, NULL, 10, 1, 3, NULL, 'ent_birth_type_slots'),
(105, 1, 'Мягкие роды', 'clinic', NULL, 3, 31000, NULL, NULL, 10, 1, 3, NULL, 'ent_birth_type_slots'),
(106, 1, 'Партнерские роды', 'clinic', NULL, 4, 37000, NULL, NULL, 10, 1, 3, NULL, 'ent_birth_type_slots'),
(107, 1, 'Роды в воду', 'clinic', NULL, 5, 45000, NULL, NULL, 10, 1, 3, NULL, 'ent_birth_type_slots'),
(108, 1, 'Вертикальные роды', 'clinic', NULL, 7, 31500, NULL, NULL, 10, 1, 3, NULL, 'ent_birth_type_slots'),
(109, 1, 'Естественные роды', 'clinic', NULL, 1, 25000, NULL, NULL, 11, 1, 3, NULL, 'ent_birth_type_slots'),
(110, 1, 'Кесарево сечение', 'clinic', NULL, 2, 35000, NULL, NULL, 11, 1, 3, NULL, 'ent_birth_type_slots'),
(111, 1, 'Мягкие роды', 'clinic', NULL, 3, 31000, NULL, NULL, 11, 1, 3, NULL, 'ent_birth_type_slots'),
(112, 1, 'Партнерские роды', 'clinic', NULL, 4, 37000, NULL, NULL, 11, 1, 3, NULL, 'ent_birth_type_slots'),
(113, 1, 'Роды в воду', 'clinic', NULL, 5, 45000, NULL, NULL, 11, 1, 3, NULL, 'ent_birth_type_slots'),
(114, 1, 'Вертикальные роды', 'clinic', NULL, 7, 31500, NULL, NULL, 11, 1, 3, NULL, 'ent_birth_type_slots'),
(118, 1, 'Естественные роды', 'clinic', NULL, 1, 25000, NULL, NULL, 12, 1, 3, NULL, 'ent_birth_type_slots'),
(119, 1, 'Кесарево сечение', 'clinic', NULL, 2, 35000, NULL, NULL, 12, 1, 3, NULL, 'ent_birth_type_slots'),
(120, 1, 'Мягкие роды', 'clinic', NULL, 3, 31000, NULL, NULL, 12, 1, 3, NULL, 'ent_birth_type_slots'),
(121, 1, 'Партнерские роды', 'clinic', NULL, 4, 37000, NULL, NULL, 12, 1, 3, NULL, 'ent_birth_type_slots'),
(122, 1, 'Роды в воду', 'clinic', NULL, 5, 45000, NULL, NULL, 12, 1, 3, NULL, 'ent_birth_type_slots'),
(123, 1, 'Вертикальные роды', 'clinic', NULL, 7, 31500, NULL, NULL, 12, 1, 3, NULL, 'ent_birth_type_slots'),
(124, 1, 'Естественные роды', 'clinic', NULL, 1, 25000, NULL, NULL, 13, 1, 3, NULL, 'ent_birth_type_slots'),
(126, 1, 'Кесарево сечение', 'clinic', NULL, 2, 35000, NULL, NULL, 13, 1, 3, NULL, 'ent_birth_type_slots'),
(127, 1, 'Мягкие роды', 'clinic', NULL, 3, 31000, NULL, NULL, 13, 1, 3, NULL, 'ent_birth_type_slots'),
(128, 1, 'Партнерские роды', 'clinic', NULL, 4, 37000, NULL, NULL, 13, 1, 3, NULL, 'ent_birth_type_slots'),
(129, 1, 'Роды в воду', 'clinic', NULL, 5, 45000, NULL, NULL, 13, 1, 3, NULL, 'ent_birth_type_slots'),
(130, 1, 'Вертикальные роды', 'clinic', NULL, 7, 31500, NULL, NULL, 13, 1, 3, NULL, 'ent_birth_type_slots'),
(135, 1, 'Поляков  Николай', 'clinic', NULL, 2, 60000, NULL, NULL, 15, 1, 1, NULL, 'ent_doctor_slots'),
(136, 1, 'Кан Наталья', 'clinic', NULL, 3, 95000, NULL, NULL, 15, 1, 1, NULL, 'ent_doctor_slots'),
(137, 1, 'Тютюнник Виктор', 'clinic', NULL, 4, 85000, NULL, NULL, 15, 1, 1, NULL, 'ent_doctor_slots'),
(138, 1, 'Гаяна Саакян ', 'clinic', NULL, 8, 50000, NULL, NULL, 15, 1, 1, NULL, 'ent_doctor_slots'),
(139, 1, 'Куруглиев Али', 'clinic', NULL, 9, 70000, NULL, NULL, 15, 1, 1, NULL, 'ent_doctor_slots'),
(140, 1, 'Артур Ли', 'clinic', NULL, 10, 30000, NULL, NULL, 1, 1, 1, NULL, 'ent_doctor_slots'),
(141, 1, 'Алексей Волкодав', 'clinic', NULL, 11, 30000, NULL, NULL, 1, 1, 1, NULL, 'ent_doctor_slots'),
(142, 1, 'Горбунова Ольга', 'clinic', NULL, 12, 30000, NULL, NULL, 1, 1, 1, NULL, 'ent_doctor_slots'),
(143, 1, 'Ионов Олег', 'clinic', NULL, 13, 30000, NULL, NULL, 1, 1, 1, NULL, 'ent_doctor_slots'),
(144, 1, 'Конышева Ольга', 'clinic', NULL, 14, 30000, NULL, NULL, 2, 1, 1, NULL, 'ent_doctor_slots'),
(145, 1, 'Глотова Ольга', 'clinic', NULL, 15, 30000, NULL, NULL, 2, 1, 1, NULL, 'ent_doctor_slots'),
(146, 1, 'Евграфова Алла', 'clinic', NULL, 16, 30000, NULL, NULL, 2, 1, 1, NULL, 'ent_doctor_slots'),
(147, 1, 'Лукина Нина', 'clinic', NULL, 17, 30000, NULL, NULL, 2, 1, 1, NULL, 'ent_doctor_slots'),
(148, 1, 'Медникова Елена', 'clinic', NULL, 18, 30000, NULL, NULL, 2, 1, 1, NULL, 'ent_doctor_slots'),
(149, 1, 'Васильева Людмила', 'clinic', NULL, 19, 30000, NULL, NULL, 2, 1, 1, NULL, 'ent_doctor_slots'),
(150, 1, 'Анастасия Григорьева ', 'clinic', NULL, 20, 30000, NULL, NULL, 2, 1, 1, NULL, 'ent_doctor_slots'),
(151, 1, 'Коршунова Наталья ', 'clinic', NULL, 21, 30000, NULL, NULL, 2, 1, 1, NULL, 'ent_doctor_slots'),
(152, 1, 'Сазанова Инна', 'clinic', NULL, 22, 30000, NULL, NULL, 2, 1, 1, NULL, 'ent_doctor_slots'),
(153, 1, 'Лосик Юлия', 'clinic', NULL, 23, 30000, NULL, NULL, 3, 1, 1, NULL, 'ent_doctor_slots'),
(154, 1, 'Куланина Земфира ', 'clinic', NULL, 25, 30000, NULL, NULL, 3, 1, 1, NULL, 'ent_doctor_slots'),
(155, 1, 'Чумаченко Александр', 'clinic', NULL, 26, 30000, NULL, NULL, 3, 1, 1, NULL, 'ent_doctor_slots'),
(156, 1, 'Любешкина Вера', 'clinic', NULL, 27, 30000, NULL, NULL, 3, 1, 1, NULL, 'ent_doctor_slots'),
(157, 1, 'Зрагус Елена', 'clinic', NULL, 28, 30000, NULL, NULL, 3, 1, 1, NULL, 'ent_doctor_slots'),
(158, 1, 'Кравец Яна', 'clinic', NULL, 29, 30000, NULL, NULL, 4, 1, 1, NULL, 'ent_doctor_slots'),
(159, 1, 'Синев Николай', 'clinic', NULL, 30, 30000, NULL, NULL, 4, 1, 1, NULL, 'ent_doctor_slots'),
(160, 1, 'Изиева Мадина ', 'clinic', NULL, 31, 30000, NULL, NULL, 4, 1, 1, NULL, 'ent_doctor_slots'),
(161, 1, 'Степанова Данна', 'clinic', NULL, 32, 30000, NULL, NULL, 4, 1, 1, NULL, 'ent_doctor_slots'),
(162, 1, 'Лопухина Екатерина ', 'clinic', NULL, 33, 30000, NULL, NULL, 4, 1, 1, NULL, 'ent_doctor_slots'),
(163, 1, 'Марченко Мариана ', 'clinic', NULL, 34, 30000, NULL, NULL, 4, 1, 1, NULL, 'ent_doctor_slots'),
(164, 1, 'Сахарова Олеся ', 'clinic', NULL, 35, 30000, NULL, NULL, 7, 1, 1, NULL, 'ent_doctor_slots'),
(165, 1, 'Калинина Лариса ', 'clinic', NULL, 36, 30000, NULL, NULL, 7, 1, 1, NULL, 'ent_doctor_slots'),
(166, 1, 'Салихова Ирина', 'clinic', NULL, 37, 30000, NULL, NULL, 7, 1, 1, NULL, 'ent_doctor_slots'),
(167, 1, 'Новикова Татьяна', 'clinic', NULL, 38, 30000, NULL, NULL, 7, 1, 1, NULL, 'ent_doctor_slots'),
(168, 1, 'Скрипцина Наталья', 'clinic', NULL, 40, 30000, NULL, NULL, 8, 1, 1, NULL, 'ent_doctor_slots'),
(169, 1, 'Пашкова Алла', 'clinic', NULL, 41, 30000, NULL, NULL, 8, 1, 1, NULL, 'ent_doctor_slots'),
(170, 1, 'Любанская Светлана', 'clinic', NULL, 42, 30000, NULL, NULL, 8, 1, 1, NULL, 'ent_doctor_slots'),
(171, 1, 'Боброва Ольга ', 'clinic', NULL, 43, 30000, NULL, NULL, 9, 1, 1, NULL, 'ent_doctor_slots'),
(172, 1, 'Волкова Наталия ', 'clinic', NULL, 44, 30000, NULL, NULL, 9, 1, 1, NULL, 'ent_doctor_slots'),
(173, 1, 'Луговой Артем', 'clinic', NULL, 45, 30000, NULL, NULL, 9, 1, 1, NULL, 'ent_doctor_slots'),
(174, 1, 'Гогичаишвили Галина ', 'clinic', NULL, 46, 30000, NULL, NULL, 9, 1, 1, NULL, 'ent_doctor_slots'),
(175, 1, 'Чунаев Роман ', 'clinic', NULL, 47, 30000, NULL, NULL, 10, 1, 1, NULL, 'ent_doctor_slots'),
(176, 1, 'Хромылёв Алексей ', 'clinic', NULL, 48, 30000, NULL, NULL, 10, 1, 1, NULL, 'ent_doctor_slots'),
(177, 1, 'Гринева Нина ', 'clinic', NULL, 49, 30000, NULL, NULL, 10, 1, 1, NULL, 'ent_doctor_slots'),
(178, 1, 'Тишина Мария', 'clinic', NULL, 50, 30000, NULL, NULL, 10, 1, 1, NULL, 'ent_doctor_slots'),
(179, 1, 'Буртасова Евгения', 'clinic', NULL, 51, 30000, NULL, NULL, 10, 1, 1, NULL, 'ent_doctor_slots'),
(180, 1, 'Кон Юрий ', 'clinic', NULL, 52, 30000, NULL, NULL, 10, 1, 1, NULL, 'ent_doctor_slots'),
(181, 1, 'Ткаченко Евгений', 'clinic', NULL, 53, 30000, NULL, NULL, 10, 1, 1, NULL, 'ent_doctor_slots'),
(182, 1, 'Олейникова Наталья ', 'clinic', NULL, 54, 30000, NULL, NULL, 11, 1, 1, NULL, 'ent_doctor_slots'),
(184, 1, 'Баранова Мария ', 'clinic', NULL, 57, 30000, NULL, NULL, 11, 1, 1, NULL, 'ent_doctor_slots'),
(186, 1, 'Рашидов Тимур', 'clinic', NULL, 58, 30000, NULL, NULL, 18, 1, 1, NULL, 'ent_doctor_slots'),
(187, 1, 'Савельева Анастасия', 'clinic', NULL, 59, 30000, NULL, NULL, 12, 1, 1, NULL, 'ent_doctor_slots'),
(188, 1, 'Исаева Татьяна ', 'clinic', NULL, 60, 30000, NULL, NULL, 12, 1, 1, NULL, 'ent_doctor_slots'),
(189, 1, 'Рогова Юлия ', 'clinic', NULL, 61, 30000, NULL, NULL, 12, 1, 1, NULL, 'ent_doctor_slots'),
(190, 1, 'Чара Еганова ', 'clinic', NULL, 62, 30000, NULL, NULL, 13, 1, 1, NULL, 'ent_doctor_slots'),
(191, 1, 'Буренкова Ирина ', 'clinic', NULL, 63, 30000, NULL, NULL, 13, 1, 1, NULL, 'ent_doctor_slots'),
(192, 1, 'Родионов Евгений ', 'clinic', NULL, 64, 30000, NULL, NULL, 13, 1, 1, NULL, 'ent_doctor_slots'),
(193, 1, 'Сапожникова Виктория ', 'clinic', NULL, 65, 30000, NULL, NULL, 13, 1, 1, NULL, 'ent_doctor_slots'),
(194, 1, 'Готишан Елена ', 'clinic', NULL, 66, 30000, NULL, NULL, 13, 1, 1, NULL, 'ent_doctor_slots'),
(195, 1, 'Буйнов Евгений ', 'clinic', NULL, 67, 30000, NULL, NULL, 13, 1, 1, NULL, 'ent_doctor_slots'),
(196, 1, 'Моисеева Марианна ', 'clinic', NULL, 68, 30000, NULL, NULL, 13, 1, 1, NULL, 'ent_doctor_slots'),
(197, 1, 'Тимошенкова Лариса ', 'clinic', NULL, 69, 30000, NULL, NULL, 13, 1, 1, NULL, 'ent_doctor_slots'),
(198, 1, 'Деревяга Оксана ', 'clinic', NULL, 70, 30000, NULL, NULL, 13, 1, 1, NULL, 'ent_doctor_slots'),
(199, 1, 'Демянюк Галина', 'clinic', NULL, 71, 30000, NULL, NULL, 20, 1, 1, NULL, 'ent_doctor_slots'),
(200, 1, 'Аскерова Нюбар ', 'clinic', NULL, 72, 30000, NULL, NULL, 20, 1, 1, NULL, 'ent_doctor_slots'),
(201, 1, 'Захаренко Наталья ', 'clinic', NULL, 73, 30000, NULL, NULL, 20, 1, 1, NULL, 'ent_doctor_slots'),
(202, 1, 'Падафа Ирина ', 'clinic', NULL, 75, 30000, NULL, NULL, 33, 1, 1, NULL, 'ent_doctor_slots'),
(203, 1, 'Пичкур Елена ', 'clinic', NULL, 76, 30000, NULL, NULL, 33, 1, 1, NULL, 'ent_doctor_slots'),
(204, 1, 'Леладзе Григорий ', 'clinic', NULL, 77, 30000, NULL, NULL, 33, 1, 1, NULL, 'ent_doctor_slots'),
(205, 1, 'Сонголова Екатерина ', 'clinic', NULL, 78, 30000, NULL, NULL, 32, 1, 1, NULL, 'ent_doctor_slots'),
(206, 1, 'Месхи Нестор ', 'clinic', NULL, 79, 30000, NULL, NULL, 32, 1, 1, NULL, 'ent_doctor_slots'),
(207, 1, 'Немировский Вячеслав ', 'clinic', NULL, 80, 30000, NULL, NULL, 32, 1, 1, NULL, 'ent_doctor_slots'),
(208, 1, 'Дежурный врач-гинеколог', 'clinic', NULL, 81, 34500, NULL, NULL, 1, 1, 1, NULL, 'ent_doctor_slots'),
(209, 1, 'Врач анестезиолог', 'clinic', NULL, 82, 28000, NULL, NULL, 1, 1, 1, NULL, 'ent_doctor_slots'),
(210, 1, 'Врач акушер-гинеколог', 'clinic', NULL, 81, 34500, NULL, NULL, 2, 1, 1, NULL, 'ent_doctor_slots'),
(211, 1, 'Врач акушер-гинеколог', 'clinic', NULL, 81, 34500, NULL, NULL, 3, 1, 1, NULL, 'ent_doctor_slots'),
(212, 1, 'Врач акушер-гинеколог', 'clinic', NULL, 81, 34500, NULL, NULL, 4, 1, 1, NULL, 'ent_doctor_slots'),
(213, 1, 'Врач акушер-гинеколог', 'clinic', NULL, 81, 34500, NULL, NULL, 5, 1, 1, NULL, 'ent_doctor_slots'),
(214, 1, 'Врач акушер-гинеколог', 'clinic', NULL, 81, 34500, NULL, NULL, 6, 1, 1, NULL, 'ent_doctor_slots'),
(215, 1, 'Врач акушер-гинеколог', 'clinic', NULL, 81, 34500, NULL, NULL, 7, 1, 1, NULL, 'ent_doctor_slots'),
(216, 1, 'Врач акушер-гинеколог', 'clinic', NULL, 81, 34500, NULL, NULL, 8, 1, 1, NULL, 'ent_doctor_slots'),
(217, 1, 'Врач акушер-гинеколог', 'clinic', NULL, 81, 34500, NULL, NULL, 9, 1, 1, NULL, 'ent_doctor_slots'),
(218, 1, 'Врач акушер-гинеколог', 'clinic', NULL, 81, 34500, NULL, NULL, 10, 1, 1, NULL, 'ent_doctor_slots'),
(219, 1, 'Врач акушер-гинеколог', 'clinic', NULL, 81, 34500, NULL, NULL, 11, 1, 1, NULL, 'ent_doctor_slots'),
(220, 1, 'Врач акушер-гинеколог', 'clinic', NULL, 81, 34500, NULL, NULL, 12, 1, 1, NULL, 'ent_doctor_slots'),
(221, 1, 'Врач акушер-гинеколог', 'clinic', NULL, 81, 34500, NULL, NULL, 13, 1, 1, NULL, 'ent_doctor_slots'),
(222, 1, 'Врач акушер-гинеколог', 'clinic', NULL, 81, 34500, NULL, NULL, 14, 1, 1, NULL, 'ent_doctor_slots'),
(223, 1, 'Врач акушер-гинеколог', 'clinic', NULL, 81, 34500, NULL, NULL, 15, 1, 1, NULL, 'ent_doctor_slots'),
(224, 1, 'Врач акушер-гинеколог', 'clinic', NULL, 81, 34500, NULL, NULL, 18, 1, 1, NULL, 'ent_doctor_slots'),
(225, 1, 'Врач акушер-гинеколог', 'clinic', NULL, 81, 34500, NULL, NULL, 19, 1, 1, NULL, 'ent_doctor_slots'),
(226, 1, 'Врач акушер-гинеколог', 'clinic', NULL, 81, 34500, NULL, NULL, 20, 1, 1, NULL, 'ent_doctor_slots'),
(227, 1, 'Врач акушер-гинеколог', 'clinic', NULL, 81, 34500, NULL, NULL, 23, 1, 1, NULL, 'ent_doctor_slots'),
(228, 1, 'Врач акушер-гинеколог', 'clinic', NULL, 81, 34500, NULL, NULL, 24, 1, 1, NULL, 'ent_doctor_slots'),
(229, 1, 'Врач акушер-гинеколог', 'clinic', NULL, 81, 34500, NULL, NULL, 25, 1, 1, NULL, 'ent_doctor_slots'),
(231, 1, 'Врач акушер-гинеколог', 'clinic', NULL, 81, 34500, NULL, NULL, 27, 1, 1, NULL, 'ent_doctor_slots'),
(232, 1, 'Врач акушер-гинеколог', 'clinic', NULL, 81, 34500, NULL, NULL, 29, 1, 1, NULL, 'ent_doctor_slots'),
(233, 1, 'Врач акушер-гинеколог', 'clinic', NULL, 81, 34500, NULL, NULL, 30, 1, 1, NULL, 'ent_doctor_slots'),
(234, 1, 'Врач акушер-гинеколог', 'clinic', NULL, 81, 34500, NULL, NULL, 32, 1, 1, NULL, 'ent_doctor_slots'),
(235, 1, 'Врач акушер-гинеколог', 'clinic', NULL, 81, 34500, NULL, NULL, 33, 1, 1, NULL, 'ent_doctor_slots'),
(236, 1, 'Врач акушер-гинеколог', 'clinic', NULL, 81, 34500, NULL, NULL, 34, 1, 1, NULL, 'ent_doctor_slots'),
(237, 1, 'Врач анестезиолог', 'clinic', NULL, 82, 34500, NULL, NULL, 2, 1, 1, NULL, 'ent_doctor_slots'),
(238, 1, 'Врач анестезиолог', 'clinic', NULL, 82, 34500, NULL, NULL, 3, 1, 1, NULL, 'ent_doctor_slots'),
(239, 1, 'Врач анестезиолог', 'clinic', NULL, 82, 34500, NULL, NULL, 4, 1, 1, NULL, 'ent_doctor_slots'),
(240, 1, 'Врач анестезиолог', 'clinic', NULL, 82, 34500, NULL, NULL, 5, 1, 1, NULL, 'ent_doctor_slots'),
(241, 1, 'Врач анестезиолог', 'clinic', NULL, 82, 34500, NULL, NULL, 6, 1, 1, NULL, 'ent_doctor_slots'),
(242, 1, 'Врач анестезиолог', 'clinic', NULL, 82, 34500, NULL, NULL, 7, 1, 1, NULL, 'ent_doctor_slots'),
(243, 1, 'Врач анестезиолог', 'clinic', NULL, 82, 34500, NULL, NULL, 8, 1, 1, NULL, 'ent_doctor_slots'),
(244, 1, 'Врач анестезиолог', 'clinic', NULL, 82, 34500, NULL, NULL, 9, 1, 1, NULL, 'ent_doctor_slots'),
(245, 1, 'Врач анестезиолог', 'clinic', NULL, 82, 34500, NULL, NULL, 10, 1, 1, NULL, 'ent_doctor_slots'),
(246, 1, 'Врач анестезиолог', 'clinic', NULL, 82, 34500, NULL, NULL, 11, 1, 1, NULL, 'ent_doctor_slots'),
(247, 1, 'Врач анестезиолог', 'clinic', NULL, 82, 34500, NULL, NULL, 12, 1, 1, NULL, 'ent_doctor_slots'),
(248, 1, 'Врач анестезиолог', 'clinic', NULL, 82, 34500, NULL, NULL, 13, 1, 1, NULL, 'ent_doctor_slots'),
(249, 1, 'Врач анестезиолог', 'clinic', NULL, 82, 34500, NULL, NULL, 14, 1, 1, NULL, 'ent_doctor_slots'),
(250, 1, 'Врач анестезиолог', 'clinic', NULL, 82, 34500, NULL, NULL, 15, 1, 1, NULL, 'ent_doctor_slots'),
(251, 1, 'Врач анестезиолог', 'clinic', NULL, 82, 34500, NULL, NULL, 18, 1, 1, NULL, 'ent_doctor_slots'),
(252, 1, 'Врач анестезиолог', 'clinic', NULL, 82, 34500, NULL, NULL, 19, 1, 1, NULL, 'ent_doctor_slots'),
(253, 1, 'Врач анестезиолог', 'clinic', NULL, 82, 34500, NULL, NULL, 20, 1, 1, NULL, 'ent_doctor_slots'),
(254, 1, 'Врач анестезиолог', 'clinic', NULL, 82, 34500, NULL, NULL, 23, 1, 1, NULL, 'ent_doctor_slots'),
(255, 1, 'Врач анестезиолог', 'clinic', NULL, 82, 34500, NULL, NULL, 24, 1, 1, NULL, 'ent_doctor_slots'),
(256, 1, 'Врач анестезиолог', 'clinic', NULL, 82, 34500, NULL, NULL, 25, 1, 1, NULL, 'ent_doctor_slots'),
(258, 1, 'Врач анестезиолог', 'clinic', NULL, 82, 34500, NULL, NULL, 27, 1, 1, NULL, 'ent_doctor_slots'),
(259, 1, 'Врач анестезиолог', 'clinic', NULL, 82, 34500, NULL, NULL, 29, 1, 1, NULL, 'ent_doctor_slots'),
(260, 1, 'Врач анестезиолог', 'clinic', NULL, 82, 34500, NULL, NULL, 30, 1, 1, NULL, 'ent_doctor_slots'),
(261, 1, 'Врач анестезиолог', 'clinic', NULL, 82, 34500, NULL, NULL, 32, 1, 1, NULL, 'ent_doctor_slots'),
(262, 1, 'Врач анестезиолог', 'clinic', NULL, 82, 34500, NULL, NULL, 33, 1, 1, NULL, 'ent_doctor_slots'),
(263, 1, 'Врач анестезиолог', 'clinic', NULL, 82, 34500, NULL, NULL, 34, 1, 1, NULL, 'ent_doctor_slots'),
(264, 1, 'Врач-неонатолог', 'clinic', NULL, 83, 34500, NULL, NULL, 1, 1, 1, NULL, 'ent_doctor_slots'),
(265, 1, 'Врач-неонатолог', 'clinic', NULL, 83, 34500, NULL, NULL, 2, 1, 1, NULL, 'ent_doctor_slots'),
(266, 1, 'Врач-неонатолог', 'clinic', NULL, 83, 34500, NULL, NULL, 3, 1, 1, NULL, 'ent_doctor_slots'),
(267, 1, 'Врач-неонатолог', 'clinic', NULL, 83, 34500, NULL, NULL, 4, 1, 1, NULL, 'ent_doctor_slots'),
(268, 1, 'Врач-неонатолог', 'clinic', NULL, 83, 34500, NULL, NULL, 5, 1, 1, NULL, 'ent_doctor_slots'),
(269, 1, 'Врач-неонатолог', 'clinic', NULL, 83, 34500, NULL, NULL, 6, 1, 1, NULL, 'ent_doctor_slots'),
(270, 1, 'Врач-неонатолог', 'clinic', NULL, 83, 34500, NULL, NULL, 7, 1, 1, NULL, 'ent_doctor_slots'),
(271, 1, 'Врач-неонатолог', 'clinic', NULL, 83, 34500, NULL, NULL, 8, 1, 1, NULL, 'ent_doctor_slots'),
(272, 1, 'Врач-неонатолог', 'clinic', NULL, 83, 34500, NULL, NULL, 9, 1, 1, NULL, 'ent_doctor_slots'),
(273, 1, 'Врач-неонатолог', 'clinic', NULL, 83, 34500, NULL, NULL, 10, 1, 1, NULL, 'ent_doctor_slots'),
(274, 1, 'Врач-неонатолог', 'clinic', NULL, 83, 34500, NULL, NULL, 11, 1, 1, NULL, 'ent_doctor_slots'),
(275, 1, 'Врач-неонатолог', 'clinic', NULL, 83, 34500, NULL, NULL, 12, 1, 1, NULL, 'ent_doctor_slots'),
(276, 1, 'Врач-неонатолог', 'clinic', NULL, 83, 34500, NULL, NULL, 13, 1, 1, NULL, 'ent_doctor_slots'),
(277, 1, 'Врач-неонатолог', 'clinic', NULL, 83, 34500, NULL, NULL, 14, 1, 1, NULL, 'ent_doctor_slots'),
(278, 1, 'Врач-неонатолог', 'clinic', NULL, 83, 34500, NULL, NULL, 15, 1, 1, NULL, 'ent_doctor_slots'),
(279, 1, 'Врач-неонатолог', 'clinic', NULL, 83, 34500, NULL, NULL, 18, 1, 1, NULL, 'ent_doctor_slots'),
(280, 1, 'Врач-неонатолог', 'clinic', NULL, 83, 34500, NULL, NULL, 19, 1, 1, NULL, 'ent_doctor_slots'),
(281, 1, 'Врач-неонатолог', 'clinic', NULL, 83, 34500, NULL, NULL, 20, 1, 1, NULL, 'ent_doctor_slots'),
(282, 1, 'Врач-неонатолог', 'clinic', NULL, 83, 34500, NULL, NULL, 23, 1, 1, NULL, 'ent_doctor_slots'),
(283, 1, 'Врач-неонатолог', 'clinic', NULL, 83, 34500, NULL, NULL, 24, 1, 1, NULL, 'ent_doctor_slots'),
(284, 1, 'Врач-неонатолог', 'clinic', NULL, 83, 34500, NULL, NULL, 25, 1, 1, NULL, 'ent_doctor_slots'),
(286, 1, 'Врач-неонатолог', 'clinic', NULL, 83, 34500, NULL, NULL, 27, 1, 1, NULL, 'ent_doctor_slots'),
(287, 1, 'Врач-неонатолог', 'clinic', NULL, 83, 34500, NULL, NULL, 29, 1, 1, NULL, 'ent_doctor_slots'),
(288, 1, 'Врач-неонатолог', 'clinic', NULL, 83, 34500, NULL, NULL, 30, 1, 1, NULL, 'ent_doctor_slots'),
(289, 1, 'Врач-неонатолог', 'clinic', NULL, 83, 34500, NULL, NULL, 32, 1, 1, NULL, 'ent_doctor_slots'),
(290, 1, 'Врач-неонатолог', 'clinic', NULL, 83, 34500, NULL, NULL, 33, 1, 1, NULL, 'ent_doctor_slots'),
(291, 1, 'Врач-неонатолог', 'clinic', NULL, 83, 34500, NULL, NULL, 34, 1, 1, NULL, 'ent_doctor_slots'),
(292, 1, 'Акушерка', 'clinic', NULL, 84, 34500, NULL, NULL, 1, 1, 1, NULL, 'ent_doctor_slots'),
(293, 1, 'Акушерка', 'clinic', NULL, 84, 34500, NULL, NULL, 2, 1, 1, NULL, 'ent_doctor_slots'),
(294, 1, 'Акушерка', 'clinic', NULL, 84, 34500, NULL, NULL, 3, 1, 1, NULL, 'ent_doctor_slots'),
(295, 1, 'Акушерка', 'clinic', NULL, 84, 34500, NULL, NULL, 4, 1, 1, NULL, 'ent_doctor_slots'),
(296, 1, 'Акушерка', 'clinic', NULL, 84, 34500, NULL, NULL, 5, 1, 1, NULL, 'ent_doctor_slots'),
(297, 1, 'Акушерка', 'clinic', NULL, 84, 34500, NULL, NULL, 6, 1, 1, NULL, 'ent_doctor_slots'),
(298, 1, 'Акушерка', 'clinic', NULL, 84, 34500, NULL, NULL, 7, 1, 1, NULL, 'ent_doctor_slots'),
(299, 1, 'Акушерка', 'clinic', NULL, 84, 34500, NULL, NULL, 8, 1, 1, NULL, 'ent_doctor_slots'),
(300, 1, 'Акушерка', 'clinic', NULL, 84, 34500, NULL, NULL, 9, 1, 1, NULL, 'ent_doctor_slots'),
(301, 1, 'Акушерка', 'clinic', NULL, 84, 34500, NULL, NULL, 10, 1, 1, NULL, 'ent_doctor_slots'),
(302, 1, 'Акушерка', 'clinic', NULL, 84, 34500, NULL, NULL, 11, 1, 1, NULL, 'ent_doctor_slots'),
(303, 1, 'Акушерка', 'clinic', NULL, 84, 34500, NULL, NULL, 12, 1, 1, NULL, 'ent_doctor_slots'),
(304, 1, 'Акушерка', 'clinic', NULL, 84, 34500, NULL, NULL, 13, 1, 1, NULL, 'ent_doctor_slots'),
(305, 1, 'Акушерка', 'clinic', NULL, 84, 34500, NULL, NULL, 14, 1, 1, NULL, 'ent_doctor_slots'),
(306, 1, 'Акушерка', 'clinic', NULL, 84, 34500, NULL, NULL, 15, 1, 1, NULL, 'ent_doctor_slots'),
(307, 1, 'Акушерка', 'clinic', NULL, 84, 34500, NULL, NULL, 18, 1, 1, NULL, 'ent_doctor_slots'),
(308, 1, 'Акушерка', 'clinic', NULL, 84, 34500, NULL, NULL, 19, 1, 1, NULL, 'ent_doctor_slots'),
(309, 1, 'Акушерка', 'clinic', NULL, 84, 34500, NULL, NULL, 20, 1, 1, NULL, 'ent_doctor_slots'),
(310, 1, 'Акушерка', 'clinic', NULL, 84, 34500, NULL, NULL, 23, 1, 1, NULL, 'ent_doctor_slots'),
(311, 1, 'Акушерка', 'clinic', NULL, 84, 34500, NULL, NULL, 24, 1, 1, NULL, 'ent_doctor_slots'),
(312, 1, 'Акушерка', 'clinic', NULL, 84, 34500, NULL, NULL, 25, 1, 1, NULL, 'ent_doctor_slots'),
(314, 1, 'Акушерка', 'clinic', NULL, 84, 34500, NULL, NULL, 27, 1, 1, NULL, 'ent_doctor_slots'),
(315, 1, 'Акушерка', 'clinic', NULL, 84, 34500, NULL, NULL, 29, 1, 1, NULL, 'ent_doctor_slots'),
(316, 1, 'Акушерка', 'clinic', NULL, 84, 34500, NULL, NULL, 30, 1, 1, NULL, 'ent_doctor_slots'),
(317, 1, 'Акушерка', 'clinic', NULL, 84, 34500, NULL, NULL, 32, 1, 1, NULL, 'ent_doctor_slots'),
(318, 1, 'Акушерка', 'clinic', NULL, 84, 34500, NULL, NULL, 33, 1, 1, NULL, 'ent_doctor_slots'),
(319, 1, 'Акушерка', 'clinic', NULL, 84, 34500, NULL, NULL, 34, 1, 1, NULL, 'ent_doctor_slots'),
(320, 1, 'Доула', 'clinic', NULL, 85, 34500, NULL, NULL, 1, 1, 1, NULL, 'ent_doctor_slots'),
(321, 1, 'Доула', 'clinic', NULL, 85, 34500, NULL, NULL, 2, 1, 1, NULL, 'ent_doctor_slots'),
(322, 1, 'Доула', 'clinic', NULL, 85, 34500, NULL, NULL, 3, 1, 1, NULL, 'ent_doctor_slots'),
(323, 1, 'Доула', 'clinic', NULL, 85, 34500, NULL, NULL, 4, 1, 1, NULL, 'ent_doctor_slots'),
(324, 1, 'Доула', 'clinic', NULL, 85, 34500, NULL, NULL, 5, 1, 1, NULL, 'ent_doctor_slots'),
(325, 1, 'Доула', 'clinic', NULL, 85, 34500, NULL, NULL, 6, 1, 1, NULL, 'ent_doctor_slots'),
(326, 1, 'Доула', 'clinic', NULL, 85, 34500, NULL, NULL, 7, 1, 1, NULL, 'ent_doctor_slots'),
(327, 1, 'Доула', 'clinic', NULL, 85, 34500, NULL, NULL, 8, 1, 1, NULL, 'ent_doctor_slots'),
(328, 1, 'Доула', 'clinic', NULL, 85, 34500, NULL, NULL, 9, 1, 1, NULL, 'ent_doctor_slots'),
(329, 1, 'Доула', 'clinic', NULL, 85, 34500, NULL, NULL, 10, 1, 1, NULL, 'ent_doctor_slots'),
(330, 1, 'Доула', 'clinic', NULL, 85, 34500, NULL, NULL, 11, 1, 1, NULL, 'ent_doctor_slots'),
(331, 1, 'Доула', 'clinic', NULL, 85, 34500, NULL, NULL, 12, 1, 1, NULL, 'ent_doctor_slots'),
(332, 1, 'Доула', 'clinic', NULL, 85, 34500, NULL, NULL, 13, 1, 1, NULL, 'ent_doctor_slots'),
(333, 1, 'Доула', 'clinic', NULL, 85, 34500, NULL, NULL, 14, 1, 1, NULL, 'ent_doctor_slots'),
(334, 1, 'Доула', 'clinic', NULL, 85, 34500, NULL, NULL, 15, 1, 1, NULL, 'ent_doctor_slots'),
(335, 1, 'Доула', 'clinic', NULL, 85, 34500, NULL, NULL, 18, 1, 1, NULL, 'ent_doctor_slots'),
(336, 1, 'Доула', 'clinic', NULL, 85, 34500, NULL, NULL, 19, 1, 1, NULL, 'ent_doctor_slots'),
(337, 1, 'Доула', 'clinic', NULL, 85, 34500, NULL, NULL, 20, 1, 1, NULL, 'ent_doctor_slots'),
(338, 1, 'Доула', 'clinic', NULL, 85, 34500, NULL, NULL, 23, 1, 1, NULL, 'ent_doctor_slots'),
(339, 1, 'Доула', 'clinic', NULL, 85, 34500, NULL, NULL, 24, 1, 1, NULL, 'ent_doctor_slots'),
(340, 1, 'Доула', 'clinic', NULL, 85, 34500, NULL, NULL, 25, 1, 1, NULL, 'ent_doctor_slots'),
(342, 1, 'Доула', 'clinic', NULL, 85, 34500, NULL, NULL, 27, 1, 1, NULL, 'ent_doctor_slots'),
(343, 1, 'Доула', 'clinic', NULL, 85, 34500, NULL, NULL, 29, 1, 1, NULL, 'ent_doctor_slots'),
(344, 1, 'Доула', 'clinic', NULL, 85, 34500, NULL, NULL, 30, 1, 1, NULL, 'ent_doctor_slots'),
(345, 1, 'Доула', 'clinic', NULL, 85, 34500, NULL, NULL, 32, 1, 1, NULL, 'ent_doctor_slots'),
(347, 1, 'Доула', 'clinic', NULL, 85, 34500, NULL, NULL, 34, 1, 1, NULL, 'ent_doctor_slots'),
(348, 1, 'Акушер-гинеколог Первая категория', 'clinic', NULL, 86, 34500, NULL, NULL, 1, 1, 1, NULL, 'ent_doctor_slots'),
(349, 1, 'Акушер-гинеколог Первая категория', 'clinic', NULL, 86, 34500, NULL, NULL, 2, 1, 1, NULL, 'ent_doctor_slots'),
(350, 1, 'Акушер-гинеколог Первая категория', 'clinic', NULL, 86, 34500, NULL, NULL, 3, 1, 1, NULL, 'ent_doctor_slots'),
(351, 1, 'Акушер-гинеколог Первая категория', 'clinic', NULL, 86, 34500, NULL, NULL, 4, 1, 1, NULL, 'ent_doctor_slots'),
(352, 1, 'Акушер-гинеколог Первая категория', 'clinic', NULL, 86, 34500, NULL, NULL, 5, 1, 1, NULL, 'ent_doctor_slots'),
(353, 1, 'Акушер-гинеколог Первая категория', 'clinic', NULL, 86, 34500, NULL, NULL, 6, 1, 1, NULL, 'ent_doctor_slots'),
(354, 1, 'Акушер-гинеколог Первая категория', 'clinic', NULL, 86, 34500, NULL, NULL, 7, 1, 1, NULL, 'ent_doctor_slots'),
(355, 1, 'Акушер-гинеколог Первая категория', 'clinic', NULL, 86, 34500, NULL, NULL, 8, 1, 1, NULL, 'ent_doctor_slots'),
(356, 1, 'Акушер-гинеколог Первая категория', 'clinic', NULL, 86, 34500, NULL, NULL, 9, 1, 1, NULL, 'ent_doctor_slots'),
(357, 1, 'Акушер-гинеколог Первая категория', 'clinic', NULL, 86, 34500, NULL, NULL, 10, 1, 1, NULL, 'ent_doctor_slots'),
(358, 1, 'Акушер-гинеколог Первая категория', 'clinic', NULL, 86, 34500, NULL, NULL, 11, 1, 1, NULL, 'ent_doctor_slots'),
(359, 1, 'Акушер-гинеколог Первая категория', 'clinic', NULL, 86, 34500, NULL, NULL, 12, 1, 1, NULL, 'ent_doctor_slots'),
(360, 1, 'Акушер-гинеколог Первая категория', 'clinic', NULL, 86, 34500, NULL, NULL, 13, 1, 1, NULL, 'ent_doctor_slots'),
(361, 1, 'Акушер-гинеколог Первая категория', 'clinic', NULL, 86, 34500, NULL, NULL, 14, 1, 1, NULL, 'ent_doctor_slots'),
(362, 1, 'Акушер-гинеколог Первая категория', 'clinic', NULL, 86, 34500, NULL, NULL, 15, 1, 1, NULL, 'ent_doctor_slots'),
(363, 1, 'Акушер-гинеколог Первая категория', 'clinic', NULL, 86, 34500, NULL, NULL, 18, 1, 1, NULL, 'ent_doctor_slots'),
(364, 1, 'Акушер-гинеколог Первая категория', 'clinic', NULL, 86, 34500, NULL, NULL, 19, 1, 1, NULL, 'ent_doctor_slots'),
(365, 1, 'Акушер-гинеколог Первая категория', 'clinic', NULL, 86, 34500, NULL, NULL, 20, 1, 1, NULL, 'ent_doctor_slots'),
(366, 1, 'Акушер-гинеколог Первая категория', 'clinic', NULL, 86, 34500, NULL, NULL, 23, 1, 1, NULL, 'ent_doctor_slots'),
(367, 1, 'Акушер-гинеколог Первая категория', 'clinic', NULL, 86, 34500, NULL, NULL, 24, 1, 1, NULL, 'ent_doctor_slots'),
(368, 1, 'Акушер-гинеколог Первая категория', 'clinic', NULL, 86, 34500, NULL, NULL, 25, 1, 1, NULL, 'ent_doctor_slots'),
(370, 1, 'Акушер-гинеколог Первая категория', 'clinic', NULL, 86, 34500, NULL, NULL, 27, 1, 1, NULL, 'ent_doctor_slots'),
(371, 1, 'Акушер-гинеколог Первая категория', 'clinic', NULL, 86, 34500, NULL, NULL, 29, 1, 1, NULL, 'ent_doctor_slots'),
(372, 1, 'Акушер-гинеколог Первая категория', 'clinic', NULL, 86, 34500, NULL, NULL, 30, 1, 1, NULL, 'ent_doctor_slots'),
(373, 1, 'Акушер-гинеколог Первая категория', 'clinic', NULL, 86, 34500, NULL, NULL, 32, 1, 1, NULL, 'ent_doctor_slots'),
(374, 1, 'Акушер-гинеколог Первая категория', 'clinic', NULL, 86, 34500, NULL, NULL, 33, 1, 1, NULL, 'ent_doctor_slots'),
(375, 1, 'Акушер-гинеколог Первая категория', 'clinic', NULL, 86, 34500, NULL, NULL, 34, 1, 1, NULL, 'ent_doctor_slots'),
(376, 1, 'Акушер-гинеколог Вторая категория', 'clinic', NULL, 87, 34500, NULL, NULL, 1, 1, 1, NULL, 'ent_doctor_slots'),
(377, 1, 'Акушер-гинеколог Вторая категория', 'clinic', NULL, 87, 34500, NULL, NULL, 2, 1, 1, NULL, 'ent_doctor_slots'),
(378, 1, 'Акушер-гинеколог Вторая категория', 'clinic', NULL, 87, 34500, NULL, NULL, 3, 1, 1, NULL, 'ent_doctor_slots'),
(379, 1, 'Акушер-гинеколог Вторая категория', 'clinic', NULL, 87, 34500, NULL, NULL, 4, 1, 1, NULL, 'ent_doctor_slots'),
(380, 1, 'Акушер-гинеколог Вторая категория', 'clinic', NULL, 87, 34500, NULL, NULL, 5, 1, 1, NULL, 'ent_doctor_slots'),
(381, 1, 'Акушер-гинеколог Вторая категория', 'clinic', NULL, 87, 34500, NULL, NULL, 6, 1, 1, NULL, 'ent_doctor_slots'),
(382, 1, 'Акушер-гинеколог Вторая категория', 'clinic', NULL, 87, 34500, NULL, NULL, 7, 1, 1, NULL, 'ent_doctor_slots'),
(383, 1, 'Акушер-гинеколог Вторая категория', 'clinic', NULL, 87, 34500, NULL, NULL, 8, 1, 1, NULL, 'ent_doctor_slots'),
(384, 1, 'Акушер-гинеколог Вторая категория', 'clinic', NULL, 87, 34500, NULL, NULL, 9, 1, 1, NULL, 'ent_doctor_slots'),
(385, 1, 'Акушер-гинеколог Вторая категория', 'clinic', NULL, 87, 34500, NULL, NULL, 10, 1, 1, NULL, 'ent_doctor_slots'),
(386, 1, 'Акушер-гинеколог Вторая категория', 'clinic', NULL, 87, 34500, NULL, NULL, 11, 1, 1, NULL, 'ent_doctor_slots'),
(387, 1, 'Акушер-гинеколог Вторая категория', 'clinic', NULL, 87, 34500, NULL, NULL, 12, 1, 1, NULL, 'ent_doctor_slots'),
(388, 1, 'Акушер-гинеколог Вторая категория', 'clinic', NULL, 87, 34500, NULL, NULL, 13, 1, 1, NULL, 'ent_doctor_slots'),
(389, 1, 'Акушер-гинеколог Вторая категория', 'clinic', NULL, 87, 34500, NULL, NULL, 14, 1, 1, NULL, 'ent_doctor_slots'),
(390, 1, 'Акушер-гинеколог Вторая категория', 'clinic', NULL, 87, 34500, NULL, NULL, 15, 1, 1, NULL, 'ent_doctor_slots'),
(391, 1, 'Акушер-гинеколог Вторая категория', 'clinic', NULL, 87, 34500, NULL, NULL, 18, 1, 1, NULL, 'ent_doctor_slots'),
(392, 1, 'Акушер-гинеколог Вторая категория', 'clinic', NULL, 87, 34500, NULL, NULL, 19, 1, 1, NULL, 'ent_doctor_slots'),
(393, 1, 'Акушер-гинеколог Вторая категория', 'clinic', NULL, 87, 34500, NULL, NULL, 20, 1, 1, NULL, 'ent_doctor_slots'),
(394, 1, 'Акушер-гинеколог Вторая категория', 'clinic', NULL, 87, 34500, NULL, NULL, 23, 1, 1, NULL, 'ent_doctor_slots'),
(395, 1, 'Акушер-гинеколог Вторая категория', 'clinic', NULL, 87, 34500, NULL, NULL, 24, 1, 1, NULL, 'ent_doctor_slots'),
(396, 1, 'Акушер-гинеколог Вторая категория', 'clinic', NULL, 87, 34500, NULL, NULL, 25, 1, 1, NULL, 'ent_doctor_slots'),
(398, 1, 'Акушер-гинеколог Вторая категория', 'clinic', NULL, 87, 34500, NULL, NULL, 27, 1, 1, NULL, 'ent_doctor_slots'),
(399, 1, 'Акушер-гинеколог Вторая категория', 'clinic', NULL, 87, 34500, NULL, NULL, 29, 1, 1, NULL, 'ent_doctor_slots'),
(400, 1, 'Акушер-гинеколог Вторая категория', 'clinic', NULL, 87, 34500, NULL, NULL, 30, 1, 1, NULL, 'ent_doctor_slots'),
(401, 1, 'Акушер-гинеколог Вторая категория', 'clinic', NULL, 87, 34500, NULL, NULL, 32, 1, 1, NULL, 'ent_doctor_slots'),
(402, 1, 'Акушер-гинеколог Вторая категория', 'clinic', NULL, 87, 34500, NULL, NULL, 33, 1, 1, NULL, 'ent_doctor_slots'),
(403, 1, 'Акушер-гинеколог Вторая категория', 'clinic', NULL, 87, 34500, NULL, NULL, 34, 1, 1, NULL, 'ent_doctor_slots'),
(404, 1, 'Врач-неонатолог Первая категория', 'clinic', NULL, 88, 34500, NULL, NULL, 1, 1, 1, NULL, 'ent_doctor_slots'),
(405, 1, 'Врач-неонатолог Первая категория', 'clinic', NULL, 88, 34500, NULL, NULL, 2, 1, 1, NULL, 'ent_doctor_slots'),
(406, 1, 'Врач-неонатолог Первая категория', 'clinic', NULL, 88, 34500, NULL, NULL, 3, 1, 1, NULL, 'ent_doctor_slots'),
(407, 1, 'Врач-неонатолог Первая категория', 'clinic', NULL, 88, 34500, NULL, NULL, 4, 1, 1, NULL, 'ent_doctor_slots'),
(408, 1, 'Врач-неонатолог Первая категория', 'clinic', NULL, 88, 34500, NULL, NULL, 5, 1, 1, NULL, 'ent_doctor_slots'),
(409, 1, 'Врач-неонатолог Первая категория', 'clinic', NULL, 88, 34500, NULL, NULL, 6, 1, 1, NULL, 'ent_doctor_slots'),
(410, 1, 'Врач-неонатолог Первая категория', 'clinic', NULL, 88, 34500, NULL, NULL, 7, 1, 1, NULL, 'ent_doctor_slots'),
(411, 1, 'Врач-неонатолог Первая категория', 'clinic', NULL, 88, 34500, NULL, NULL, 8, 1, 1, NULL, 'ent_doctor_slots'),
(412, 1, 'Врач-неонатолог Первая категория', 'clinic', NULL, 88, 34500, NULL, NULL, 9, 1, 1, NULL, 'ent_doctor_slots'),
(413, 1, 'Врач-неонатолог Первая категория', 'clinic', NULL, 88, 34500, NULL, NULL, 10, 1, 1, NULL, 'ent_doctor_slots'),
(414, 1, 'Врач-неонатолог Первая категория', 'clinic', NULL, 88, 34500, NULL, NULL, 11, 1, 1, NULL, 'ent_doctor_slots'),
(415, 1, 'Врач-неонатолог Первая категория', 'clinic', NULL, 88, 34500, NULL, NULL, 12, 1, 1, NULL, 'ent_doctor_slots'),
(416, 1, 'Врач-неонатолог Первая категория', 'clinic', NULL, 88, 34500, NULL, NULL, 13, 1, 1, NULL, 'ent_doctor_slots'),
(417, 1, 'Врач-неонатолог Первая категория', 'clinic', NULL, 88, 34500, NULL, NULL, 14, 1, 1, NULL, 'ent_doctor_slots'),
(418, 1, 'Врач-неонатолог Первая категория', 'clinic', NULL, 88, 34500, NULL, NULL, 15, 1, 1, NULL, 'ent_doctor_slots'),
(419, 1, 'Врач-неонатолог Первая категория', 'clinic', NULL, 88, 34500, NULL, NULL, 18, 1, 1, NULL, 'ent_doctor_slots'),
(420, 1, 'Врач-неонатолог Первая категория', 'clinic', NULL, 88, 34500, NULL, NULL, 19, 1, 1, NULL, 'ent_doctor_slots'),
(421, 1, 'Врач-неонатолог Первая категория', 'clinic', NULL, 88, 34500, NULL, NULL, 20, 1, 1, NULL, 'ent_doctor_slots'),
(422, 1, 'Врач-неонатолог Первая категория', 'clinic', NULL, 88, 34500, NULL, NULL, 23, 1, 1, NULL, 'ent_doctor_slots'),
(423, 1, 'Врач-неонатолог Первая категория', 'clinic', NULL, 88, 34500, NULL, NULL, 24, 1, 1, NULL, 'ent_doctor_slots'),
(424, 1, 'Врач-неонатолог Первая категория', 'clinic', NULL, 88, 34500, NULL, NULL, 25, 1, 1, NULL, 'ent_doctor_slots'),
(426, 1, 'Врач-неонатолог Первая категория', 'clinic', NULL, 88, 34500, NULL, NULL, 27, 1, 1, NULL, 'ent_doctor_slots'),
(427, 1, 'Врач-неонатолог Первая категория', 'clinic', NULL, 88, 34500, NULL, NULL, 29, 1, 1, NULL, 'ent_doctor_slots'),
(428, 1, 'Врач-неонатолог Первая категория', 'clinic', NULL, 88, 34500, NULL, NULL, 30, 1, 1, NULL, 'ent_doctor_slots'),
(429, 1, 'Врач-неонатолог Первая категория', 'clinic', NULL, 88, 34500, NULL, NULL, 32, 1, 1, NULL, 'ent_doctor_slots'),
(430, 1, 'Врач-неонатолог Первая категория', 'clinic', NULL, 88, 34500, NULL, NULL, 33, 1, 1, NULL, 'ent_doctor_slots'),
(431, 1, 'Врач-неонатолог Первая категория', 'clinic', NULL, 88, 34500, NULL, NULL, 34, 1, 1, NULL, 'ent_doctor_slots'),
(432, 1, 'ЦКБ', 'clinic', NULL, 8, 17200, NULL, NULL, 1, 1, 2, 3, 'ent_services_placement'),
(433, 1, 'Трансфер в роддом', 'clinic', NULL, 9, 5000, NULL, NULL, 1, 1, 4, NULL, 'ent_birth_additional_slots'),
(434, 1, 'Маникюр', 'clinic', NULL, 10, 5000, NULL, NULL, 1, 1, 4, NULL, 'ent_birth_additional_slots'),
(435, 1, 'Фото', 'clinic', NULL, 16, 6000, NULL, NULL, 1, 1, 4, NULL, 'ent_birth_additional_slots'),
(436, 1, 'Визаж', 'clinic', NULL, 17, 4000, NULL, NULL, 1, 1, 4, NULL, 'ent_birth_additional_slots'),
(437, 1, 'Биострахование', 'clinic', NULL, 18, 60000, NULL, NULL, 1, 1, 4, NULL, 'ent_birth_additional_slots'),
(438, 1, 'Визаж', 'clinic', NULL, 17, 3700, NULL, NULL, 2, 1, 4, NULL, 'ent_birth_additional_slots'),
(439, 1, 'Псих', 'clinic', NULL, 20, 11000, NULL, NULL, 2, 1, 4, NULL, 'ent_birth_additional_slots'),
(440, 1, 'Биострахование', 'clinic', NULL, 18, 90000, NULL, NULL, 2, 1, 4, NULL, 'ent_birth_additional_slots'),
(441, 1, 'Трансфер в роддом', 'clinic', NULL, 9, 5000, NULL, NULL, 2, 1, 4, NULL, 'ent_birth_additional_slots'),
(442, 1, 'Трансфер из роддома', 'clinic', NULL, 19, 5000, NULL, NULL, 2, 1, 4, NULL, 'ent_birth_additional_slots'),
(443, 1, 'Видеосъемка', 'clinic', NULL, 21, 11000, NULL, NULL, 1, 1, 4, NULL, 'ent_birth_additional_slots'),
(444, 1, 'Визаж', 'clinic', NULL, 17, 4000, NULL, NULL, 3, 1, 4, NULL, 'ent_birth_additional_slots'),
(445, 1, 'Биострахование', 'clinic', NULL, 18, 95000, NULL, NULL, 3, 1, 4, NULL, 'ent_birth_additional_slots'),
(446, 1, 'Трансфер из роддома', 'clinic', NULL, 19, 5000, NULL, NULL, 5, 1, 4, NULL, 'ent_birth_additional_slots'),
(447, 1, 'Визаж', 'clinic', NULL, 17, 4000, NULL, NULL, 9, 1, 4, NULL, 'ent_birth_additional_slots'),
(448, 1, 'Псих', 'clinic', NULL, 20, 7000, NULL, NULL, 8, 1, 4, NULL, 'ent_birth_additional_slots'),
(449, 1, 'Трансфер из роддома', 'clinic', NULL, 19, 5000, NULL, NULL, 18, 1, 4, NULL, 'ent_birth_additional_slots'),
(450, 1, 'Биострахование', 'clinic', NULL, 18, 300000, NULL, NULL, 15, 1, 4, NULL, 'ent_birth_additional_slots'),
(451, 1, 'Визаж', 'clinic', NULL, 17, 20000, NULL, NULL, 15, 1, 4, NULL, 'ent_birth_additional_slots'),
(452, 1, 'Фото', 'clinic', NULL, 16, 6000, NULL, NULL, 15, 1, 4, NULL, 'ent_birth_additional_slots'),
(453, 1, 'Псих', 'clinic', NULL, 20, 65000, NULL, NULL, 15, 1, 4, NULL, 'ent_birth_additional_slots'),
(454, 1, 'Трансфер из роддома', 'clinic', NULL, 19, 5000, NULL, NULL, 9, 1, 4, NULL, 'ent_birth_additional_slots'),
(455, 1, 'Визаж', 'clinic', NULL, 17, 20000, NULL, NULL, 20, 1, 4, NULL, 'ent_birth_additional_slots'),
(456, 1, 'Доула', 'clinic', NULL, 85, 34500, NULL, NULL, 33, 1, 1, NULL, 'ent_doctor_slots'),
(457, 1, 'Размещение в палате Люкс-студия', 'clinic', 43, 8, 230000, NULL, NULL, 15, 1, 2, 1, 'ent_services_placement'),
(460, 1, 'Сheck-up 1 триместр', 'consultation', NULL, 4, 80000, NULL, NULL, 27, 1, 8, NULL, 'ent_birth_support_consultation_slots'),
(464, 1, 'Онлайн-консультации', 'consultation', NULL, 28, 2555, NULL, NULL, 27, 1, 7, NULL, 'ent_online_consultation_slots'),
(466, 1, 'Ведение беременности I триместра', NULL, NULL, 28, 42000, NULL, NULL, 27, 1, 6, NULL, 'ent_multi_pregnant_slots'),
(467, 1, 'Гусейнова С.Г.', 'consultation', NULL, 92, 45000, NULL, NULL, 39, 1, 1, NULL, 'ent_consultation_doctor_slots'),
(477, 1, 'Шмаков Роман Георгиевич', 'clinic', NULL, 98, 130000, NULL, NULL, 26, 1, 1, NULL, 'ent_doctor_slots'),
(478, 1, 'Нурутдинова Розина Анасовна', 'clinic', NULL, 99, 110000, NULL, NULL, 26, 1, 1, NULL, 'ent_doctor_slots'),
(479, 1, 'Волочаева Мария', 'clinic', NULL, 100, 85000, NULL, NULL, 26, 1, 1, NULL, 'ent_doctor_slots'),
(480, 1, 'Четвериков Алексей', 'clinic', NULL, 101, 30000, NULL, NULL, 26, 1, 1, NULL, 'ent_doctor_slots'),
(481, 1, 'Тимофеева Лейла Акакиевна', 'clinic', NULL, 102, 60000, NULL, NULL, 26, 1, 1, NULL, 'ent_doctor_slots'),
(482, 1, 'Одноместная палата', NULL, 184, 8, 30000, NULL, NULL, 26, 1, 2, 1, 'ent_services_placement'),
(483, 1, 'Люкс', NULL, 186, 8, 75000, NULL, NULL, 26, 1, 2, 1, 'ent_services_placement'),
(484, 1, 'Трансфер в роддом', NULL, NULL, 9, 5000, NULL, NULL, 26, 1, 4, NULL, 'ent_birth_additional_slots'),
(485, 1, 'Фото', NULL, NULL, 16, 6000, NULL, NULL, 26, 1, 4, NULL, 'ent_birth_additional_slots'),
(486, 1, 'Видеосъемка', NULL, NULL, 21, 11000, NULL, NULL, 26, 1, 4, NULL, 'ent_birth_additional_slots'),
(487, 1, 'Естественные роды', NULL, NULL, 1, 0, NULL, NULL, 26, 1, 3, NULL, 'ent_birth_type_slots'),
(488, 1, 'Кесарево сечение (по показаниям)', NULL, NULL, 2, 0, NULL, NULL, 26, 1, 3, NULL, 'ent_birth_type_slots'),
(489, 1, 'Врач акушер-гинеколог', 'clinic', NULL, 81, 34500, NULL, NULL, 26, 1, 1, NULL, 'ent_doctor_slots'),
(490, 1, 'Четвериков Алексей', 'consultation', NULL, 101, 30000, NULL, NULL, 26, 1, 1, NULL, 'ent_consultation_doctor_slots'),
(491, 1, 'Тимофеева Лейла Акакиевна', 'consultation', NULL, 102, 60000, NULL, NULL, 26, 1, 1, NULL, 'ent_consultation_doctor_slots'),
(492, 1, NULL, 'consultation', NULL, 99, 12000, NULL, NULL, 26, 1, 1, NULL, 'ent_consultation_doctor_slots');

-- --------------------------------------------------------

--
-- Структура таблицы `sessions`
--

CREATE TABLE `sessions` (
  `id` bigint UNSIGNED NOT NULL,
  `token` varchar(50) COLLATE utf8mb3_unicode_ci NOT NULL,
  `user_id` bigint UNSIGNED NOT NULL,
  `user_agent` text CHARACTER SET utf8mb3 COLLATE utf8mb3_unicode_ci,
  `datetime_create` timestamp NOT NULL DEFAULT CURRENT_TIMESTAMP,
  `datetime_update` timestamp NOT NULL DEFAULT CURRENT_TIMESTAMP ON UPDATE CURRENT_TIMESTAMP
) ENGINE=InnoDB DEFAULT CHARSET=utf8mb3 COLLATE=utf8mb3_unicode_ci;

--
-- Дамп данных таблицы `sessions`
--

INSERT INTO `sessions` (`id`, `token`, `user_id`, `user_agent`, `datetime_create`, `datetime_update`) VALUES
(272, 'b904d25b-6652-4fc0-ab91-dcf442d5b753', 3, '', '2021-12-16 14:47:35', '2021-12-16 15:52:52'),
(273, 'd8c5cab0-341a-4bc7-b1f7-c2a7bdae71c0', 3, '', '2021-12-17 18:01:06', '2021-12-17 18:01:06'),
(274, '73fcba08-de99-466e-b257-d349f7b2eb9e', 3, '', '2021-12-18 18:48:36', '2021-12-18 18:48:36'),
(275, 'fe497273-cc41-4b85-978e-bb3aa3e2aac4', 19, '', '2021-12-18 18:49:02', '2021-12-27 17:08:20'),
(276, '152b6822-7c97-45fc-bc4c-876e2ef18fbf', 3, '', '2021-12-19 17:57:47', '2021-12-19 17:57:47'),
(277, '8e5ff6fe-d834-4712-9cc7-68abcb09c64e', 1, '', '2021-12-19 18:38:38', '2022-03-05 21:09:33'),
(278, '802b4996-66a9-4c12-b6d3-6bd2fabdf0db', 3, '', '2021-12-19 19:16:54', '2021-12-19 19:16:54'),
(279, 'a12ea777-7ae1-48d5-b049-f71f4db8f58e', 3, '', '2021-12-19 19:33:06', '2021-12-19 19:33:06'),
(280, 'fac588a9-cc84-4df6-863d-0a13e84b6d12', 1, 'Mozilla/5.0 (Windows NT 10.0; Win64; x64) AppleWebKit/537.36 (KHTML, like Gecko) Chrome/118.0.0.0 Safari/537.36', '2021-12-19 21:07:54', '2023-10-25 19:37:01'),
(281, 'aff8bcd0-ddc1-4d47-948b-9742daea287b', 3, '', '2021-12-19 21:57:20', '2021-12-19 21:57:20'),
(282, '47cce3df-113b-4cb5-933b-c9139d4b1849', 3, '', '2021-12-19 21:57:32', '2021-12-19 21:57:32'),
(283, '74b1bd2f-f310-4def-83ef-f398b96275e0', 3, '', '2021-12-19 22:06:01', '2021-12-19 22:06:01'),
(284, '88f796f5-331a-4a67-b412-3f5045f11a09', 3, '', '2021-12-19 22:06:29', '2021-12-19 22:06:29'),
(285, '50c6dcd7-4b31-4b7e-98c3-58bbdcd11e02', 3, '', '2021-12-20 07:15:22', '2021-12-20 07:15:22'),
(286, '1014dcfe-7b84-48ed-89d0-2ced9a3cfd5f', 1, '', '2021-12-20 15:23:59', '2021-12-20 15:24:05'),
(287, '01c2de92-1220-4811-b659-c135a049998a', 3, '', '2021-12-20 18:53:18', '2021-12-30 11:35:09'),
(288, 'fe8e64bd-7cd4-4893-9375-175acefd29d6', 3, '', '2021-12-20 21:21:16', '2021-12-20 21:21:16'),
(289, '58d707c8-9fa2-467b-bc88-f6fb4bc6fcba', 3, '', '2021-12-20 23:49:24', '2021-12-20 23:49:24'),
(290, '1f9cb09f-f040-4456-ac7c-b4f15b15357f', 3, '', '2021-12-21 08:30:42', '2021-12-21 08:30:42'),
(291, 'f47f33ec-6b25-40fd-abb2-4947f320ef89', 3, '', '2021-12-21 14:36:17', '2021-12-21 14:36:17'),
(292, '6be6679a-47c8-429d-9110-a24802bc3aae', 3, '', '2021-12-21 19:24:56', '2021-12-21 19:24:56'),
(293, '5d469e4b-9e0b-4a81-b427-c52db9dd807e', 3, '', '2021-12-22 06:08:13', '2021-12-22 06:08:13'),
(294, 'ab950f67-e6d6-4790-bc49-df20eeadb74b', 3, '', '2021-12-22 06:08:39', '2021-12-22 06:08:39'),
(295, '24a230f8-5af7-419f-a7d5-22b464f78e54', 3, '', '2021-12-23 10:11:50', '2021-12-23 10:11:50'),
(296, '3361f3e8-f92b-42d3-8d8c-3f45accd99a4', 3, '', '2021-12-23 10:44:16', '2021-12-23 10:44:16'),
(297, '4647bf4e-df36-4fc2-b96b-4fc6ed75b70b', 3, '', '2021-12-23 17:52:14', '2021-12-23 17:52:14'),
(298, 'fc1a37a4-4f86-4cbf-8db2-bf56c0d890f8', 3, '', '2021-12-24 19:35:13', '2021-12-24 19:35:13'),
(299, '7814c20a-7704-4390-b8fe-f4650b383a74', 3, '', '2021-12-25 05:06:34', '2021-12-25 05:06:34'),
(300, 'b465a72e-28fc-4030-bbd5-958379570983', 3, '', '2021-12-26 00:13:09', '2021-12-26 00:13:09'),
(301, '947c35cf-97a2-49fd-95f0-9fe17d996b56', 3, '', '2021-12-26 10:17:57', '2021-12-26 10:17:57'),
(302, 'a893a0af-75de-4662-98e0-3db3074a4c74', 3, '', '2021-12-26 10:18:20', '2021-12-26 10:18:20'),
(303, '1843b758-c11a-4982-b1da-7d7d3d4644d7', 3, '', '2021-12-26 10:18:25', '2021-12-26 10:18:25'),
(304, '564e1591-9a19-4f5a-b3f8-8b7cce3dd739', 3, '', '2021-12-26 16:33:16', '2021-12-26 16:33:16'),
(305, 'bf9eb272-e279-4f52-84bc-24e445181977', 3, '', '2021-12-26 16:34:33', '2021-12-26 16:34:33'),
(306, '79fc4f79-187b-4a97-a986-06ed17fcc64e', 3, '', '2021-12-26 19:02:19', '2021-12-26 19:02:19'),
(307, '715a3aed-d8a6-4ecf-8770-6aae9b4b43fa', 3, '', '2021-12-26 19:03:23', '2021-12-26 19:03:23'),
(308, '4c4cd01c-f953-48a8-a7d7-8428c9526eba', 3, '', '2021-12-26 19:10:02', '2021-12-26 19:10:02'),
(309, 'cab10f07-bdd8-4de7-9d4b-1fa67c688b52', 3, '', '2021-12-26 19:11:10', '2021-12-26 19:11:10'),
(310, '9b7eefcb-2e73-4973-aa7c-6d0829bca5b8', 3, '', '2021-12-26 19:11:55', '2021-12-26 19:11:55'),
(311, 'a66d0c22-102f-4320-810e-fabea81f725a', 3, '', '2021-12-26 19:15:56', '2021-12-26 19:15:56'),
(312, '20a0d889-e499-406b-a927-4b2c5ceea73a', 3, '', '2021-12-26 19:23:37', '2021-12-26 19:23:37'),
(313, '452f5f76-e5ee-4d70-9fef-bbe2f48ce764', 3, '', '2021-12-26 19:24:44', '2021-12-26 19:24:44'),
(314, 'e0938ea1-3faa-45c2-9366-968218f4d9b7', 3, '', '2021-12-26 19:26:08', '2021-12-26 19:26:08'),
(315, 'b5954761-8bbe-457c-aa10-137d4a75607b', 3, '', '2021-12-26 19:26:57', '2021-12-26 19:26:57'),
(316, 'cd67c566-5d20-4439-98b0-b238f537ffb3', 3, '', '2021-12-26 19:42:12', '2021-12-26 19:55:49'),
(317, '0ff14bb9-e11c-4b6e-84a7-036bcd1d6ff9', 1, '', '2021-12-26 19:56:09', '2021-12-31 09:25:46'),
(318, 'f289b78e-d794-4a75-a3ae-2ed53132713d', 3, '', '2021-12-27 10:15:45', '2021-12-27 10:15:45'),
(319, '75a345ae-1f4d-4482-a86e-f7b99acbd8a3', 3, '', '2021-12-27 11:56:32', '2021-12-27 11:56:32'),
(320, '6b1d3d01-54dc-49de-ad35-126c23622a41', 3, '', '2021-12-28 03:50:00', '2021-12-28 03:50:00'),
(321, '2b33cf6f-8398-41a5-81b0-a6a53bafee27', 3, '', '2021-12-28 04:05:55', '2021-12-28 04:05:55'),
(322, '0ce2fbca-8ba1-4233-a04f-70dd17a49bac', 3, '', '2021-12-28 15:33:52', '2021-12-28 15:33:52'),
(323, '182fc73b-a985-4878-86f2-8a2c4fc40e52', 1, '', '2021-12-28 18:24:30', '2022-03-10 13:43:10'),
(324, '927b5bd6-8532-4041-932e-b7b6e837f936', 3, '', '2021-12-29 06:33:31', '2021-12-29 06:33:31'),
(325, '74214079-bc81-4acd-8b03-7a9797df3bdc', 3, '', '2021-12-29 07:07:19', '2021-12-29 07:07:19'),
(326, 'af5fed43-88a4-41dd-a2c0-b204dbe1c277', 3, '', '2021-12-29 19:28:00', '2021-12-29 19:28:00'),
(327, 'f8bbdfef-9c9b-472e-a4d2-40060f9502ed', 3, '', '2021-12-30 00:19:14', '2021-12-30 00:19:14'),
(328, '12d88798-e583-41ce-88c1-35ed99263633', 3, '', '2021-12-30 21:49:11', '2021-12-30 21:49:11'),
(329, '880ce33b-a274-40de-87ac-48b2c8736ffb', 3, '', '2021-12-30 22:27:24', '2021-12-30 22:27:24'),
(330, '3878c235-6941-4a46-8923-82d4bab18f0e', 3, '', '2021-12-31 13:51:37', '2021-12-31 13:51:37'),
(331, 'd64288e7-9c1f-4ec6-b72d-e6fc71724a2f', 3, '', '2022-01-01 11:15:58', '2022-01-01 11:15:58'),
(332, '63ebf039-07e7-40d1-84fc-ee3ae9e2af5e', 3, '', '2022-01-01 20:22:48', '2022-01-01 20:22:48'),
(333, '77dcee98-eecf-4752-b19b-bd2253aaa956', 3, '', '2022-01-01 21:21:17', '2022-01-01 21:21:17'),
(334, '420496df-1132-4d45-8b25-d58e9c3a2788', 3, '', '2022-01-02 13:26:22', '2022-01-02 13:26:22'),
(335, '2d7fb43c-3f60-4add-add9-9b3524c29ba6', 3, '', '2022-01-02 22:37:00', '2022-01-02 22:37:00'),
(336, 'fbe9b893-95db-491b-87f4-e0ecbbebddf2', 3, '', '2022-01-03 08:21:07', '2022-01-03 08:21:07'),
(337, '5fe42671-cabe-47df-8a61-5516b6357f7c', 1, '', '2022-01-03 10:09:44', '2022-01-14 12:05:16'),
(338, 'ac03891e-dd88-4aa7-8d98-bfac985fe5fa', 3, '', '2022-01-03 17:50:00', '2022-01-03 17:50:00'),
(339, '5ffc2627-23cd-4a0d-8979-695b7fa26c03', 3, '', '2022-01-04 15:16:48', '2022-01-04 15:16:48'),
(340, '8c4dbeff-8a8e-483f-87e0-8c1b0e5b0c3d', 3, '', '2022-01-04 21:35:54', '2022-01-04 21:35:54'),
(341, '1aa8608e-5292-4b04-bb3b-60adc7673876', 3, '', '2022-01-06 03:27:37', '2022-01-06 03:27:37'),
(342, '52a1764f-3362-4fd4-9ffa-75d99d22179f', 3, '', '2022-01-06 12:26:28', '2022-01-06 12:26:28'),
(343, '73a4db9c-1b2e-44ff-8f2a-aeab2700a81b', 3, '', '2022-01-07 00:17:23', '2022-01-07 00:17:23'),
(344, '95b430ec-1af9-40af-acdd-476cb5d7454c', 3, '', '2022-01-07 14:30:42', '2022-01-07 14:30:42'),
(345, 'dc5e52ef-80b4-4aa0-afc2-f64ac9154e76', 3, '', '2022-01-07 17:41:19', '2022-01-07 17:41:19'),
(346, 'c6d6bf23-c074-4793-aae2-45eb0adcd429', 3, '', '2022-01-07 17:46:53', '2022-01-07 17:46:53'),
(347, '537d221b-edd8-4a23-a415-496e3f2d2ebe', 3, '', '2022-01-08 17:04:41', '2022-01-08 17:04:41'),
(348, 'fc9178b4-f931-4c2f-98ad-690e44d6ca25', 3, '', '2022-01-08 18:10:23', '2022-01-08 18:10:23'),
(349, '5d26dceb-1710-495f-a289-dc37234116fc', 3, '', '2022-01-09 03:04:08', '2022-01-09 03:04:08'),
(350, 'bb130d99-dc9f-4185-8fcb-b639550cc65b', 3, '', '2022-01-09 04:52:09', '2022-01-09 04:52:09'),
(351, '61db2ca7-cd55-4202-bf4b-ecd427e31dd1', 3, '', '2022-01-09 20:32:49', '2022-01-09 20:32:49'),
(352, '3f4441a0-7e63-450a-816e-8dee5c629152', 3, '', '2022-01-10 16:35:29', '2022-01-10 16:35:29'),
(353, '71e92a34-d7cd-473d-b48c-9f410f9e46e6', 1, '', '2022-01-12 13:38:48', '2022-01-13 19:49:27'),
(354, '6145e60e-37fa-453f-a573-2c19ee0ff5ac', 3, '', '2022-01-12 15:55:07', '2022-01-12 15:55:07'),
(355, 'df1b2851-bd7e-43e5-8e93-0b8377f8759f', 3, '', '2022-01-12 17:29:46', '2022-01-12 17:29:46'),
(356, 'c3702264-50f8-4d4c-a202-29310bf5b462', 3, '', '2022-01-12 23:39:42', '2022-01-12 23:39:42'),
(357, '19068bb8-9ab2-4623-8d17-01e744bfc51f', 3, '', '2022-01-13 03:03:36', '2022-01-13 03:03:36'),
(358, '54bbeaf6-1c49-4b67-b5a3-fd01bd8b854f', 3, '', '2022-01-13 06:02:37', '2022-01-13 06:02:37'),
(359, '770cce10-622d-43bb-b3cb-c4fb0233e895', 3, '', '2022-01-13 10:14:33', '2022-01-13 10:14:33'),
(360, '2886e804-6578-49ae-ba92-b1ec29fe8889', 3, '', '2022-01-13 23:03:09', '2022-01-13 23:03:09'),
(361, 'ff57796f-4378-4c2f-8739-4abf507c7122', 3, '', '2022-01-14 13:02:46', '2022-01-14 13:02:46'),
(362, '034a7e72-56bf-4f6f-96d4-6264d240b867', 3, '', '2022-01-14 18:04:08', '2022-01-14 18:04:08'),
(363, '768de5ed-bf2d-4ab9-a2c6-2a88f96cc8af', 3, '', '2022-01-14 21:45:47', '2022-01-14 21:45:47'),
(364, 'bcfd5688-8fc9-4285-87f4-c867ed59d1f7', 3, '', '2022-01-15 15:13:33', '2022-01-15 15:13:33'),
(365, '07a2e5ee-ec41-4d42-a5c2-0726de6791a7', 3, '', '2022-01-16 00:23:20', '2022-01-16 00:23:20'),
(366, 'd9b5f7c2-708a-4eb5-a604-c331f0518a05', 3, '', '2022-01-17 04:38:14', '2022-01-17 04:38:14'),
(367, '29aa28ca-166a-41a8-9c6a-eb6a5c1949d9', 3, '', '2022-01-17 05:26:50', '2022-01-17 05:26:50'),
(368, 'ec588676-4101-4b2b-8a4e-8e631311976e', 3, '', '2022-01-17 14:57:23', '2022-01-17 14:57:23'),
(369, 'bebda4c3-df93-4053-9616-5ad19473ec78', 3, '', '2022-01-17 21:56:58', '2022-01-17 21:56:58'),
(370, 'a902a173-f864-4a4d-8bd5-29e8424644ba', 3, '', '2022-01-18 00:37:00', '2022-01-18 00:37:00'),
(371, '32eeb191-d6a7-4f44-a0a6-974af05ecfd6', 3, '', '2022-01-20 11:48:25', '2022-01-20 11:48:25'),
(372, 'f70782e2-7f22-4404-8c41-78b0398bb042', 3, '', '2022-01-20 15:43:22', '2022-01-20 15:43:22'),
(373, 'c905e121-4930-440d-bb4c-b66c7ebb2d44', 3, '', '2022-01-20 17:03:46', '2022-01-20 17:03:46'),
(374, '078cf185-fdb4-4422-a9be-ead007d73eea', 3, '', '2022-01-20 19:31:36', '2022-01-20 19:31:36'),
(375, 'f77e489f-3c06-479f-98b9-7de9402dd9f6', 3, '', '2022-01-21 08:54:42', '2022-01-21 08:54:42'),
(376, '02985981-f903-4dea-b88c-609637115804', 3, '', '2022-01-22 15:23:34', '2022-01-22 15:23:34'),
(377, 'c4be9139-5be3-45ce-8ffa-14d06bdb08c2', 3, '', '2022-01-23 14:06:59', '2022-01-23 14:06:59'),
(378, 'cb2c5ccc-c5f8-43ce-9e1f-64a0974cd005', 1, '', '2022-01-23 14:11:11', '2022-03-06 14:54:59'),
(379, '700a056e-8591-4ac3-8ce7-f31b27f67423', 3, '', '2022-01-23 18:39:10', '2022-01-23 18:39:10'),
(380, '7acc23e4-8caf-4677-bb4e-cfc194a8472f', 3, '', '2022-01-23 23:24:54', '2022-01-23 23:24:54'),
(381, 'a386cf7b-a06a-481e-9821-44019363ed40', 3, '', '2022-01-24 10:26:20', '2022-01-24 10:26:20'),
(382, '03eb46f1-c31c-4d52-9d3b-edfde21fc9a0', 3, '', '2022-01-25 10:15:06', '2022-01-25 10:15:06'),
(383, '85a322ab-85d9-4b9e-8447-dd480ca7a87a', 3, '', '2022-01-25 22:05:27', '2022-01-25 22:05:27'),
(384, '01eb1ec3-310d-4b7f-bdd7-48affad64361', 3, '', '2022-01-26 01:23:32', '2022-01-26 01:23:32'),
(385, '1689d508-f7e5-4e2c-888e-f3a1de6c610e', 3, '', '2022-01-27 02:36:56', '2022-01-27 02:36:56'),
(386, '1e5c603a-d692-4e7c-b85a-c3ad5c389b7d', 3, '', '2022-01-27 05:17:13', '2022-01-27 05:17:13'),
(387, 'c1717d7c-e62c-454d-9e49-d77a6e9617ad', 3, '', '2022-01-28 02:38:05', '2022-01-28 02:38:05'),
(388, 'e787aca3-5b61-45f3-88c2-3e745867fd00', 3, '', '2022-01-28 10:16:14', '2022-01-28 10:16:14'),
(389, '4307979c-e5b1-4d54-a7a9-68ba4a847391', 3, '', '2022-01-28 13:24:51', '2022-01-28 13:24:51'),
(390, '23174f42-135b-46e9-8598-e3f6a931c41a', 3, '', '2022-01-28 23:32:22', '2022-01-28 23:32:22'),
(391, '77673743-0986-4b87-902d-cd14b0796a6b', 3, '', '2022-01-29 11:11:03', '2022-01-29 11:11:03'),
(392, '93cf4d8a-a240-4cff-8d0f-558984278d95', 19, '', '2022-01-29 19:12:35', '2022-01-29 19:12:51'),
(393, 'ee87c28c-e6bd-41c6-a1cd-9ef3803c23bd', 3, '', '2022-01-30 13:29:57', '2022-01-30 13:29:57'),
(394, 'bb715562-3ff0-4090-80a1-09fe807ed615', 3, '', '2022-01-30 22:19:29', '2022-01-30 22:19:29'),
(395, 'f5fd2195-fe63-4874-b56c-da12e6cfecef', 3, '', '2022-02-01 21:00:56', '2022-02-01 21:00:56'),
(396, 'c82163ac-03ee-497a-8e09-0e3e1f5405ad', 3, '', '2022-02-01 23:54:54', '2022-02-01 23:54:54'),
(397, '16d5ee75-0b59-4958-b4e7-f087c1c4cc41', 3, '', '2022-02-03 00:04:27', '2022-02-03 00:04:27'),
(398, '86bfded6-af1a-4233-84ca-0cf386d53cdd', 3, '', '2022-02-03 08:43:18', '2022-02-03 08:43:18'),
(399, 'd81be9aa-c6c8-41a4-9665-f3f14de357c8', 3, '', '2022-02-03 09:25:13', '2022-02-03 09:25:13'),
(400, 'a2e14091-4f8f-496d-8ddf-1288b1db203b', 3, '', '2022-02-03 09:37:02', '2022-02-03 09:37:02'),
(401, 'adba8aef-1b8b-4715-b01a-c6222c643354', 3, '', '2022-02-04 08:57:13', '2022-02-04 08:57:13'),
(402, 'fc829b97-0559-4b16-bb64-a74ce254f7cb', 3, '', '2022-02-04 17:05:03', '2022-02-04 17:05:03'),
(403, '8983347e-ad0a-40c0-ba53-28affd233e8a', 3, '', '2022-02-05 00:03:46', '2022-02-05 00:03:46'),
(404, '9124d11d-b55a-40c3-93e8-88c37432e3c2', 3, '', '2022-02-05 11:43:35', '2022-02-05 11:43:35'),
(405, '5ce7c78e-99b9-4526-b443-dc07748064be', 3, '', '2022-02-06 04:52:59', '2022-02-06 04:52:59'),
(406, 'a54f5a0b-5d06-4f13-bc97-8e5aa811a69a', 3, '', '2022-02-06 09:34:40', '2022-02-06 09:34:40'),
(407, '4c9244cf-ba6f-480b-9f38-f9e54aa864ec', 3, '', '2022-02-06 23:00:36', '2022-02-06 23:00:36'),
(408, 'dd8cb977-b200-48f9-bb28-11ae70a93628', 3, '', '2022-02-07 12:14:59', '2022-02-07 12:14:59'),
(409, '7dd644cc-72dd-48a3-b92b-53c324b1b33e', 3, '', '2022-02-07 22:30:11', '2022-02-07 22:30:11'),
(410, '94f044a0-2841-495b-81d1-9b06f1d70be6', 3, '', '2022-02-09 06:39:58', '2022-02-09 06:39:58'),
(411, 'c958f6d6-9835-4f9d-bb82-cf06474afca8', 3, '', '2022-02-09 07:04:18', '2022-02-09 07:04:18'),
(412, '4a49e477-3c1d-47af-883f-2eff7b05a551', 3, '', '2022-02-09 12:51:13', '2022-02-09 12:51:13'),
(413, 'c0f09ab1-b470-4ed0-aeb7-d86426c25b94', 3, '', '2022-02-09 18:50:40', '2022-02-09 18:50:40'),
(414, '05ca40cc-a488-4186-b516-8d82d73eba24', 3, '', '2022-02-10 13:24:01', '2022-02-10 13:24:01'),
(415, '54784f0c-02dc-4371-835c-f2d8cd647012', 3, '', '2022-02-10 13:44:17', '2022-02-10 13:44:17'),
(416, '5764a02e-2b06-4b7b-947e-04030a2b7cfb', 3, '', '2022-02-10 14:11:13', '2022-02-10 14:11:13'),
(417, 'd9397c7a-a592-416b-a2b8-d706dc4bd7d7', 3, '', '2022-02-10 16:19:51', '2022-02-10 16:19:51'),
(418, '31fa7011-62f7-40a5-ac73-2775032274e1', 3, '', '2022-02-11 04:35:56', '2022-02-11 04:35:56'),
(419, 'c74cc760-8d17-433f-8397-f1e738546020', 3, '', '2022-02-12 01:24:05', '2022-02-12 01:24:05'),
(420, 'e12db5ec-3292-4fc1-b1c6-aa677d2f5701', 3, '', '2022-02-12 08:47:37', '2022-02-12 08:47:37'),
(421, 'f585b4bb-bb99-41b8-b0dc-38585259af3a', 3, '', '2022-02-13 09:47:00', '2022-02-13 09:47:00'),
(422, '7d558bac-81a8-49fc-81de-d8039e01c247', 3, '', '2022-02-13 10:34:16', '2022-02-13 10:34:16'),
(423, 'eab8bee9-7de5-473d-85a4-5f6a6f905501', 3, '', '2022-02-13 11:41:08', '2022-02-13 11:41:08'),
(424, '424bcad0-ad5d-4936-b7e5-865440a835cd', 3, '', '2022-02-14 02:52:28', '2022-02-14 02:52:28'),
(425, 'a0f2668f-69f0-4490-aa0a-4a6e238e3689', 3, '', '2022-02-14 18:23:24', '2022-02-14 18:23:24'),
(426, '50418c76-1322-47d1-8bd4-82da0b7b3708', 3, '', '2022-02-14 22:15:32', '2022-02-14 22:15:32'),
(427, '0ebc9633-fdb7-41d6-9abe-65180d3e0bca', 3, '', '2022-02-15 18:46:38', '2022-02-15 18:46:38'),
(428, 'f3968493-b9e9-4f59-91f2-ab8f807aff41', 3, '', '2022-02-16 10:29:08', '2022-02-16 10:29:08'),
(429, '710fc78d-83c4-4c99-a8f1-893e6801731f', 3, '', '2022-02-16 11:16:43', '2022-02-16 11:16:43'),
(430, '656827ba-2c76-4f81-b388-3adf07e906b7', 3, '', '2022-02-16 19:56:17', '2022-02-16 19:56:17'),
(431, 'b8ab45c4-5672-4146-8224-2e40f15cbf1b', 3, '', '2022-02-16 20:26:49', '2022-02-16 20:26:49'),
(432, '3f417290-ff4e-447a-90c2-f8b645b9e541', 3, '', '2022-02-17 00:31:49', '2022-02-17 00:31:49'),
(433, 'ff579823-b509-4a14-8152-6653a57ccfe3', 3, '', '2022-02-17 03:26:28', '2022-02-17 03:26:28'),
(434, '2eaf0ed9-f59b-4584-a91b-80f919611579', 3, '', '2022-02-17 06:21:21', '2022-02-17 06:21:21'),
(435, 'e75efdf4-3aec-4291-98bb-00eaf79b1f1d', 3, '', '2022-02-17 21:53:45', '2022-02-17 21:53:45'),
(436, '33f68e1d-871d-439f-920f-22444797cc30', 3, '', '2022-02-18 01:07:15', '2022-02-18 01:07:15'),
(437, 'd61288e1-c19b-4b52-b341-95426a4cafb4', 3, '', '2022-02-18 03:33:34', '2022-02-18 03:33:34'),
(438, '966b2802-864a-4f66-a7c4-207cadbc7c39', 3, '', '2022-02-18 07:42:29', '2022-02-18 07:42:29'),
(439, '0278d553-66da-4b95-ab80-26b1302c95bb', 3, '', '2022-02-18 09:19:54', '2022-02-18 09:19:54'),
(440, '61a39efd-a7fa-43c0-97c3-40fdd07d3e26', 3, '', '2022-02-18 10:01:58', '2022-02-18 10:01:58'),
(441, 'b682a26c-9efc-4f9a-af27-6e113ecbdd95', 3, '', '2022-02-18 21:06:52', '2022-02-18 21:06:52'),
(442, 'a8303da7-2b6e-4587-a324-dcee12bbf896', 3, '', '2022-02-18 23:19:07', '2022-02-18 23:19:07'),
(443, 'a4bc9798-0256-4eae-909f-2693c6fd6f3c', 3, '', '2022-02-20 01:29:11', '2022-02-20 01:29:11'),
(444, '069f7b74-cba2-4a88-bdc8-f9ec376d72a7', 3, '', '2022-02-20 09:32:45', '2022-02-20 09:32:45'),
(445, 'e63dc1a8-665a-476d-95e9-24e0fb28e285', 19, '', '2022-02-20 15:21:51', '2022-03-01 19:07:49'),
(446, 'e0e2f450-a790-41e2-8714-23c420e2d7cc', 3, '', '2022-02-20 15:26:55', '2022-02-20 15:26:55'),
(447, '56f5ed40-3b5e-4976-a1eb-ced0938b1623', 3, '', '2022-02-20 21:08:27', '2022-02-20 21:08:27'),
(448, 'acfc84cc-bd6e-47a6-b6a7-81556b638ee1', 3, '', '2022-02-21 15:43:18', '2022-02-21 15:43:18'),
(449, '5d23f9e0-7f4b-4da7-9163-a87d2c898024', 3, '', '2022-02-21 20:48:51', '2022-02-21 20:48:51'),
(450, '902018f8-451c-46c3-801d-18d9540c7d3b', 3, '', '2022-02-22 04:02:57', '2022-02-22 04:02:57'),
(451, '21e50b57-2e14-47b0-8fc2-0d3213ef8353', 3, '', '2022-02-22 06:43:41', '2022-02-22 06:43:41'),
(452, 'da223dae-6278-4450-a4f4-5eec37642c01', 3, '', '2022-02-23 10:07:33', '2022-02-23 10:07:33'),
(453, 'a487af03-cd90-46b8-ae91-14d97e03377f', 3, '', '2022-02-23 10:08:02', '2022-02-23 10:08:02'),
(454, 'b0a0b651-672c-4e1b-a534-b6dee9f987dd', 19, '', '2022-02-23 10:21:41', '2022-02-23 10:22:08'),
(455, '0b9e4a63-1b80-4912-ba9c-16210e45d921', 3, '', '2022-02-24 17:47:38', '2022-02-24 17:47:38'),
(456, 'd2571905-3cb0-4526-ba64-3f12014fd500', 3, '', '2022-02-25 21:18:26', '2022-02-25 21:18:26'),
(457, 'f0065b9f-edbd-4614-b703-48f68a0a05f7', 3, '', '2022-02-26 10:08:22', '2022-02-26 10:08:22'),
(458, 'd6a85287-57dd-4f4d-8530-92bfabd5fb47', 3, '', '2022-02-26 20:00:02', '2022-02-26 20:00:02'),
(459, '5f2932bd-77cb-4e3c-801b-f4b9a9c9a83e', 3, '', '2022-02-26 23:35:48', '2022-02-26 23:35:48'),
(460, 'aa59efb8-c719-4834-a5fb-9ea504ea959d', 3, '', '2022-02-27 00:28:23', '2022-02-27 00:28:23'),
(461, '0609e198-b812-4c74-a32b-244223993b1e', 3, '', '2022-02-27 02:38:51', '2022-02-27 02:38:51'),
(462, '1e17f968-b58d-498c-bc17-a09df90609f1', 3, '', '2022-02-27 04:07:44', '2022-02-27 04:07:44'),
(463, '59376484-64fd-4691-ac7d-5dd75eeba95f', 3, '', '2022-02-27 04:46:39', '2022-02-27 04:46:39'),
(464, 'd6e9190b-6a00-4d5c-8356-36330b0fcf50', 3, '', '2022-02-27 05:18:26', '2022-02-27 05:18:26'),
(465, 'dad5a06e-491a-4ce5-852d-a9b1cab6e14a', 3, '', '2022-02-27 07:49:44', '2022-02-27 07:49:44'),
(466, '79054ff1-8594-466d-90a0-421711503556', 3, '', '2022-02-27 08:59:05', '2022-02-27 08:59:05'),
(467, '9edbb310-0970-4ac5-9075-f97855840963', 19, '', '2022-02-27 12:15:02', '2022-02-27 12:15:44'),
(468, '5caba27a-f7b7-49eb-9386-2347861f4fdf', 3, '', '2022-02-27 13:30:50', '2022-02-27 13:30:50'),
(469, '6d61d619-c7e7-4dfa-bd0a-822468a99f55', 3, '', '2022-02-27 16:34:09', '2022-02-27 16:34:09'),
(470, '02658879-bf18-4d6b-a356-68bb7e79c2d9', 3, '', '2022-02-27 16:58:39', '2022-02-27 16:58:39'),
(471, '65a6ba5a-b137-49b7-bb0f-1c5efab56a55', 3, '', '2022-02-27 23:53:23', '2022-02-27 23:53:23'),
(472, 'fb4c1549-a141-4907-a5ee-f6251c94a56e', 3, '', '2022-02-28 03:13:54', '2022-02-28 03:13:54'),
(473, '4d65b647-1bcc-412d-a5a0-2915888664e8', 3, '', '2022-02-28 03:27:06', '2022-02-28 03:27:06'),
(474, 'df0d6ad0-14fc-4db8-ae65-30f93c87fd2c', 3, '', '2022-02-28 05:08:05', '2022-02-28 05:08:05'),
(475, '754eef23-e95a-49b0-a805-e80eb51bad5d', 3, '', '2022-02-28 06:38:51', '2022-02-28 06:38:51'),
(476, '3eb9b20e-a6bb-4b97-a0ab-795822fc7f4b', 1, '', '2022-02-28 16:11:29', '2022-02-28 16:11:42'),
(477, '587fd1cd-7bd7-490c-946a-00a054fb8b41', 3, '', '2022-03-01 15:28:47', '2022-03-01 15:28:47'),
(478, '5d42b533-2657-4dd2-9f1b-dcf0e0aa5506', 3, '', '2022-03-01 22:35:02', '2022-03-01 22:35:02'),
(479, 'cdf9fc43-998b-4113-ab18-78de8d3f3fbb', 3, '', '2022-03-03 10:16:24', '2022-03-03 10:16:24'),
(480, 'a0a2dfc1-856d-409a-9e0b-9d94eb2fa8a0', 3, '', '2022-03-03 23:33:36', '2022-03-03 23:33:36'),
(481, 'a55b5157-5c0e-4d83-b79d-6171f32aadbb', 3, '', '2022-03-04 02:47:36', '2022-03-04 02:47:36'),
(482, '6d7a8c04-8d5c-4bb7-8ff4-526961b3d05c', 3, '', '2022-03-04 10:33:09', '2022-03-04 10:33:09'),
(483, '872c503d-12f9-4a22-95b5-e5754df39042', 3, '', '2022-03-05 19:02:44', '2022-03-05 19:02:44'),
(484, '5a644b91-9b1e-438b-b9a6-60e8b640e619', 3, '', '2022-03-05 21:09:28', '2022-03-05 21:09:28'),
(485, 'dbee46fc-ed24-466b-acf1-c010adf05e7d', 3, '', '2022-03-05 22:32:00', '2022-03-05 22:32:00'),
(486, '61c8ae23-bacb-448d-bca0-c8feab6ae82b', 3, '', '2022-03-05 22:32:02', '2022-03-05 22:32:02'),
(487, 'b6c20763-57ff-42e6-afd3-b0da5f7d45ab', 3, '', '2022-03-05 22:32:03', '2022-03-05 22:32:03'),
(488, '30acbb3b-1308-44e2-b8e5-cbbecd9f65a8', 3, '', '2022-03-05 22:32:05', '2022-03-05 22:32:05'),
(489, '7f5eb875-c32d-49f3-9705-24ecb038fc6b', 3, '', '2022-03-06 01:44:49', '2022-03-06 01:44:49'),
(490, '2bc296fc-cbb4-420c-a891-ca9f00c5f199', 3, '', '2022-03-06 02:25:02', '2022-03-06 02:25:02'),
(491, '063e8883-cabf-4615-87c2-1269a914dce3', 3, '', '2022-03-06 02:25:14', '2022-03-06 02:25:14'),
(492, 'ed57b4b0-5ed5-4f0a-8c37-e73c3f4e3b53', 3, '', '2022-03-06 02:25:15', '2022-03-06 02:25:15'),
(493, '0a001c27-0c2b-43fd-bdc5-12e8b56e3b23', 3, '', '2022-03-06 15:54:31', '2022-03-06 15:54:31'),
(494, 'cd797857-e79b-4e7c-bf94-038497f098df', 3, '', '2022-03-06 20:51:25', '2022-03-06 20:51:25'),
(495, '768e8a2e-7b45-41ae-bf32-18ece7083b3d', 3, '', '2022-03-06 21:54:54', '2022-03-06 21:54:54'),
(496, '963f51f4-f603-46c7-b2f9-47f63c3b65f7', 3, '', '2022-03-06 22:10:01', '2022-03-06 22:10:01'),
(497, 'ef95a89b-9124-41cb-a69d-0827434e6710', 3, '', '2022-03-07 00:34:33', '2022-03-07 00:34:33'),
(498, 'e0bd9d3e-9b97-4bc7-abae-3e56027ccace', 3, '', '2022-03-08 12:32:59', '2022-03-08 12:32:59'),
(499, 'd405b7e4-b9d2-453d-8957-799611ba9081', 3, '', '2022-03-09 08:34:31', '2022-03-09 08:34:31'),
(500, 'ebc91168-0e5d-4566-a333-15cd1e74cad7', 3, '', '2022-03-09 13:35:04', '2022-03-09 13:35:04'),
(501, '0973cd48-c886-4e8f-8db8-0d36bedaa318', 3, '', '2022-03-09 23:43:37', '2022-03-09 23:43:37'),
(502, '5673462e-2401-4cc2-9488-689cdfee5cff', 3, '', '2022-03-10 17:47:07', '2022-03-10 17:47:07'),
(503, 'ce5f8bac-23f1-45ba-ac28-da81a2e59bec', 3, '', '2022-03-10 18:36:16', '2022-03-10 18:36:16'),
(504, 'bc16752b-0a33-4c32-9533-d7d5b78a5d71', 3, '', '2022-03-10 19:00:58', '2022-03-10 19:00:58'),
(505, 'db1e02df-5bd1-4b7b-8992-251a0469d5c5', 3, '', '2022-03-10 19:51:05', '2022-03-10 19:51:05'),
(506, '99857844-dcf1-49e4-894a-0c28d9f108d4', 3, '', '2022-03-11 14:07:07', '2022-03-11 14:07:07'),
(507, 'd10ea3b8-7435-4e44-924d-da6c636966d5', 3, '', '2022-03-11 17:05:45', '2022-03-11 17:05:45'),
(508, 'c808aa87-0e03-4de5-a9a4-ff8039236126', 3, '', '2022-03-12 06:40:44', '2022-03-12 06:40:44'),
(509, '60d62253-78c7-4b26-9e5a-e8a56b05c790', 3, '', '2022-03-12 10:10:49', '2022-03-12 10:10:49'),
(510, '99800c2f-bff7-4710-9023-362a8bb37169', 3, '', '2022-03-12 16:19:29', '2022-03-12 16:19:29'),
(511, '5d58211d-bf0d-4819-a834-db0a548d91be', 3, '', '2022-03-12 16:50:26', '2022-03-12 16:50:26'),
(512, '14bd493c-b7ef-4396-b49e-a54ce3075419', 3, '', '2022-03-12 17:37:08', '2022-03-12 17:37:08'),
(513, 'c86df930-fcd6-474e-a52f-0844f733066a', 3, '', '2022-03-12 18:04:57', '2022-03-12 18:04:57'),
(514, '4d4bf443-4046-499b-9fbf-fcc66ce06d6d', 3, '', '2022-03-12 18:07:32', '2022-03-12 18:07:32'),
(515, '4d95375f-29de-4192-bb8f-35ca2ff98c2b', 3, '', '2022-03-12 18:19:15', '2022-03-12 18:19:15'),
(516, '21139179-00b5-4e68-870f-d8c02b62fcb2', 3, '', '2022-03-12 18:43:03', '2022-03-12 18:43:03'),
(517, 'c4a9d8a9-169b-4cec-acff-3a06c7518bb8', 3, '', '2022-03-12 20:14:21', '2022-03-12 20:14:21'),
(518, '6c911a6e-910c-4f14-895a-33894f48d17d', 3, '', '2022-03-13 00:24:49', '2022-03-13 00:24:49'),
(519, '5d004bd1-e93a-4bf4-8b4e-25b8dddb87ec', 3, '', '2022-03-13 02:25:07', '2022-03-13 02:25:07'),
(520, '197b2b36-ba9f-4c15-a56c-3d653face353', 3, '', '2022-03-13 04:31:19', '2022-03-13 04:31:19'),
(521, '593667fa-099f-49c7-bc21-7c4293ebd358', 3, '', '2022-03-13 05:22:28', '2022-03-13 05:22:28'),
(522, 'fa3d724b-948f-44ee-a0d6-274e39dd2c4a', 3, '', '2022-03-13 05:43:54', '2022-03-13 05:43:54'),
(523, 'eab7c848-efd6-4a8f-9a00-4d9f7c223942', 3, '', '2022-03-13 09:00:11', '2022-03-13 09:00:11'),
(524, '54b9e4ef-042c-4116-b44e-c43304fdc033', 3, '', '2022-03-13 09:14:54', '2022-03-13 09:14:54'),
(525, '80653578-5783-4132-b2ef-43c132808563', 3, '', '2022-03-13 11:39:32', '2022-03-13 11:39:32'),
(526, '5d55d8c5-8e67-41f7-8602-84172b6bf169', 3, '', '2022-03-13 14:31:23', '2022-03-13 14:31:23'),
(527, '925eedf4-fd55-47a9-bca7-3a0f13fe6efe', 3, '', '2022-03-13 14:47:00', '2022-03-13 14:47:00'),
(528, '5005f3af-1395-4c0c-8050-68be237c7055', 3, '', '2022-03-13 19:41:24', '2022-03-13 19:41:24'),
(529, 'daec1bdb-86f3-407a-8e76-76547aaa2b5c', 3, '', '2022-03-13 19:56:58', '2022-03-13 19:56:58'),
(530, '4d99d281-e24c-4ffd-8c7e-34aa400494be', 3, '', '2022-03-13 19:57:35', '2022-03-13 19:57:35'),
(531, 'acc8f19e-9805-4053-9424-e23a800b2767', 3, '', '2022-03-13 20:11:52', '2022-03-13 20:11:52'),
(532, '0c1cb918-4a06-459e-a292-31c57ffc9e69', 3, '', '2022-03-13 21:06:51', '2022-03-13 21:06:51'),
(533, '425da5d5-e1a3-4fa3-94e4-55ec51d38c75', 3, '', '2022-03-13 21:17:32', '2022-03-13 21:17:32'),
(534, '99c47e67-6912-47c0-853d-e86443efb9c1', 3, '', '2022-03-13 22:24:18', '2022-03-13 22:24:18'),
(535, '439fcdd9-8610-4175-b112-d1a8a1edd473', 3, '', '2022-03-14 02:41:52', '2022-03-14 02:41:52'),
(536, 'a67122be-7222-43f3-8082-5ebe796a9933', 3, '', '2022-03-14 03:40:54', '2022-03-14 03:40:54'),
(537, '74eee21a-2db0-4e22-8d1b-dde1bb4e6675', 3, '', '2022-03-14 05:28:19', '2022-03-14 05:28:19'),
(538, '75ff8b44-33ab-4173-be08-faabd2454c20', 3, '', '2022-03-14 06:03:21', '2022-03-14 06:03:21'),
(539, 'ee370a04-d126-4931-a5b1-91ab2071d41b', 3, '', '2022-03-14 06:31:22', '2022-03-14 06:31:22'),
(540, 'c876e837-e98f-4a40-9aaf-09a86e389215', 3, '', '2022-03-14 06:51:19', '2022-03-14 06:51:19'),
(541, 'd739096f-b45a-4f4f-94e1-a035e3891e96', 3, '', '2022-03-14 07:06:12', '2022-03-14 07:06:12'),
(542, '175c7ec1-e299-40a5-aef3-e830726ae81f', 3, '', '2022-03-14 07:38:52', '2022-03-14 07:38:52'),
(543, 'e270c669-a2f4-4036-a644-737ea7fbcaeb', 3, '', '2022-03-14 12:48:53', '2022-03-14 12:48:53'),
(544, '929571c8-5a82-4c6d-a2cf-2ff90aefc68c', 3, '', '2022-03-14 15:35:09', '2022-03-14 15:35:09'),
(545, 'b1450e7a-add7-4989-b252-52333cd8b7ca', 3, '', '2022-03-14 20:31:57', '2022-03-14 20:31:57'),
(546, 'c851d4df-ebcb-4ba8-94d1-f63975f81bb6', 3, '', '2022-03-15 01:22:02', '2022-03-15 01:22:02'),
(547, '2f7e95c4-58da-4042-a26d-ed65f6e9b635', 3, '', '2022-03-15 02:33:55', '2022-03-15 02:33:55'),
(548, 'd58b763c-d8fb-4461-afb4-63063d2fad29', 3, '', '2022-03-15 07:21:40', '2022-03-15 07:21:40'),
(549, '834b4060-4dde-496b-8ff3-457f769ca0bb', 3, '', '2022-03-15 08:33:41', '2022-03-15 08:33:41'),
(550, '8513ac14-33ee-4912-a1df-67a5bc5aef1a', 3, '', '2022-03-15 08:49:28', '2022-03-15 08:49:28'),
(551, 'f17e7564-7ce3-4d74-b041-59d66e068040', 3, '', '2022-03-15 09:36:52', '2022-03-15 09:36:52'),
(552, 'fe206900-3986-452c-9adc-7db13e47b750', 3, '', '2022-03-16 02:15:21', '2022-03-16 02:15:21'),
(553, '45afc9db-57db-4a39-9209-be50853673c2', 3, '', '2022-03-16 05:27:03', '2022-03-16 05:27:03'),
(554, '289bc7fa-3e6c-45ef-951f-60b8b78f2c40', 3, '', '2022-03-17 19:17:27', '2022-03-17 19:17:27'),
(555, '8abd84bd-c424-4ce0-8169-f09e2a6d90b5', 3, '', '2022-03-17 19:40:23', '2022-03-17 19:40:23'),
(556, '0f229c04-1736-45fd-af49-eab18901e5a1', 3, '', '2022-03-17 19:50:13', '2022-03-17 19:50:13'),
(557, 'f18c4a54-e308-4414-a8d2-6030ae241b8b', 3, '', '2022-03-19 09:57:55', '2022-03-19 09:57:55'),
(558, 'd675e40d-8ff0-4cbe-b9a3-39e715a1be41', 3, '', '2022-03-19 16:22:56', '2022-03-19 16:22:56'),
(559, '54d402bc-b8e9-444f-a9dc-a3d09da6d592', 3, '', '2022-03-20 04:17:36', '2022-03-20 04:17:36'),
(560, '71e6aa6f-3762-4ca6-96ae-873c88555983', 3, '', '2022-03-20 05:50:59', '2022-04-03 14:21:36'),
(561, '4a088679-138d-4816-88da-cf94faab5b2a', 3, '', '2022-03-21 01:33:56', '2022-03-21 01:33:56'),
(562, '52312836-c38d-4b98-90e7-a34879b69f52', 3, '', '2022-03-21 02:38:47', '2022-03-21 02:38:47'),
(563, '56506147-e230-4564-b482-817b33bce1f9', 3, '', '2022-03-22 00:09:36', '2022-03-22 00:09:36'),
(564, '5bcc6a0f-213f-4648-acdf-38fd95d8b341', 3, '', '2022-03-24 19:07:37', '2022-03-24 19:07:37'),
(565, '4bb52a7c-c382-4529-8dca-faef83dd7dcf', 3, '', '2022-03-26 02:19:07', '2022-03-26 02:19:07'),
(566, '23bae337-ff78-40d0-93ab-fc769b66b1ed', 3, '', '2022-03-26 20:38:08', '2022-03-26 20:38:08'),
(567, '304c2a2f-8bb7-4885-af64-a7cdeaf9f649', 3, '', '2022-03-28 09:41:04', '2022-03-28 09:41:04'),
(568, '152a1eeb-7731-4c7c-9b1c-2c5b5d5b9f03', 3, '', '2022-03-28 11:57:57', '2022-03-28 11:57:57'),
(569, '9090b053-554f-4e25-b133-7d0c94862995', 3, '', '2022-03-28 12:13:01', '2022-03-28 12:13:01'),
(570, 'e5ead960-3ddd-4097-af6d-6389d144bdc1', 3, '', '2022-03-28 12:13:11', '2022-03-28 12:13:11'),
(571, 'a9ce76ec-5039-484c-92c4-95810eabf1b6', 3, '', '2022-03-28 19:58:20', '2022-03-28 19:58:20'),
(572, 'bff27192-d634-46ee-b7c4-59422b25fb7e', 3, '', '2022-03-29 16:48:33', '2022-03-29 16:48:33'),
(573, 'f51f556f-c62e-4a64-9c86-6df804288c67', 3, '', '2022-03-29 17:35:48', '2022-03-29 17:35:48'),
(574, '9cd95b64-31f7-4486-9a14-fc7d699427a9', 3, '', '2022-03-29 18:25:07', '2022-03-29 18:25:07'),
(575, '02ed5b56-33c3-40bb-81f0-de2a85f6c277', 3, '', '2022-03-29 18:44:37', '2022-03-29 18:44:37'),
(576, '099b3a22-4374-4a76-b7ee-89f2e856f4a2', 3, '', '2022-03-30 03:57:46', '2022-03-30 03:57:46'),
(577, '02256ae7-8b7d-4a80-a067-c3ac35be7bc2', 3, '', '2022-03-30 10:25:31', '2022-03-30 10:25:31'),
(578, '1df488fd-7016-4621-9bd0-f08e32244264', 3, '', '2022-03-30 19:52:45', '2022-03-30 19:52:45'),
(579, '58eed9d6-056b-42c8-a6c9-90f580cdb36c', 3, '', '2022-03-30 23:54:36', '2022-03-30 23:54:36'),
(580, '8f63a6b6-3736-431d-ba69-0c58a8c1b712', 3, '', '2022-03-31 02:24:15', '2022-03-31 02:24:15'),
(581, '0857f0f1-302f-45b3-884d-4763b553a66b', 3, '', '2022-03-31 15:37:15', '2022-03-31 15:37:15'),
(582, 'bad328b3-45f4-43b7-bfd9-44d4eca06b45', 3, '', '2022-03-31 18:42:58', '2022-03-31 18:42:58'),
(583, '69334330-4975-4781-aac0-862be51d263c', 3, '', '2022-03-31 19:08:15', '2022-03-31 19:08:15'),
(584, '9619d8be-52d4-4a95-a065-2d225c54b90b', 3, '', '2022-03-31 19:21:01', '2022-03-31 19:21:01'),
(585, '1e02b23e-d57e-4c9c-8071-9a9b506a3627', 3, '', '2022-03-31 21:22:50', '2022-03-31 21:22:50'),
(586, '5da2d8c0-bb3e-4c2c-b27d-c080ead036a2', 3, '', '2022-03-31 21:59:53', '2022-03-31 21:59:53'),
(587, '7b212374-b813-4be3-abde-d70a1ce95b9b', 3, '', '2022-03-31 22:00:07', '2022-03-31 22:00:07'),
(588, 'cf4b9997-d75e-436e-8dd4-c39b26a9e640', 3, '', '2022-03-31 22:15:41', '2022-03-31 22:15:41'),
(589, '3583941c-a599-48e5-89cf-330d1db8deee', 3, '', '2022-03-31 22:59:10', '2022-03-31 22:59:10'),
(590, '774cb744-9c13-4007-83c6-374e2f366be5', 3, '', '2022-04-01 00:10:23', '2022-04-01 00:10:23'),
(591, '4b90b29c-4522-4164-8a6b-824ccf1dab5a', 3, '', '2022-04-01 02:17:08', '2022-04-01 02:17:08'),
(592, 'c4fbc0e1-c5a6-4d9a-9315-c492d3f9e6d5', 3, '', '2022-04-01 02:34:50', '2022-04-01 02:34:50'),
(593, 'bae12827-83b0-4fba-9f48-7aa91e8ea38f', 3, '', '2022-04-01 03:38:27', '2022-04-01 03:38:27'),
(594, 'f2445ef6-0b8b-43de-b2a3-17bbaf93d017', 3, '', '2022-04-01 05:22:45', '2022-04-01 05:22:45'),
(595, '6b63222e-ea27-43eb-98f3-95f254f767da', 3, '', '2022-04-01 05:36:34', '2022-04-01 05:36:34'),
(596, '7aa4b178-a0c4-4fb6-ac71-c506c4e57c32', 3, '', '2022-04-01 07:16:07', '2022-04-01 07:16:07'),
(597, '2c3998cc-951f-4cd9-99cd-d00933da47a5', 3, '', '2022-04-01 08:36:41', '2022-04-01 08:36:41'),
(598, 'a395f306-4492-4f7b-8aae-de469d8cb4ad', 3, '', '2022-04-01 09:23:45', '2022-04-01 09:23:45'),
(599, '895ec6f0-bb14-4bbf-980d-0c82a9674823', 3, '', '2022-04-01 10:21:41', '2022-04-01 10:21:41'),
(600, 'aa217e24-f938-4efe-8342-dba154794558', 3, '', '2022-04-01 10:42:53', '2022-04-01 10:42:53'),
(601, 'c555c143-f7c0-4ea7-8aea-4bb3d1bd552c', 3, '', '2022-04-01 11:03:51', '2022-04-01 11:03:51'),
(602, '6eca96e4-9d2c-4f5b-a924-47aa953c1cec', 3, '', '2022-04-01 12:25:14', '2022-04-01 12:25:14'),
(603, '64d10f68-e10b-4600-9499-48ff802ff5bd', 3, '', '2022-04-01 13:07:24', '2022-04-01 13:07:24'),
(604, 'e6e608d0-54f2-48c3-b63a-7ccb04fdbe06', 3, '', '2022-04-01 13:20:13', '2022-04-01 13:20:13'),
(605, 'a059cbf8-2f37-463d-8771-d555e43b6a82', 3, '', '2022-04-01 13:43:14', '2022-04-01 13:43:14'),
(606, '91b35a08-f011-45be-b400-cc4f5bc7a51f', 3, '', '2022-04-01 14:58:05', '2022-04-01 14:58:05'),
(607, '7228bd59-8b62-4c1c-850a-b3b541707bba', 3, '', '2022-04-01 15:34:02', '2022-04-01 15:34:02'),
(608, 'ce5400ee-8692-4152-b6a2-85afae9d9480', 3, '', '2022-04-01 17:04:21', '2022-04-01 17:04:21'),
(609, '951bfbb5-e6c0-4c58-a46f-03470b1382e5', 3, '', '2022-04-01 17:56:41', '2022-04-01 17:56:41'),
(610, '347765ee-49f8-453e-aa00-9d9a5cbaa6d8', 3, '', '2022-04-01 20:29:29', '2022-04-01 20:29:29'),
(611, '4c973498-df8a-4f9b-9986-56e57c888599', 3, '', '2022-04-01 21:23:35', '2022-04-01 21:23:35'),
(612, 'e5e9b2d2-1ea2-484a-927e-d6d1ec0e192d', 3, '', '2022-04-01 23:32:33', '2022-04-01 23:32:33'),
(613, 'fdd8888f-8499-4e50-a45e-f396dd054af2', 3, '', '2022-04-02 00:16:02', '2022-04-02 00:16:02'),
(614, 'af2ce1e5-2b9d-4996-b146-720ef941830f', 3, '', '2022-04-02 00:36:00', '2022-04-02 00:36:00'),
(615, 'bcd1fcd0-015b-41af-9740-6fd8593faff4', 3, '', '2022-04-02 03:39:38', '2022-04-02 03:39:38'),
(616, '11b67600-39be-405a-8274-c50d9c8a2dd6', 3, '', '2022-04-02 03:54:49', '2022-04-02 03:54:49'),
(617, 'dfa7198f-4cdc-41ef-b8c0-721ae91c5f01', 3, '', '2022-04-02 04:14:52', '2022-04-02 04:14:52'),
(618, '44b66241-a97d-42f4-817d-a409c2b206c8', 3, '', '2022-04-02 04:31:00', '2022-04-02 04:31:00'),
(619, '141d5621-274e-4614-a8ba-b2ee6906b663', 3, '', '2022-04-02 08:06:45', '2022-04-02 08:06:45'),
(620, 'ab15e654-b5e0-4c66-9ad0-7ed4979ace4b', 3, '', '2022-04-02 08:37:58', '2022-04-02 08:37:58'),
(621, '4c2963e0-733b-4131-8831-1e7c39288513', 3, '', '2022-04-02 08:59:19', '2022-04-02 08:59:19'),
(622, '4cbe2d0e-f260-4aa7-b457-6e29767b9fb3', 3, '', '2022-04-02 09:18:30', '2022-04-02 09:18:30'),
(623, '5d21b72e-3bdc-4e35-9963-13e92dc5a516', 3, '', '2022-04-02 09:30:16', '2022-04-02 09:30:16'),
(624, '15ad0db8-a50d-487e-bdc5-ce8ae1e8c7d9', 3, '', '2022-04-02 09:41:30', '2022-04-02 09:41:30'),
(625, '37b242a1-dd11-44f1-acdd-6c50b2112d75', 3, '', '2022-04-02 09:57:50', '2022-04-02 09:57:50'),
(626, 'a1281cae-744f-4a7e-84d6-66ffb0c589cc', 3, '', '2022-04-02 10:30:26', '2022-04-02 10:30:26'),
(627, '9d9b13bb-8b8f-47f4-938f-1ceb3a4744b4', 3, '', '2022-04-02 10:45:56', '2022-04-02 10:45:56'),
(628, 'b94610dd-ff7b-43d7-845b-b6fdc67b32b0', 3, '', '2022-04-02 11:05:20', '2022-04-02 11:05:20'),
(629, '6e425de4-5992-417f-a2c9-e3a3bda554af', 3, '', '2022-04-02 11:32:10', '2022-04-02 11:32:10'),
(630, '585ddf86-aa5e-460c-8f35-8e7a62306fbf', 3, '', '2022-04-02 11:32:14', '2022-04-02 11:32:14'),
(631, '1b83371e-62df-4c1c-a105-4404c6daddc6', 3, '', '2022-04-02 11:47:41', '2022-04-02 11:47:41'),
(632, '26c3ef5c-0d7b-4819-ab87-e35b3ae1cf30', 3, '', '2022-04-02 13:02:37', '2022-04-02 13:02:37'),
(633, '90cecb25-c5af-4be0-990b-4a5298b5d513', 3, '', '2022-04-02 14:57:15', '2022-04-02 14:57:15'),
(634, 'f8e8cd1f-ad7f-4c3a-902a-58e54b5ab761', 3, '', '2022-04-02 16:01:00', '2022-04-02 16:01:00'),
(635, '88c5f5d6-e890-4449-9ce6-756823cb61e9', 3, '', '2022-04-02 17:23:12', '2022-04-02 17:23:12'),
(636, '5a3aba25-4e41-4801-b744-c0cbc26c5c2a', 3, '', '2022-04-02 18:12:02', '2022-04-02 18:12:02'),
(637, '9f1bedf5-0593-496b-909f-0fffb9cc08c3', 3, '', '2022-04-02 19:48:16', '2022-04-02 19:48:16'),
(638, 'df22bbb9-2f1c-46cf-86ef-91bb1bd1ffa3', 3, '', '2022-04-02 20:27:29', '2022-04-02 20:27:29'),
(639, 'e6cfbd17-c00e-40e9-a2a3-8185f2bc91e9', 3, '', '2022-04-02 20:41:08', '2022-04-02 20:41:08'),
(640, '75bc4efc-b9f0-42e5-ad8f-2d2f86c6c59c', 3, '', '2022-04-02 20:59:15', '2022-04-02 20:59:15'),
(641, '246e5ba7-937b-446c-ba7e-025f8fda439b', 3, '', '2022-04-02 21:36:29', '2022-04-02 21:36:29'),
(642, '6165ab40-5cef-47b4-83c9-0e935b55fc4b', 3, '', '2022-04-02 22:06:26', '2022-04-02 22:06:26'),
(643, '9d210838-4917-4ffa-b7a1-c129e470cdca', 3, '', '2022-04-02 22:22:49', '2022-04-02 22:22:49'),
(644, '7d3473a0-7708-4399-a0ec-3b7b330ab101', 3, '', '2022-04-02 22:50:12', '2022-04-02 22:50:12'),
(645, '35b1789c-a645-4010-b5b0-982084cf7ac9', 3, '', '2022-04-03 00:37:23', '2022-04-03 00:37:23'),
(646, '76c425b7-41b7-4fcb-b60d-b6dfe33780c4', 3, '', '2022-04-03 01:28:51', '2022-04-03 01:28:51'),
(647, 'ef203861-a079-4061-860f-1dd3473c0e88', 3, '', '2022-04-03 03:25:13', '2022-04-03 03:25:13'),
(648, '4438d99f-ea6f-437b-bafa-909ad50456f0', 3, '', '2022-04-03 04:25:51', '2022-04-03 04:25:51'),
(649, 'aed3f152-8418-444b-a543-a60ad348103d', 3, '', '2022-04-03 05:53:57', '2022-04-03 05:53:57'),
(650, '0da76c10-2c02-4d01-b555-34ef02e8b34f', 3, '', '2022-04-03 06:06:07', '2022-04-03 06:06:07'),
(651, '37876048-6394-4a63-a874-9068cc3b535a', 3, '', '2022-04-03 07:31:54', '2022-04-03 07:31:54'),
(652, 'fc206a2f-6763-4c55-84b9-585d34a14669', 3, '', '2022-04-03 08:47:44', '2022-04-03 08:47:44'),
(653, 'db8a41b8-6f1b-441c-b474-bf40477506b3', 3, '', '2022-04-03 10:11:49', '2022-04-03 10:11:49'),
(654, 'c4793617-9728-4cfd-96ce-beb922e3e6e1', 3, '', '2022-04-03 14:16:14', '2022-04-03 14:16:14'),
(655, '608a05e3-97fc-4e0a-875c-e33a5929209a', 3, '', '2022-04-03 14:16:25', '2022-04-03 14:16:25'),
(656, '5245d056-2c87-4086-9283-7315a74cae9b', 3, '', '2022-04-03 14:17:40', '2022-04-03 14:17:40'),
(657, '42010aeb-aa30-4f50-a7f2-5c007ba7d002', 3, '', '2022-04-03 14:21:03', '2022-04-03 14:21:03'),
(658, '5d7ef3af-b314-4a7f-8b93-0c7a680b5687', 19, '', '2022-04-03 14:21:58', '2022-04-03 14:22:11'),
(659, '973d77a6-8df2-4717-b9f9-4c5feed82020', 3, '', '2022-04-03 16:07:21', '2022-04-03 16:07:21'),
(660, 'a9d7905d-b236-4892-8177-e4d2f4bbbeef', 3, '', '2022-04-03 16:54:29', '2022-04-03 16:54:29'),
(661, '79fe97a8-fe15-4d4d-9e7c-48326ae53839', 3, '', '2022-04-03 19:39:20', '2022-04-03 19:39:20'),
(662, 'c17de22c-e58d-470b-a89b-f1d9f295f025', 3, '', '2022-04-03 20:44:09', '2022-04-03 20:44:09'),
(663, '0fed337c-ebbd-43eb-bff9-08978dafa374', 3, '', '2022-04-03 21:10:39', '2022-04-03 21:10:39'),
(664, '82e9a1de-b372-437c-b3a7-a94e154e893b', 3, '', '2022-04-03 22:26:32', '2022-04-03 22:26:32'),
(665, '646ac346-34e9-4931-9ea9-5a7325aae4e2', 3, '', '2022-04-04 00:29:19', '2022-04-04 00:29:19'),
(666, 'b362f8a7-d338-4e0c-963f-8848092fbd3c', 3, '', '2022-04-04 06:14:06', '2022-04-04 06:14:06'),
(667, '5f3b6ac9-6e66-425d-ad10-d7391b77e15b', 3, '', '2022-04-04 07:14:20', '2022-04-04 07:14:20'),
(668, '38eadc39-c958-4194-b3f1-b175c4a9693b', 3, '', '2022-04-04 09:49:18', '2022-04-04 09:49:18'),
(669, '98bad4f8-123d-447c-a303-faa47cfec336', 3, '', '2022-04-04 16:16:43', '2022-04-04 16:16:43'),
(670, '37209bc0-0a70-4cea-a52d-fb8b8a7f6620', 3, '', '2022-04-05 00:06:58', '2022-04-05 00:06:58'),
(671, '0c06c8f6-22da-445d-ab52-705786d53695', 3, '', '2022-04-05 18:16:54', '2022-04-05 18:16:54'),
(672, 'b9e866dd-d6d1-4f9d-8f98-d96dd01c79e1', 3, '', '2022-04-06 11:59:49', '2022-04-06 11:59:49'),
(673, 'd079ff49-cc5c-4dc6-980c-e8408aacfcda', 3, '', '2022-04-06 18:44:49', '2022-04-06 18:44:49'),
(674, '9d19926c-159b-4452-b84f-05e96e9f1c1d', 3, '', '2022-04-07 04:02:48', '2022-04-07 04:02:48'),
(675, '1716749d-34f6-4647-9cec-36dbbf5ed70f', 3, '', '2022-04-07 09:09:27', '2022-04-07 09:09:27'),
(676, '0aa130bb-4545-47be-bd0b-69dcecda3882', 3, '', '2022-04-07 14:33:17', '2022-04-07 14:33:17'),
(677, 'bafb5e66-e10f-4b5f-9d36-e52fbd355162', 3, '', '2022-04-07 14:35:43', '2022-04-07 14:35:43'),
(678, 'd33f6cd8-0102-4730-8fb0-f1cf0e722d96', 3, '', '2022-04-08 03:10:40', '2022-04-08 03:10:40'),
(679, '5997d3ba-2a7b-4262-8d26-b4408fa3e155', 3, '', '2022-04-08 03:59:22', '2022-04-08 03:59:22'),
(680, '9e4e9871-992d-4f9e-b4cb-bab8ad1be821', 3, '', '2022-04-08 04:07:46', '2022-04-08 04:07:46'),
(681, '54c0fd17-ed66-418c-aa96-450cf1a6096e', 3, '', '2022-04-08 16:33:02', '2022-04-08 16:33:02'),
(682, '5430bd5c-21ae-4d27-b003-bd13082b7ef9', 3, '', '2022-04-09 10:12:36', '2022-04-09 10:12:36'),
(683, '2dd13082-679f-4ee0-8ee2-502a2565f9f0', 3, '', '2022-04-09 10:13:11', '2022-04-09 10:13:11'),
(684, 'b75f660d-396a-4d83-856b-7f1ca34e11b1', 3, '', '2022-04-09 23:46:51', '2022-04-09 23:46:51'),
(685, 'c0bd5976-08af-46f6-9773-9e3f6bcaceb6', 19, '', '2022-04-10 16:18:16', '2022-04-10 17:00:11'),
(686, '547c97b8-fc79-426c-aeed-077da03d469b', 3, '', '2022-04-11 11:12:57', '2022-04-11 11:12:57'),
(687, 'bae1b7b3-ee7f-4f24-8821-2fabedc1387c', 3, '', '2022-04-12 04:32:46', '2022-04-12 04:32:46'),
(688, '3fdddb6c-19f9-4226-8efa-d54beac35f4a', 3, '', '2022-04-15 22:53:20', '2022-04-15 22:53:20'),
(689, '5c3f1eb3-49ad-4bf5-ab3d-522324aa7802', 3, '', '2022-04-16 00:26:16', '2022-04-16 00:26:16'),
(690, '07f50939-fb3a-48d3-bcc1-803d89f86fe6', 3, '', '2022-04-16 00:26:32', '2022-04-16 00:26:32'),
(691, 'd1bf53fd-1a42-45ad-bbde-e169f9885c0e', 3, '', '2022-04-16 00:39:27', '2022-04-16 00:39:27'),
(692, 'd0de3b2b-c9c5-4bf1-9917-fad8790907b2', 3, '', '2022-04-16 00:40:10', '2022-04-16 00:40:10'),
(693, 'd4ff2ed3-dfd9-4053-b461-1339ee5bb1a9', 3, '', '2022-04-16 00:40:19', '2022-04-16 00:40:19'),
(694, '10e013c5-df5f-4ba6-9db1-b58c058dbe81', 3, '', '2022-04-16 00:41:01', '2022-04-16 00:41:01'),
(695, '92ea7e5c-179d-4a99-9911-20b7cd97825a', 3, '', '2022-04-16 00:44:20', '2022-04-16 00:44:20'),
(696, '475bc279-1d83-4ff2-bb1f-3d0e1614e8aa', 3, '', '2022-04-16 16:29:47', '2022-04-16 16:29:47'),
(697, '5bf8e333-ed5c-409c-a853-f83fd366cc24', 3, '', '2022-04-18 17:36:04', '2022-04-18 17:36:04'),
(698, 'b5c89e0d-4026-4680-aa7e-ccddfd5d3be5', 3, '', '2022-04-19 00:52:05', '2022-04-19 00:52:05'),
(699, 'e4835e90-908f-4741-b085-41145b8e3b8d', 3, '', '2022-04-19 02:24:29', '2022-04-19 02:24:29'),
(700, 'ee81ca41-5793-4ad9-993f-baf0990c1a4c', 3, '', '2022-04-19 11:09:05', '2022-04-19 11:09:05'),
(701, '3e694b80-7695-4da1-901d-55ff4646a780', 3, '', '2022-04-24 00:41:47', '2022-04-24 00:41:47'),
(702, '58a4ca5a-348b-48d3-8951-6c32bb93051a', 3, '', '2022-04-26 05:35:55', '2022-04-26 05:35:55'),
(703, '2eeb2b39-6253-4ddb-af6b-3884f70932c9', 3, '', '2022-04-28 05:15:33', '2022-04-28 05:15:33'),
(704, 'cd4bfd40-9773-45ac-958f-4a69bdc35565', 3, '', '2022-04-29 06:51:45', '2022-04-29 06:51:45'),
(705, 'c7fe07ff-b4e3-482f-914c-6bd70df63afe', 3, '', '2022-04-30 01:11:12', '2022-04-30 01:11:12'),
(706, 'e6c14630-1a87-43f5-8b0a-37762d95de8b', 3, '', '2022-05-01 11:24:29', '2022-05-01 11:24:29'),
(707, 'dde45a96-403b-4b92-85c4-c0eabc8717c0', 3, '', '2022-05-02 03:19:34', '2022-05-02 03:19:34'),
(708, 'feeb765d-a039-4363-94f3-35c34a4e38ab', 3, '', '2022-05-02 15:16:11', '2022-05-02 15:16:11'),
(709, 'ea5c0e25-22b2-49b2-a599-5932c39cde3b', 3, '', '2022-05-03 15:23:28', '2022-05-03 15:23:28'),
(710, 'cdb8309d-8793-4fcc-b5b3-3a094048eeb9', 3, '', '2022-05-03 21:22:29', '2022-05-03 21:22:29'),
(711, 'fe287253-ea2b-4b39-8ea1-8aee385e99ad', 3, '', '2022-05-05 12:59:21', '2022-05-05 12:59:21'),
(712, 'e7e0991a-c4d0-431c-9145-c7e74aa51771', 3, '', '2022-05-06 05:26:05', '2022-05-06 05:26:05'),
(713, 'c0006d2c-e84d-482f-baec-2645e5b13720', 3, '', '2022-05-06 06:46:30', '2022-05-06 06:46:30'),
(714, '6f20cd66-1827-4eda-968a-bf4d1dbb2364', 3, '', '2022-05-07 23:55:09', '2022-05-07 23:55:09'),
(715, '77aba712-ed28-4d66-b02a-07561149622a', 3, '', '2022-05-08 12:20:39', '2022-05-08 12:20:39'),
(716, '89989f92-27f6-40c1-8425-d226d2b6dc28', 3, '', '2022-05-10 06:14:56', '2022-05-10 06:14:56'),
(717, '462c86dd-a597-4fc8-801d-0637ec4a279a', 3, '', '2022-05-10 10:47:32', '2022-05-10 10:47:32'),
(718, 'd36143b8-dd6c-4ae6-90f3-d0388babf9a6', 3, '', '2022-05-10 22:46:34', '2022-05-10 22:46:34'),
(719, 'ca9e4055-e038-4591-b028-c28b346083e3', 3, '', '2022-05-10 23:34:56', '2022-05-10 23:34:56'),
(720, 'd33c11b6-ead8-49a9-b949-599237fa557b', 3, '', '2022-05-11 19:12:52', '2022-05-11 19:12:52'),
(721, 'c22be81b-2002-4e72-aef3-4a33dba4a1c2', 3, '', '2022-05-11 19:13:04', '2022-05-11 19:13:04'),
(722, 'e6e5f3a7-ca16-4812-9527-3490d66a7484', 3, '', '2022-05-13 05:43:32', '2022-05-13 05:43:32'),
(723, 'ddb2c8ab-b018-4c51-88c3-ff577c2901a6', 3, '', '2022-05-16 10:39:21', '2022-05-16 10:39:21'),
(724, '7c65604a-b9ee-45fe-8399-0e3b0ea5cb7a', 3, '', '2022-05-16 16:02:27', '2022-05-16 16:02:27'),
(725, '4512da3f-9bc8-4777-8c8f-a44fc72c7c78', 3, '', '2022-05-18 18:51:02', '2022-05-18 18:51:02'),
(726, '44d92817-e2ca-44ab-93f2-ed7765064dae', 3, '', '2022-05-19 00:15:44', '2022-05-19 00:15:44'),
(727, '331677d9-bf48-427b-b6a7-b68d917e8a80', 3, '', '2022-05-19 22:10:49', '2022-05-19 22:10:49'),
(728, 'e3446f97-266e-49a4-b691-c9f4cd9bca75', 3, '', '2022-05-20 07:14:39', '2022-05-20 07:14:39'),
(729, '5d25243e-f1be-4741-bad8-bef2fa243877', 3, '', '2022-05-20 09:33:04', '2022-05-20 09:33:04'),
(730, '934d402c-22dc-47e6-8e27-b883ec19c4c1', 3, '', '2022-05-21 18:40:39', '2022-05-21 18:40:39'),
(731, 'a9815a6d-f1e8-44a3-bb14-c02ad224f76a', 3, '', '2022-05-21 18:40:42', '2022-05-21 18:40:42'),
(732, 'd63ac37a-171e-4eb0-8757-f4c0c42e4ba8', 3, '', '2022-05-21 20:03:37', '2022-05-21 20:03:37'),
(733, '0022c391-2871-404a-bea8-33fe3be78c47', 3, '', '2022-05-22 04:33:47', '2022-05-22 04:33:47'),
(734, '8d215ec8-9a7e-49bf-b159-c3012209413f', 3, '', '2022-05-22 04:34:04', '2022-05-22 04:34:04'),
(735, '610a486b-ba0c-4ac0-8e98-613feb32fa5f', 3, '', '2022-05-22 13:59:51', '2022-05-22 13:59:51'),
(736, 'e30be3eb-3c17-4700-978e-3597bb9bf85c', 3, '', '2022-05-23 09:38:51', '2022-05-23 09:38:51'),
(737, '4388d08e-051b-4a52-b0a1-9f9c89ebbd86', 3, '', '2022-05-23 10:22:02', '2022-05-23 10:22:02'),
(738, 'e178bd40-abb0-425e-809d-ba79126cedfc', 3, '', '2022-05-24 09:54:59', '2022-05-24 09:54:59'),
(739, '7db6724c-3dbf-4fa8-bfd5-c5182eb4e8ab', 3, '', '2022-05-25 14:03:27', '2022-05-25 14:03:27'),
(740, '396ffa24-a8b2-4df7-a896-e6cf1cdb4557', 3, '', '2022-05-25 14:03:33', '2022-05-25 14:03:33'),
(741, '1ab9004b-c210-47f8-aaec-eb6954b08df9', 3, '', '2022-05-27 07:12:29', '2022-05-27 07:12:29'),
(742, '1e4fa037-7ebe-42fd-b4ba-812b048b2520', 3, '', '2022-05-27 07:12:36', '2022-05-27 07:12:36'),
(743, 'ccb365b3-0f7f-4104-9bbe-127144149bbd', 3, '', '2022-05-27 07:25:42', '2022-05-27 07:25:42'),
(744, 'ccd3b7e1-6a56-4995-8330-49cd1d344ed9', 3, '', '2022-05-27 07:28:42', '2022-05-27 07:28:42'),
(745, '47e3995d-9949-43df-9df6-be6c113cf64b', 3, '', '2022-05-27 12:00:51', '2022-05-27 12:00:51'),
(746, '55f2e3e9-b2eb-42ee-84d4-6922e14c5b94', 3, '', '2022-05-30 17:51:44', '2022-05-30 17:51:44'),
(747, '8e63a3dd-cacf-40ed-a011-30f5f363da97', 3, '', '2022-05-30 20:15:49', '2022-05-30 20:15:49'),
(748, '62dc68eb-e748-4ca1-8275-d75083cead54', 3, '', '2022-05-30 22:36:14', '2022-05-30 22:36:14'),
(749, '452d9e12-bda8-4d5b-b2a1-ec86e904157b', 3, '', '2022-06-02 02:37:13', '2022-06-02 02:37:13'),
(750, 'c8b941b8-249b-40b6-9276-e89ea57d99eb', 3, '', '2022-06-02 19:17:32', '2022-06-02 19:17:32'),
(751, '84a028a4-25b6-4268-80d8-453d939af9fd', 3, '', '2022-06-04 18:16:10', '2022-06-04 18:16:10'),
(752, '51f1e029-fd45-46a2-b296-643d2abf139a', 3, '', '2022-06-04 19:11:25', '2022-06-04 19:11:25'),
(753, '21fbcd4d-19c7-46fe-aede-c191f6105e32', 3, '', '2022-06-04 22:05:35', '2022-06-04 22:05:35'),
(754, '5cec1d17-da7d-4376-bb91-c709a6c55ca5', 3, '', '2022-06-04 22:20:57', '2022-06-04 22:20:57'),
(755, 'ee5ff6fe-8850-4b64-b45b-5aea77ab5629', 3, '', '2022-06-05 03:38:33', '2022-06-05 03:38:33'),
(756, '2b879644-36d9-4417-99a8-7671610662eb', 3, '', '2022-06-06 06:27:15', '2022-06-06 06:27:15'),
(757, 'ef76ebee-a6d6-44ff-b014-af58cff1c4ed', 3, '', '2022-06-06 19:08:08', '2022-06-06 19:08:08'),
(758, '69801a59-88d5-4782-a467-3fd9082048d9', 3, '', '2022-06-06 22:20:42', '2022-06-06 22:20:42'),
(759, 'fb193b73-e5e8-4d6e-bf53-13418e71992b', 3, '', '2022-06-08 18:27:21', '2022-06-08 18:27:21'),
(760, '966c6c4f-1ea8-4c83-9cc7-504dbae751d2', 3, '', '2022-06-09 04:34:48', '2022-06-09 04:34:48'),
(761, 'c4689e76-eb27-4ee2-842f-83bbd715bb32', 3, '', '2022-06-10 12:00:52', '2022-06-10 12:00:52'),
(762, 'd268a9f5-c0f6-4b40-8a6b-c81b66e18244', 3, '', '2022-06-10 18:59:57', '2022-06-10 18:59:57'),
(763, 'cc29b0bf-67ef-4b68-a331-75600c1193de', 3, '', '2022-06-10 19:22:19', '2022-06-10 19:22:19'),
(764, '8529a93b-dc8b-43c0-ae05-861196d35fe9', 3, '', '2022-06-10 19:44:54', '2022-06-10 19:44:54'),
(765, '79a8b620-3bfd-490e-9359-0f4c2f0edf44', 3, '', '2022-06-11 07:02:18', '2022-06-11 07:02:18'),
(766, '5256041b-cd4c-4c88-89d9-55892e74bcdc', 3, '', '2022-06-11 07:02:38', '2022-06-11 07:02:38'),
(767, '943aa5ca-fd71-4b17-adb8-d291afbd5f2e', 3, '', '2022-06-12 17:58:42', '2022-06-12 17:58:42'),
(768, '60d46437-579d-42a5-bee3-281aef6256cd', 19, '', '2022-06-12 17:58:55', '2022-06-12 17:59:03'),
(769, '6130090c-0448-4ca0-bd2a-9fccbd3f64e2', 3, '', '2022-06-13 00:24:21', '2022-06-13 00:24:21'),
(770, '055cee23-85eb-47bb-98a8-7a1dcc4b13c0', 3, '', '2022-06-13 13:10:06', '2022-06-13 13:10:06'),
(771, 'f00ec2ca-8d64-4722-8d6d-33b1780fbe05', 3, '', '2022-06-14 14:26:35', '2022-06-14 14:26:35'),
(772, '975ea135-04f1-4443-a0f5-e5f8595b8f4c', 3, '', '2022-06-14 14:55:39', '2022-06-14 14:55:39'),
(773, '64c5a173-3c1d-4443-82c3-dee89a32fda7', 3, '', '2022-06-16 19:22:33', '2022-06-16 19:22:33'),
(774, '4379b8dc-1d56-49d2-afe0-091da4be130a', 3, '', '2022-06-17 17:40:51', '2022-06-17 17:40:51'),
(775, '489b3b8a-d0f8-4171-b66e-c53592b756fb', 3, '', '2022-06-17 20:47:06', '2022-06-17 20:47:06'),
(776, 'b3e7c6cc-b176-472c-8153-6c294a10cf2a', 3, '', '2022-06-18 10:25:32', '2022-06-18 10:25:32'),
(777, '266edcc2-f19e-4d72-ab20-7d23774756fb', 3, '', '2022-06-19 20:08:01', '2022-06-19 20:08:01'),
(778, '384cde8c-5371-4e52-bbc2-25ff560b0d11', 3, '', '2022-06-20 13:30:44', '2022-06-20 13:30:44');
INSERT INTO `sessions` (`id`, `token`, `user_id`, `user_agent`, `datetime_create`, `datetime_update`) VALUES
(779, '795fbebc-7a6b-43fc-b335-9ae3bf5cf916', 3, '', '2022-06-20 13:31:17', '2022-06-20 13:31:17'),
(780, 'cf9f4121-8f01-48b6-b9a8-adf43bde6a00', 3, '', '2022-06-22 19:56:44', '2022-06-22 19:56:44'),
(781, 'b3075a84-3fc6-42b4-a6a6-e2dd0e663c79', 3, '', '2022-06-23 17:55:42', '2022-06-23 17:55:42'),
(782, 'c0b29713-7290-430b-85e6-3b6112912e68', 3, '', '2022-06-24 06:36:28', '2022-06-24 06:36:28'),
(783, '584d88b4-170c-4bba-89fe-e7e17761ceda', 3, '', '2022-06-24 07:07:32', '2022-06-24 07:07:32'),
(784, '186b447f-e69a-4ac3-a72d-b1818b616491', 3, '', '2022-06-25 06:54:05', '2022-06-25 06:54:05'),
(785, 'ce75c8de-9f86-421d-9a83-13c40977781a', 3, '', '2022-06-25 19:24:21', '2022-06-25 19:24:21'),
(786, '2b99f35b-5f4b-4c45-acab-afb726ceecda', 3, '', '2022-06-25 19:28:59', '2022-06-25 19:28:59'),
(787, '254e6056-a64f-42e6-a569-2598b03fd096', 3, '', '2022-06-26 01:12:27', '2022-06-26 01:12:27'),
(788, 'dc15a25d-77d5-430d-9177-5d4730f38df4', 3, '', '2022-06-27 18:14:33', '2022-06-27 18:14:33'),
(789, '0bdf8a59-a7b5-43e1-8450-648b5aaa23d2', 3, '', '2022-06-27 22:01:23', '2022-06-27 22:01:23'),
(790, 'a34c95ad-6d27-49bd-abb1-b15ed8de7214', 3, '', '2022-06-28 09:37:29', '2022-06-28 09:37:29'),
(791, '103f6ed6-dc5b-4de6-8667-746e8483c83f', 1, '', '2022-06-28 18:22:01', '2022-06-28 18:44:02'),
(792, 'da4c96df-deef-4317-9a17-783905bd9b38', 1, '', '2022-06-28 19:43:24', '2022-06-28 19:43:28'),
(793, '51998c64-d124-4ee9-8ff8-0e188032431e', 1, '', '2022-06-29 08:55:06', '2022-07-02 10:47:09'),
(794, '58851f72-48f1-4768-9493-cc9c4ed6e907', 3, '', '2022-06-29 15:35:08', '2022-06-29 15:35:08'),
(795, 'b316bb85-b1a9-4356-9343-880cf68b44f4', 3, '', '2022-06-30 20:09:11', '2022-06-30 20:09:11'),
(796, '479776f6-2d66-42e9-b425-2fc10356deb5', 3, '', '2022-06-30 21:25:10', '2022-06-30 21:25:10'),
(797, '13ad50de-3a07-4cff-ab51-347f53181f4a', 3, '', '2022-07-01 04:12:20', '2022-07-01 04:12:20'),
(798, '66573984-3a5a-4d15-a322-cb0f084c9f2a', 3, '', '2022-07-02 14:58:39', '2022-07-02 14:58:39'),
(799, 'b6378420-c6cf-422c-b98d-e1cd52059a85', 3, '', '2022-07-02 16:22:41', '2022-07-02 16:22:41'),
(800, 'd897f6bf-27ad-46f9-ae0d-d4b900ddf4ee', 3, '', '2022-07-03 05:39:08', '2022-07-03 05:39:08'),
(801, '95cbfef4-0a3a-41d4-8e84-51d490515c0a', 3, '', '2022-07-03 07:17:51', '2022-07-03 07:17:51'),
(802, 'e3465a41-42f6-4407-9cd8-80a7573d8065', 3, '', '2022-07-04 15:16:24', '2022-07-04 15:16:24'),
(803, 'af64b165-0bda-46d0-8c5a-d72ab6479ab0', 3, '', '2022-07-05 05:02:35', '2022-07-05 05:02:35'),
(804, '7e0ceaf0-6fd5-4131-bee6-8fd015189aaa', 3, '', '2022-07-05 14:09:52', '2022-07-05 14:09:52'),
(805, '9318e6e1-62d5-4839-bb7c-81ab51d557be', 3, '', '2022-07-05 23:08:33', '2022-07-05 23:08:33'),
(806, '03e0797e-f46b-462f-9a0b-3d86532bb96d', 3, '', '2022-07-06 17:02:07', '2022-07-06 17:02:07'),
(807, '15130c5d-8ddc-4f7d-8fee-cb4c4279512e', 3, '', '2022-07-06 22:38:59', '2022-07-06 22:38:59'),
(808, '32f27cfe-a95d-4ef1-8751-4a87089a5c39', 3, '', '2022-07-08 01:30:11', '2022-07-08 01:30:11'),
(809, '25af4306-11e4-470d-8644-1e56e6e71051', 3, '', '2022-07-08 12:23:52', '2022-07-08 12:23:52'),
(810, '955a034d-efde-443e-9130-9066af2ec411', 3, '', '2022-07-09 00:06:41', '2022-07-09 00:06:41'),
(811, 'c396b9a6-09dc-4428-9075-08cf34538eb4', 3, '', '2022-07-09 09:01:19', '2022-07-09 09:01:19'),
(812, '5a0ce2fa-3033-45d1-8f0b-4c79f6333c4a', 3, '', '2022-07-09 09:56:18', '2022-07-09 09:56:18'),
(813, '01e0104b-788b-4ae4-b908-e91323ae5ff8', 3, '', '2022-07-09 10:31:11', '2022-07-09 10:31:11'),
(814, 'e5b25786-d16c-405d-8899-89a8cc47968a', 3, '', '2022-07-09 10:42:47', '2022-07-09 10:42:47'),
(815, '13b39044-c5ac-4c79-ba4c-87ef371797c5', 3, '', '2022-07-09 12:00:22', '2022-07-09 12:00:22'),
(816, 'eb3500e6-36bb-4ba3-89df-6487c3f6de75', 3, '', '2022-07-09 15:33:50', '2022-07-09 15:33:50'),
(817, 'b4fd1a8c-a4af-4a0c-bd80-7bc8fe407bb9', 3, '', '2022-07-09 20:17:47', '2022-07-09 20:17:47'),
(818, 'db5d7fd1-0e8e-45ad-b89c-2d85be77da46', 3, '', '2022-07-09 21:04:02', '2022-07-09 21:04:02'),
(819, '2b9d2152-9b9d-4fe0-bdd1-f7cd45309e64', 3, '', '2022-07-09 23:53:25', '2022-07-09 23:53:25'),
(820, '3fc79b81-3b19-43a7-8763-e27b6936c133', 3, '', '2022-07-10 04:55:02', '2022-07-10 04:55:02'),
(821, '8c2244d8-962c-4a0a-ab68-07d8181d2e9a', 3, '', '2022-07-10 19:03:44', '2022-07-10 19:03:44'),
(822, '832f18a3-094b-4f8d-a260-0b17b5a0eae5', 3, '', '2022-07-11 20:09:19', '2022-07-11 20:09:19'),
(823, '08182b4a-a2b7-4449-83d0-12c3ef84823e', 3, '', '2022-07-11 20:09:32', '2022-07-11 20:09:32'),
(824, '7ad531d7-1a15-4444-adeb-913baeb34755', 3, '', '2022-07-12 18:20:58', '2022-07-12 18:20:58'),
(825, '67883b2c-94d2-4f40-ab2c-566edf46e006', 3, '', '2022-07-12 18:45:09', '2022-07-12 18:45:09'),
(826, 'b4d774d5-9fb6-4a5e-988c-e13ca0aa330a', 3, '', '2022-07-13 02:34:14', '2022-07-13 02:34:14'),
(827, '9b69d574-a097-4026-ab5c-692a2e2671d0', 3, '', '2022-07-14 14:47:56', '2022-07-14 14:47:56'),
(828, 'ff348e61-ce56-45a2-a78a-7bc878e8cf3b', 3, '', '2022-07-14 20:48:47', '2022-07-14 20:48:47'),
(829, '059b7e3b-ce44-46b2-8872-417adda8302a', 3, '', '2022-07-15 10:21:16', '2022-07-15 10:21:16'),
(830, '41b168cf-9645-4599-ac06-35c5fb795e2b', 3, '', '2022-07-15 15:23:11', '2022-07-15 15:23:11'),
(831, '8de497ac-78bc-4593-bbab-f52fb3fa1809', 3, '', '2022-07-15 16:18:11', '2022-07-15 16:18:11'),
(832, '880905df-b584-430c-8543-7b82c4fb972a', 3, '', '2022-07-16 01:03:09', '2022-07-16 01:03:09'),
(833, '8d014d11-c050-42fb-bafc-92546853593b', 3, '', '2022-07-16 19:55:16', '2022-07-16 19:55:16'),
(834, '744f8f67-4510-45d4-a78d-d7fab1785001', 3, '', '2022-07-17 09:07:55', '2022-07-17 09:07:55'),
(835, 'bd779628-be56-4405-a8d4-a55a929d4409', 3, '', '2022-07-18 01:51:26', '2022-07-18 01:51:26'),
(836, 'b73300b5-d871-42fe-bb79-4156447e640c', 3, '', '2022-07-18 17:09:11', '2022-07-18 17:09:11'),
(837, 'effbfbec-751b-46ef-9ef2-f0527533293e', 3, '', '2022-07-19 02:17:17', '2022-07-19 02:17:17'),
(838, '54a11638-1a69-463c-9fc5-20c2033a1bea', 3, '', '2022-07-20 17:33:58', '2022-07-20 17:33:58'),
(839, 'bba084f4-71f0-420d-8991-56de4bffd119', 3, '', '2022-07-21 06:39:10', '2022-07-21 06:39:10'),
(840, '481cb1aa-b04b-42c2-8428-6eef1eb4693f', 3, '', '2022-07-21 10:29:29', '2022-07-21 10:29:29'),
(841, 'e0a01e63-6e56-4811-9e2e-5d5908e2a30b', 3, '', '2022-07-22 21:32:12', '2022-07-22 21:32:12'),
(842, 'f584f98b-cbd6-4a82-b318-2ca182e5fe90', 3, '', '2022-07-22 21:42:23', '2022-07-22 21:42:23'),
(843, '6457a684-39fc-46e7-9488-7a8aeaa318cf', 3, '', '2022-07-22 21:57:52', '2022-07-22 21:57:52'),
(844, 'c19f1f72-2548-4ec8-b956-3b0611383ba6', 3, '', '2022-07-24 02:23:49', '2022-07-24 02:23:49'),
(845, '26b9e622-dc75-48c5-a0b3-212a0879c8b2', 3, '', '2022-07-24 08:07:30', '2022-07-24 08:07:30'),
(846, 'fabbca9f-a501-489a-aa19-35f81f2a878c', 3, '', '2022-07-25 19:12:23', '2022-07-25 19:12:23'),
(847, 'c3b7b60f-c3de-4cd9-a797-1a3135944ee5', 3, '', '2022-07-26 17:35:27', '2022-07-26 17:35:27'),
(848, '5785e4a1-faea-4261-af62-ed69073f9510', 3, '', '2022-07-26 17:35:47', '2022-07-26 17:35:47'),
(849, 'e9eb0a58-c514-48f7-bd2b-011db5566010', 3, '', '2022-07-27 17:11:36', '2022-07-27 17:11:36'),
(850, 'daf3ba44-1681-444b-ba6c-caa851613956', 3, '', '2022-07-28 03:11:11', '2022-07-28 03:11:11'),
(851, '6975c533-a234-4df6-a092-eec2a4d12260', 3, '', '2022-07-29 11:07:38', '2022-07-29 11:07:38'),
(852, '787152f9-c91f-4c2b-823d-29e0f2041b10', 3, '', '2022-07-29 15:01:35', '2022-07-29 15:01:35'),
(853, '8e5cfa6f-8b16-49c3-b89c-35be1305c751', 3, '', '2022-07-30 07:40:44', '2022-07-30 07:40:44'),
(854, '2cfc0ce8-282f-4e41-8d4e-b76f32a7ca08', 3, '', '2022-07-31 13:46:16', '2022-07-31 13:46:16'),
(855, 'b58d493f-3788-4b2f-b55a-33e9f9da38c2', 3, '', '2022-07-31 13:46:29', '2022-07-31 13:46:29'),
(856, '1ae61e51-fd75-45c5-b431-8027b978f5fc', 3, '', '2022-07-31 16:34:40', '2022-07-31 16:34:40'),
(857, '7ab37509-ab84-464a-836c-d9302bebf2eb', 3, '', '2022-08-01 20:29:48', '2022-08-01 20:29:48'),
(858, '92b9ff1e-1056-4252-a0f5-4acaeb8421e9', 3, '', '2022-08-01 20:29:55', '2022-08-01 20:29:55'),
(859, '1a9feac2-285c-44dd-9acb-fd8c8bb24be1', 3, '', '2022-08-02 18:39:58', '2022-08-02 18:39:58'),
(860, '16b12e6d-8213-49f1-a11a-8b9d38c1a68d', 3, '', '2022-08-03 17:45:23', '2022-08-03 17:45:23'),
(861, 'b87149a2-c36d-4966-984b-cdbe92dd2c10', 3, '', '2022-08-03 23:41:11', '2022-08-03 23:41:11'),
(862, '9f6c9964-53aa-41f1-b9c2-390d6dccd264', 3, '', '2022-08-04 21:49:03', '2022-08-04 21:49:03'),
(863, '1108dd10-c608-4e5b-b961-f4ddf97ebd4d', 3, '', '2022-08-06 15:49:17', '2022-08-06 15:49:17'),
(864, 'b741779b-868f-4a75-ab47-3c9e488db681', 3, '', '2022-08-07 09:50:23', '2022-08-07 09:50:23'),
(865, 'be3e6e6d-9872-4d33-bfab-b82160c9157a', 3, '', '2022-08-08 14:43:43', '2022-08-08 14:43:43'),
(866, 'dc463665-d6c5-48e7-ac43-53fd853c6f3e', 3, '', '2022-08-09 02:31:48', '2022-08-09 02:31:48'),
(867, 'f1bde481-a609-4cd4-bc2b-bf9ca9b78eeb', 3, '', '2022-08-09 23:58:08', '2022-08-09 23:58:08'),
(868, '84768392-fd51-41e3-a6d3-45178d8298ae', 3, '', '2022-08-12 18:40:54', '2022-08-12 18:40:54'),
(869, '42c359c5-4df8-47da-935f-2cc6b8e046c1', 3, '', '2022-08-13 04:35:24', '2022-08-13 04:35:24'),
(870, 'bfb62bd4-7588-42b5-9842-69d8410f56dd', 3, '', '2022-08-13 04:35:45', '2022-08-13 04:35:45'),
(871, '48094efe-cc0e-4d28-84ba-335af86e979f', 3, '', '2022-08-13 07:55:27', '2022-08-13 07:55:27'),
(872, '79aa8fad-f3b6-4e70-a980-20e39374a14a', 19, '', '2022-08-13 08:28:41', '2022-08-13 08:29:35'),
(873, '75a47e7f-bc62-4eaa-adf8-69aa0995b1a2', 3, '', '2022-08-14 08:01:19', '2022-08-14 08:01:19'),
(874, '81aa4390-149a-4ba3-bcb5-8a87d9e04242', 3, '', '2022-08-14 22:22:36', '2022-08-14 22:22:36'),
(875, '0823f8ac-2919-4b8a-b793-877dce406f1f', 3, '', '2022-08-16 11:04:01', '2022-08-16 11:04:01'),
(876, 'e8583288-a7c0-403b-ae4a-b479846754ee', 3, '', '2022-08-16 16:54:14', '2022-08-16 16:54:14'),
(877, '64e37cbe-058a-4047-8320-f6a0c9850126', 3, '', '2022-08-16 20:06:24', '2022-08-16 20:06:24'),
(878, 'ce0c76df-50d3-4915-ab43-482ef883eb9a', 3, '', '2022-08-17 11:53:18', '2022-08-17 11:53:18'),
(879, '07a3b8d6-abdc-4658-83db-bdccc1476ceb', 3, '', '2022-08-17 23:29:15', '2022-08-17 23:29:15'),
(880, 'ea278c94-7b1c-4095-8aae-cf4b3e1921fd', 3, '', '2022-08-18 10:15:06', '2022-08-18 10:15:06'),
(881, '33346080-4024-4edd-85b2-76308dbbefa5', 3, '', '2022-08-19 03:07:42', '2022-08-19 03:07:42'),
(882, 'b3df5937-98c9-4268-a5fa-dc04eaa0a001', 3, '', '2022-08-20 18:09:43', '2022-08-20 18:09:43'),
(883, 'e53720fd-da23-4599-9592-af526e8918d1', 3, '', '2022-08-21 01:47:08', '2022-08-21 01:47:08'),
(884, 'ab1e1475-dc0e-40cf-8daa-53e1a7b52dc0', 3, '', '2022-08-21 13:35:19', '2022-08-21 13:35:19'),
(885, 'b1b83825-5b3f-4283-bf41-8058a7e26d85', 3, '', '2022-08-22 11:44:03', '2022-08-22 11:44:03'),
(886, 'f8377d78-85fb-4b50-9c6e-68ed00a45e96', 3, '', '2022-08-23 04:15:41', '2022-08-23 04:15:41'),
(887, '15b28fce-1772-4f69-8311-8c1af9cc8a74', 3, '', '2022-08-24 02:18:33', '2022-08-24 02:18:33'),
(888, 'df8803b6-317e-4a84-addd-088fc50de72f', 3, '', '2022-08-24 08:28:33', '2022-08-24 08:28:33'),
(889, '4e397877-7f36-4ca1-90b7-488b703099a8', 3, '', '2022-08-25 03:55:39', '2022-08-25 03:55:39'),
(890, 'c2b2535e-3311-4d8c-a5f8-f866b7bc08c8', 3, '', '2022-08-26 18:33:04', '2022-08-26 18:33:04'),
(891, 'fd166a79-3ff8-415f-9b31-b54c6b820b7f', 3, '', '2022-08-27 18:53:41', '2022-08-27 18:53:41'),
(892, 'f042ebf0-60d1-4da6-a336-bce0622d1310', 3, '', '2022-08-28 20:31:28', '2022-08-28 20:31:28'),
(893, '74ba93b1-2770-499d-8b58-422f94e6db98', 3, '', '2022-08-29 15:09:11', '2022-08-29 15:09:11'),
(894, '06e7c686-af25-4374-8f58-92778ec8128c', 3, '', '2022-08-30 18:43:39', '2022-08-30 18:43:39'),
(895, 'd9d62f07-406b-4615-962a-928da522c74b', 3, '', '2022-08-30 18:51:53', '2022-08-30 18:51:53'),
(896, '208ea96c-beea-4c5f-b764-13360107afe8', 3, '', '2022-08-30 19:03:37', '2022-08-30 19:03:37'),
(897, '6a0f23fc-b3fc-41c0-ae30-0f1b6b030882', 3, '', '2022-08-31 04:50:32', '2022-08-31 04:50:32'),
(898, '68d8d65a-045e-4234-9e50-b6548eba0ed3', 3, '', '2022-08-31 18:58:38', '2022-08-31 18:58:38'),
(899, '7bc1dce2-bc2e-4d6f-a29c-1c92df0598da', 3, '', '2022-08-31 18:59:59', '2022-08-31 18:59:59'),
(900, '8961e213-35f5-4e50-9c93-0f83dbe2716d', 3, '', '2022-08-31 19:01:55', '2022-08-31 19:01:55'),
(901, '89e26a77-695b-477f-a56b-09c98e340599', 19, '', '2022-08-31 19:07:14', '2022-09-04 14:42:13'),
(902, '6bf6961e-29be-4587-b91f-96691299616d', 3, '', '2022-09-02 04:12:34', '2022-09-02 04:12:34'),
(903, '7ceb68d4-a8f3-48e8-8d77-15b978e23685', 3, '', '2022-09-02 04:48:12', '2022-09-02 04:48:12'),
(904, '43b4def8-dd81-4d78-9ad3-64a3eb1f54f8', 3, '', '2022-09-02 13:20:21', '2022-09-02 13:20:21'),
(905, 'bc754698-71a1-4c0f-92f2-07d4a1be98d8', 3, '', '2022-09-03 09:32:52', '2022-09-03 09:32:52'),
(906, '4eb6131f-fd1f-4290-b2b4-b60615363ee2', 3, '', '2022-09-03 16:24:17', '2022-09-03 16:24:17'),
(907, '07504f0d-1c1c-44de-a3e5-941e9d66d5eb', 3, '', '2022-09-04 18:49:48', '2022-09-04 18:49:48'),
(908, 'c7532f97-2743-4669-a42b-54de375731d2', 3, '', '2022-09-05 02:24:50', '2022-09-05 02:24:50'),
(909, 'df93d1c3-2a67-49a8-8ca9-3304708d774c', 3, '', '2022-09-06 05:26:21', '2022-09-06 05:26:21'),
(910, 'de2853b3-53a0-48a3-9069-ceebd911e4b6', 3, '', '2022-09-07 02:22:57', '2022-09-07 02:22:57'),
(911, '09d521c8-83c4-4803-8353-ad62203b12f4', 3, '', '2022-09-07 02:45:18', '2022-09-07 02:45:18'),
(912, '27f750ee-1657-49d2-8eee-8d0a50325d75', 3, '', '2022-09-07 14:40:37', '2022-09-07 14:40:37'),
(913, '793d70e4-455f-4d80-a2df-2d3aa89e3209', 3, '', '2022-09-07 19:10:16', '2022-09-07 19:10:16'),
(914, '3ecd9bdb-bd35-497c-86b6-1e5e824e163f', 3, '', '2022-09-07 19:10:16', '2022-09-07 19:10:16'),
(915, 'f3b55119-9b57-4fc2-84f8-27ab4312b76e', 3, '', '2022-09-08 00:20:54', '2022-09-08 00:20:54'),
(916, '7c81a55c-44c7-4abb-983d-f66a8957dc9f', 3, '', '2022-09-08 00:21:11', '2022-09-08 00:21:11'),
(917, '3a7bfdcc-0f97-4a2c-b61a-6affc9ae2e02', 3, '', '2022-09-08 20:01:58', '2022-09-08 20:01:58'),
(918, '6d36d83b-8d7b-417c-8abf-7050e5b7f204', 3, '', '2022-09-08 20:44:55', '2022-09-08 20:44:55'),
(919, 'e76c3fb5-64ed-4177-943d-4142131fa972', 3, '', '2022-09-09 13:14:55', '2022-09-09 13:14:55'),
(920, '53fdfec8-a176-483a-b5a9-969326256db5', 3, '', '2022-09-10 17:36:50', '2022-09-10 17:36:50'),
(921, '82d453ef-faf9-4f30-9457-1923a6bf3f23', 3, '', '2022-09-11 03:17:07', '2022-09-11 03:17:07'),
(922, '6f5fe607-c102-490a-901f-ac90dd21063b', 3, '', '2022-09-11 04:17:39', '2022-09-11 04:17:39'),
(923, '6fb93ef8-50ef-441a-992e-cc89c7da1b69', 3, '', '2022-09-11 04:17:45', '2022-09-11 04:17:45'),
(924, 'd962dcac-bef1-44b0-b1ea-cdcbd0ce45a7', 3, '', '2022-09-11 17:13:12', '2022-09-11 17:13:12'),
(925, 'a12e8148-3a54-4a58-8d86-af29e5b2250d', 3, '', '2022-09-12 04:26:08', '2022-09-12 04:26:08'),
(926, '75196dc0-1efc-447a-bcfb-9a391fd008bc', 3, '', '2022-09-13 21:18:46', '2022-09-13 21:18:46'),
(927, '9f8f28d5-cbc0-4656-aaaf-74e466386c35', 3, '', '2022-09-13 22:40:00', '2022-09-13 22:40:00'),
(928, '08c4fded-7ef4-4b90-9491-6384956d5398', 3, '', '2022-09-14 00:03:31', '2022-09-14 00:03:31'),
(929, 'ca799120-85d3-4587-9a16-fe3e137d676e', 3, '', '2022-09-14 00:03:39', '2022-09-14 00:03:39'),
(930, '8e228493-7f22-445b-ba8f-11549eeb5085', 3, '', '2022-09-14 04:50:24', '2022-09-14 04:50:24'),
(931, 'c8c0dc7e-4a95-4aca-9ced-1a1232486912', 3, '', '2022-09-14 04:53:02', '2022-09-14 04:53:02'),
(932, 'e2abca15-67a5-4070-adc5-0a2d8a75d1b3', 3, '', '2022-09-14 14:48:35', '2022-09-14 14:48:35'),
(933, 'beb32f5f-6d4c-47e5-935b-eab24357b04a', 3, '', '2022-09-16 00:29:44', '2022-09-16 00:29:44'),
(934, '90fc0bd4-0ad7-4a49-a7ba-cf22bef5f81c', 3, '', '2022-09-16 17:15:10', '2022-09-16 17:15:10'),
(935, 'ef2779af-9c68-4b92-84a8-b383ddd4a119', 3, '', '2022-09-17 10:41:14', '2022-09-17 10:41:14'),
(936, '1c32f491-9bf2-4a95-8bfd-ea0cff14e223', 3, '', '2022-09-17 11:49:03', '2022-09-17 11:49:03'),
(937, '15e0b893-636b-4ff9-b41b-7cc8e4da1571', 3, '', '2022-09-17 12:49:27', '2022-09-17 12:49:27'),
(938, 'c95e0934-39e4-4921-adbd-d86f4559abc1', 3, '', '2022-09-17 12:49:58', '2022-09-17 12:49:58'),
(939, '717145fa-f300-48e9-a2e4-fd0069daa597', 3, '', '2022-09-18 16:26:01', '2022-09-18 16:26:01'),
(940, '32cdcef1-5a60-4de2-bdca-b76220fd7e84', 3, '', '2022-09-19 00:17:02', '2022-09-19 00:17:02'),
(941, '915f1d73-8dda-465b-a722-e6e34417cd89', 3, '', '2022-09-19 02:20:09', '2022-09-19 02:20:09'),
(942, '338a2a34-0187-4d37-90b8-86b8cd314f4f', 3, '', '2022-09-19 02:20:25', '2022-09-19 02:20:25'),
(943, '127c67fd-4161-4071-9af1-fef29951ed32', 3, '', '2022-09-20 04:56:12', '2022-09-20 04:56:12'),
(944, '18631e68-03fb-45ed-a052-ae432f332291', 3, '', '2022-09-20 16:14:19', '2022-09-20 16:14:19'),
(945, '4a5b871f-394a-4f43-849a-f878850f4877', 3, '', '2022-09-20 16:14:21', '2022-09-20 16:14:21'),
(946, 'cc3af26e-f4d0-4596-9f0e-03bf4525f415', 3, '', '2022-09-21 09:31:57', '2022-09-21 09:31:57'),
(947, '1d367ec7-8c2e-4c2b-b87e-cf2934d21dc6', 3, '', '2022-09-22 07:31:34', '2022-09-22 07:31:34'),
(948, 'fce40257-abc7-4134-82bc-ff15895212d8', 3, '', '2022-09-22 22:15:13', '2022-09-22 22:15:13'),
(949, '148752c0-56f0-4d25-bb87-5e3a01bc02d3', 3, '', '2022-09-23 01:31:47', '2022-09-23 01:31:47'),
(950, 'c10ed023-1ed1-4168-bb69-5067eb950829', 3, '', '2022-09-23 18:53:17', '2022-09-23 18:53:17'),
(951, '78a9105a-d8c5-4236-bbf7-c94f810475ba', 3, '', '2022-09-24 03:46:24', '2022-09-24 03:46:24'),
(952, '0c7be8a3-739c-4764-a54f-875ed0a6209f', 3, '', '2022-09-25 09:11:37', '2022-09-25 09:11:37'),
(953, '2b4fe2b6-2338-4f45-9c88-cd403436938b', 3, '', '2022-09-26 17:10:37', '2022-09-26 17:10:37'),
(954, '7e3533fd-0de6-4f64-a286-354fc059fd72', 3, '', '2022-09-26 17:10:40', '2022-09-26 17:10:40'),
(955, '61cfcda5-8102-4655-b3fa-9d71953ba739', 3, '', '2022-09-26 20:51:18', '2022-09-26 20:51:18'),
(956, 'bc294fea-e937-440c-bb96-f508a782f91a', 3, '', '2022-09-26 21:55:06', '2022-09-26 21:55:06'),
(957, '2f1a508d-9de8-452d-929e-3a3fd96ce84a', 3, '', '2022-09-26 22:40:07', '2022-09-26 22:40:07'),
(958, 'cec2d474-dc73-4abb-8608-91733eb7f8fb', 3, '', '2022-09-27 02:31:47', '2022-09-27 02:31:47'),
(959, 'fc339126-328c-449d-8860-ee5fc785055f', 3, '', '2022-09-27 17:58:19', '2022-09-27 17:58:19'),
(960, '7ca89f95-e3ea-4f0c-9889-d2c2dc8dbb82', 3, '', '2022-09-27 17:58:47', '2022-09-27 17:58:47'),
(961, 'a51d5f35-dc2d-44da-a758-dc0736c074d0', 3, '', '2022-09-28 05:08:47', '2022-09-28 05:08:47'),
(962, '6b110b34-282f-46ba-a171-7874988fb014', 3, '', '2022-09-28 07:53:38', '2022-09-28 07:53:38'),
(963, '9ee92dca-cced-4973-8f8a-b4c69d793470', 3, '', '2022-09-28 19:55:19', '2022-09-28 19:55:19'),
(964, '9cbed702-6c21-48eb-acad-ec909c5fc076', 3, '', '2022-09-29 00:53:13', '2022-09-29 00:53:13'),
(965, '5f781a0a-0247-40fe-a52a-560654c2a9d6', 3, '', '2022-09-29 05:27:21', '2022-09-29 05:27:21'),
(966, 'a669b04a-1e53-4745-8998-41545febc5d6', 3, '', '2022-09-30 05:41:12', '2022-09-30 05:41:12'),
(967, 'adeb1d72-117e-4076-988c-324a44f295cc', 3, '', '2022-10-01 03:56:26', '2022-10-01 03:56:26'),
(968, '4902000c-ac47-4601-9a5c-51d9782c5278', 3, '', '2022-10-02 03:52:59', '2022-10-02 03:52:59'),
(969, 'b301cb3f-87a0-4db3-9059-6cff8e06f790', 3, '', '2022-10-03 17:11:43', '2022-10-03 17:11:43'),
(970, '0127107c-8952-4c56-a049-9ceafb9071bd', 3, '', '2022-10-03 17:39:44', '2022-10-03 17:39:44'),
(971, '3d6b1920-2b0d-4121-9eae-d2acba5ebc81', 3, '', '2022-10-04 18:31:10', '2022-10-04 18:31:10'),
(972, 'f3797028-a9f4-4da2-82a1-ffc3479f8409', 3, '', '2022-10-05 16:54:29', '2022-10-05 16:54:29'),
(973, '021caaef-43ff-4586-b29c-3ecbada6e839', 3, '', '2022-10-06 04:19:36', '2022-10-06 04:19:36'),
(974, '413621bb-0e7d-4cab-8d61-a8a198f23808', 3, '', '2022-10-06 19:52:08', '2022-10-06 19:52:08'),
(975, 'f6da30a2-f664-4cfb-bb4c-b89cc7a90a3d', 3, '', '2022-10-07 19:37:40', '2022-10-07 19:37:40'),
(976, '007fcde8-64ba-46d8-9521-531c55ddf7f3', 3, '', '2022-10-08 01:45:42', '2022-10-08 01:45:42'),
(977, '68670254-afd1-428e-b13d-08782e1499f5', 3, '', '2022-10-08 08:10:11', '2022-10-08 08:10:11'),
(978, 'c1c16211-93b5-4f35-80ab-b66bf3b30505', 3, '', '2022-10-08 23:55:02', '2022-10-08 23:55:02'),
(979, '35ea58e9-06ac-4b4d-b857-fe3ff219310d', 3, '', '2022-10-09 03:20:21', '2022-10-09 03:20:21'),
(980, '1abb1574-076a-400b-8d5a-5ed2744887c7', 3, '', '2022-10-09 20:31:32', '2022-10-09 20:31:32'),
(981, '98751345-9660-4ea2-9b05-779afaf536b2', 3, '', '2022-10-10 00:55:01', '2022-10-10 00:55:01'),
(982, 'cd93d5e5-f0c0-44eb-92ac-a239e7ea42bc', 3, '', '2022-10-10 13:06:21', '2022-10-10 13:06:21'),
(983, '723c556c-de7b-46d5-9f79-ec7e0309a0cd', 3, '', '2022-10-10 14:36:18', '2022-10-10 14:36:18'),
(984, '7ac0a5d8-75cf-42da-9c0d-f0e26e08d103', 3, '', '2022-10-10 14:58:52', '2022-10-10 14:58:52'),
(985, '49af2af2-69ea-4875-ace4-19aa0d53568d', 3, '', '2022-10-10 17:58:55', '2022-10-10 17:58:55'),
(986, '00537f56-5fb3-4701-a2ab-73fc1816906b', 3, '', '2022-10-10 19:51:34', '2022-10-10 19:51:34'),
(987, '08da5eea-aaac-409c-beb4-f303abe70f58', 3, '', '2022-10-10 21:47:41', '2022-10-10 21:47:41'),
(988, '461a7a81-b6f8-4c67-a91e-d50e50b92254', 3, '', '2022-10-10 22:25:39', '2022-10-10 22:25:39'),
(989, 'd65c6e21-b5dd-43ec-9608-a9c76624a42c', 3, '', '2022-10-12 09:34:18', '2022-10-12 09:34:18'),
(990, '3d4b7cd8-04b7-457f-8dae-887ef0315c0d', 3, '', '2022-10-12 11:50:36', '2022-10-12 11:50:36'),
(991, 'a6e4dada-b873-4ccb-8eb4-06d1ac7293c3', 3, '', '2022-10-12 15:24:08', '2022-10-12 15:24:08'),
(992, '0f5d56c9-58d6-4306-8505-6423352628da', 3, '', '2022-10-13 03:50:58', '2022-10-13 03:50:58'),
(993, 'd41d0beb-f95b-4fc0-ba91-6e7739621caf', 3, '', '2022-10-14 01:48:46', '2022-10-14 01:48:46'),
(994, '87268e8c-646d-4708-95b1-f3342aa4b325', 3, '', '2022-10-14 03:38:02', '2022-10-14 03:38:02'),
(995, '697b32a4-3265-444e-b429-b3f7c96468f2', 3, '', '2022-10-14 21:34:27', '2022-10-14 21:34:27'),
(996, '79d72a33-4c79-49ad-995b-eb45a1cd6667', 19, '', '2022-10-15 12:58:25', '2022-10-15 12:58:52'),
(997, '77bd972a-da52-4b6e-93df-daf46e524e65', 3, '', '2022-10-16 11:29:12', '2022-10-16 11:29:12'),
(998, '66acbfa7-d35d-4017-a133-dbd7a988d533', 3, '', '2022-10-18 00:30:42', '2022-10-18 00:30:42'),
(999, '79a62030-96ad-4d6d-973a-af9ebc2129fb', 3, '', '2022-10-18 08:28:09', '2022-10-18 08:28:09'),
(1000, '313b6520-50b0-4516-ab81-f29153e18c7c', 3, '', '2022-10-18 12:34:42', '2022-10-18 12:34:42'),
(1001, 'b045b832-aba9-4946-9148-6283d7b69596', 3, '', '2022-10-19 16:29:56', '2022-10-19 16:29:56'),
(1002, '98f34c24-5a05-4502-9043-26e4c5543f0b', 3, '', '2022-10-20 18:27:04', '2022-10-20 18:27:04'),
(1003, '066a22da-87c1-4b1d-a301-d57252e8f1f5', 1, '', '2022-10-22 10:16:31', '2022-10-22 10:16:35'),
(1004, 'a6cecdb9-881e-45cc-852c-772dcb6a18f7', 3, '', '2022-10-23 19:45:16', '2022-10-23 19:45:16'),
(1005, '99e95c77-1c77-4ffa-886a-5321546ad7fc', 3, '', '2022-10-24 01:31:36', '2022-10-24 01:31:36'),
(1006, '40543589-c7a9-42ff-bcbd-64d54c6410c5', 3, '', '2022-10-24 08:56:41', '2022-10-24 08:56:41'),
(1007, 'a354d0cc-716a-4cf2-aa81-924191e4f7e0', 3, '', '2022-10-24 09:00:25', '2022-10-24 09:00:25'),
(1008, '552ed8b3-d7e8-4021-ba6c-6cb4a7146874', 3, '', '2022-10-25 12:37:59', '2022-10-25 12:37:59'),
(1009, 'edc6f9e7-f472-473f-8a1d-e181d818adf9', 3, '', '2022-10-25 18:26:47', '2022-10-25 18:26:47'),
(1010, 'b5fdfe94-1294-49e7-a76a-e1932b2a67f7', 3, '', '2022-10-26 06:04:39', '2022-10-26 06:04:39'),
(1011, '36197970-ac2a-4ab7-8502-d25dab32a5d3', 3, '', '2022-10-26 12:22:17', '2022-10-26 12:22:17'),
(1012, '2ec79e40-b9b5-4188-b0c0-c0844cd7fccc', 3, '', '2022-10-27 15:23:40', '2022-10-27 15:23:40'),
(1013, '6bc9202d-483c-4ba1-8797-5e84e77f079d', 3, '', '2022-10-27 16:28:18', '2022-10-27 16:28:18'),
(1014, 'b0f93691-f635-4cc2-b0d2-80a97515d58c', 3, '', '2022-10-27 18:11:22', '2022-10-27 18:11:22'),
(1015, 'b8b08538-bf55-421b-90d2-084f6831f4d4', 3, '', '2022-10-28 07:31:44', '2022-10-28 07:31:44'),
(1016, '25574148-bf86-4286-9de3-c6234f8532b4', 3, '', '2022-10-29 10:53:58', '2022-10-29 10:53:58'),
(1017, 'cb9126e9-b70a-4c43-98d0-82623b7d46c1', 3, '', '2022-10-30 04:23:24', '2022-10-30 04:23:24'),
(1018, '6a7a060f-d5ec-4833-8efd-9b8c4848b817', 3, '', '2022-10-31 12:41:49', '2022-10-31 12:41:49'),
(1019, 'a92973ab-da02-4183-9e94-4347f8f0be5f', 3, '', '2022-10-31 20:16:41', '2022-10-31 20:16:41'),
(1020, 'f79c1377-f446-4106-be25-963faa00966f', 3, '', '2022-11-02 03:34:32', '2022-11-02 03:34:32'),
(1021, '48da411b-261c-4446-b74f-cf5f0731f90d', 3, '', '2022-11-03 02:53:19', '2022-11-03 02:53:19'),
(1022, '278bce69-aa37-45bb-b720-5c4bb5ad70fe', 3, '', '2022-11-04 16:43:38', '2022-11-04 16:43:38'),
(1023, '2114ef52-749a-46e4-bcd8-c19732f48006', 3, '', '2022-11-04 16:44:05', '2022-11-04 16:44:05'),
(1024, 'a3c1317d-9d62-4fba-8f17-587b97a1ed09', 3, '', '2022-11-04 18:58:46', '2022-11-04 18:58:46'),
(1025, '2da6634e-6d4e-455a-b841-3ba08afbfcbc', 3, '', '2022-11-05 20:33:05', '2022-11-05 20:33:05'),
(1026, '9e17d595-0f40-4587-ae50-4c21d150c868', 3, '', '2022-11-06 15:14:06', '2022-11-06 15:14:06'),
(1027, 'cdd50d90-e449-444f-a3e9-2e89bf36888b', 3, '', '2022-11-07 07:12:13', '2022-11-07 07:12:13'),
(1028, '7f9daa8f-dbab-46f4-8803-f530afa76df9', 3, '', '2022-11-07 09:28:39', '2022-11-07 09:28:39'),
(1029, '5c6657f9-7e4b-408b-bf0f-d6a3865c051d', 3, '', '2022-11-07 09:28:41', '2022-11-07 09:28:41'),
(1030, '5d1f77f1-87ee-4b4e-8361-9980b40368d7', 3, '', '2022-11-08 10:03:14', '2022-11-08 10:03:14'),
(1031, 'b5d77166-8008-4b46-abea-c108822e1c5b', 3, '', '2022-11-09 08:03:47', '2022-11-09 08:03:47'),
(1032, 'ea727415-4a8b-4c0f-a282-30d4741942c0', 3, '', '2022-11-09 12:08:27', '2022-11-09 12:08:27'),
(1033, 'd238a831-c64e-4d2b-b121-dd1c45ef2ffb', 3, '', '2022-11-10 02:15:31', '2022-11-10 02:15:31'),
(1034, '9ef524ea-3956-473b-8099-70583dcd6aed', 3, '', '2022-11-10 02:53:15', '2022-11-10 02:53:15'),
(1035, '6846ae98-c916-4f97-88ad-929ecf73d0a4', 1, '', '2022-11-11 12:35:58', '2023-01-12 18:09:49'),
(1036, 'ce6e2737-6f14-4058-8b01-64d8f3c41c6f', 3, '', '2022-11-11 13:10:56', '2022-11-11 13:10:56'),
(1037, 'd78744b4-0f27-4d8d-a2d3-f5b0cd158433', 3, '', '2022-11-11 18:24:12', '2022-11-11 18:24:12'),
(1038, 'e54bde88-e106-40fc-87dd-1a469056adc2', 3, '', '2022-11-13 03:32:57', '2022-11-13 03:32:57'),
(1039, '39740de7-7ef8-4848-b1b8-4deca0e5f941', 3, '', '2022-11-13 03:53:44', '2022-11-13 03:53:44'),
(1040, 'ea9dd31f-7292-4e31-a591-342dbc6877af', 3, '', '2022-11-13 09:13:20', '2022-11-13 09:13:20'),
(1041, 'c6a95d9f-ea7d-4bfc-9d64-f2a256c864b3', 3, '', '2022-11-13 13:25:28', '2022-11-13 13:25:28'),
(1042, '43049d8f-cbe5-4f65-aa01-3d1da9363dbe', 3, '', '2022-11-14 14:58:26', '2022-11-14 14:58:26'),
(1043, 'e1de8cb7-b487-4164-a60a-653600e969d4', 3, '', '2022-11-15 03:56:18', '2022-11-15 03:56:18'),
(1044, '3e552368-e365-4ee5-ad61-93a7ab6050a5', 3, '', '2022-11-15 03:56:31', '2022-11-15 03:56:31'),
(1045, 'a8f695ae-ae24-4b69-a8af-baf6c177d42b', 3, '', '2022-11-16 12:38:32', '2022-11-16 12:38:32'),
(1046, 'cda94b33-ee52-4fbb-8c0a-cfa44bac9962', 3, '', '2022-11-16 13:24:05', '2022-11-16 13:24:05'),
(1047, 'c543e71f-e457-4fee-bb4b-b3ab0e66e18d', 3, '', '2022-11-17 13:33:12', '2022-11-17 13:33:12'),
(1048, 'cf4973a7-ef98-4fd5-b347-a038151afc59', 3, '', '2022-11-18 23:54:06', '2022-11-18 23:54:06'),
(1049, 'ae508632-4346-494a-aeab-a9f723191f46', 3, '', '2022-11-20 01:04:33', '2022-11-20 01:04:33'),
(1050, '989bb8f2-6901-44bf-be5b-4958c10329a9', 3, '', '2022-11-21 09:23:21', '2022-11-21 09:23:21'),
(1051, 'fda04876-31ea-4d57-beda-de2d18a84553', 3, '', '2022-11-24 10:02:07', '2022-11-24 10:02:07'),
(1052, '77fa2967-3086-40f4-af7e-5bd74e5e4ee3', 3, '', '2022-11-25 03:56:18', '2022-11-25 03:56:18'),
(1053, '66b20703-e222-4a9a-97dc-43ba238bdfd4', 3, '', '2022-11-26 02:57:55', '2022-11-26 02:57:55'),
(1054, '4e445b8e-4b8e-478e-a36c-7df124b917d9', 3, '', '2022-11-26 03:42:55', '2022-11-26 03:42:55'),
(1055, '56bc3b3d-c27c-4818-9067-ab970f9e381c', 3, '', '2022-11-26 11:16:24', '2022-11-26 11:16:24'),
(1056, 'c557a1c6-0cc8-4b68-9fbb-d863b20bb5b0', 3, '', '2022-11-27 02:51:25', '2022-11-27 02:51:25'),
(1057, '83c29c15-3e75-49dd-91e8-7335529b2604', 3, '', '2022-11-27 05:11:22', '2022-11-27 05:11:22'),
(1058, 'd6ad95f1-91fe-4194-8a09-135834a3e4b5', 3, '', '2022-11-29 03:18:43', '2022-11-29 03:18:43'),
(1059, '2e3b6e38-5bd5-41b8-8845-c2843c20c42b', 3, '', '2022-11-29 08:04:30', '2022-11-29 08:04:30'),
(1060, 'afb09311-7975-4bad-93f2-ee74b739eec4', 3, '', '2022-11-30 20:29:48', '2022-11-30 20:29:48'),
(1061, 'ec75b3f5-2293-411e-8596-70080dd51fa2', 3, '', '2022-12-01 13:49:18', '2022-12-01 13:49:18'),
(1062, '5e7a693a-b57d-44e9-98cc-3c8b1fc89ffc', 3, '', '2022-12-01 17:35:02', '2022-12-01 17:35:02'),
(1063, '48ae008d-8a2e-43e2-815e-99d68f04f34d', 3, '', '2022-12-03 11:24:26', '2022-12-03 11:24:26'),
(1064, '821e570d-daf8-4c24-82ea-b16d2e669eb2', 3, '', '2022-12-03 14:00:41', '2022-12-03 14:00:41'),
(1065, '4fa362c3-f9dd-4c0e-95cd-8edd17c229b0', 3, '', '2022-12-03 15:55:57', '2022-12-03 15:55:57'),
(1066, 'be7e4aef-c303-484d-936f-910ba344b377', 3, '', '2022-12-03 19:22:24', '2022-12-03 19:22:24'),
(1067, 'dd8a20d3-274e-4b51-8275-1b666aa488c5', 3, '', '2022-12-04 12:18:56', '2022-12-04 12:18:56'),
(1068, 'ba9b7226-606e-4118-acdb-fd94d3e95db8', 3, '', '2022-12-05 02:52:11', '2022-12-05 02:52:11'),
(1069, 'a0217486-f428-400f-aab3-fdb716a4b594', 3, '', '2022-12-06 12:30:53', '2022-12-06 12:30:53'),
(1070, 'eb89701d-d27d-4dfd-bece-6c28e27976c0', 3, '', '2022-12-07 00:51:10', '2022-12-07 00:51:10'),
(1071, '164a98ac-035d-4dd4-9ee2-1887bf72dc1e', 3, '', '2022-12-07 01:00:43', '2022-12-07 01:00:43'),
(1072, '042a273f-4294-49e3-b443-1fcc35eb0b24', 3, '', '2022-12-07 14:33:54', '2022-12-07 14:33:54'),
(1073, '2eb6b94b-b735-4152-9d49-0ebd096d9107', 3, '', '2022-12-07 14:33:55', '2022-12-07 14:33:55'),
(1074, '038724df-accf-4735-8d18-fa9114e1a35f', 3, '', '2022-12-07 21:43:02', '2022-12-07 21:43:02'),
(1075, 'e33d4e00-ebac-42bd-acb9-dd13d6372ee6', 3, '', '2022-12-07 21:57:58', '2022-12-07 21:57:58'),
(1076, 'b337c8bf-5635-4169-997d-d95c1af2a182', 3, '', '2022-12-07 22:15:43', '2022-12-07 22:15:43'),
(1077, 'efda341b-9a87-4a69-b898-d96646c99a52', 1, '', '2022-12-08 11:48:18', '2022-12-11 11:51:46'),
(1078, 'c9ce86bc-28a3-4f54-9baa-0e15d16c1ad0', 3, '', '2022-12-08 23:58:03', '2022-12-08 23:58:03'),
(1079, '162641b5-c81e-4241-a6ae-c5411f23c720', 1, 'Mozilla/5.0 (Windows NT 10.0; Win64; x64) AppleWebKit/537.36 (KHTML, like Gecko) Chrome/109.0.0.0 Safari/537.36', '2022-12-09 20:54:30', '2023-02-07 11:16:14'),
(1080, 'cff9ca08-0daa-479d-b94c-397b3c75b327', 3, '', '2022-12-10 01:40:05', '2022-12-10 01:40:05'),
(1081, '736bbda4-62d2-4d69-89bd-9e9cec87c91c', 3, '', '2022-12-10 02:46:55', '2022-12-10 02:46:55'),
(1082, 'c57a6aa9-2f66-40f5-b5f4-e842076be21c', 3, '', '2022-12-10 11:52:55', '2022-12-10 11:52:55'),
(1083, 'eeb289b0-7635-4685-9e15-66111f143642', 3, '', '2022-12-10 11:53:49', '2022-12-10 11:53:49'),
(1084, 'b79a0056-8844-44fd-8315-5e1b488f7c1d', 3, '', '2022-12-10 23:11:31', '2022-12-10 23:11:31'),
(1085, 'bd53a0ef-e537-4fc1-8f0a-93234bc913cb', 3, '', '2022-12-11 11:29:00', '2022-12-11 11:29:00'),
(1086, '40f30f5a-f4be-4d36-87ec-d01cea6a709e', 19, '', '2022-12-11 19:16:38', '2022-12-11 19:18:26'),
(1087, '9eab025d-6589-44da-8874-b528fd34a520', 3, '', '2022-12-11 22:35:40', '2022-12-11 22:35:40'),
(1088, '19bd3359-3998-4990-805b-b9236d16609a', 3, '', '2022-12-12 00:58:09', '2022-12-12 00:58:09'),
(1089, 'ec294b03-3953-4844-bfd0-ae47e8b607b5', 3, '', '2022-12-12 00:58:10', '2022-12-12 00:58:10'),
(1090, '4f6b6d9c-932e-44ab-8c82-15dce80270cf', 3, '', '2022-12-12 00:58:18', '2022-12-12 00:58:18'),
(1091, '47d60c77-fef8-432e-ba68-cfeffd63ae42', 3, '', '2022-12-12 00:58:24', '2022-12-12 00:58:24'),
(1092, 'ef075e75-0d4d-4d19-a249-1380c22245f7', 3, '', '2022-12-12 21:19:13', '2022-12-12 21:19:13'),
(1093, 'c5fcb53f-b064-45b8-904c-7d052f29e697', 3, '', '2022-12-14 01:45:30', '2022-12-14 01:45:30'),
(1094, 'ad5a638a-00ce-4afe-a5d5-f7bb7884f122', 3, '', '2022-12-14 04:50:41', '2022-12-14 04:50:41'),
(1095, '46fedddd-87fc-44c1-9e12-aa35b37848f5', 3, '', '2022-12-15 11:47:06', '2022-12-15 11:47:06'),
(1096, 'f90f63d3-bb6b-45df-ac97-8c35cb184d60', 3, '', '2022-12-16 02:19:36', '2022-12-16 02:19:36'),
(1097, 'b113d743-fe44-4ac0-a7d7-f8712f44c41a', 3, '', '2022-12-18 11:49:54', '2022-12-18 11:49:54'),
(1098, '8973239a-6255-445a-ad13-d3ef041955c6', 3, '', '2022-12-18 17:12:49', '2022-12-18 17:12:49'),
(1099, 'b3299b43-0e13-4ec5-8c35-8ef0c68d9f57', 3, '', '2022-12-18 17:17:32', '2022-12-18 17:17:32'),
(1100, 'c5d7a7f6-9dbf-47ca-aae8-eaa81d193de8', 3, '', '2022-12-18 18:45:09', '2022-12-18 18:45:09'),
(1101, 'a6bd6780-a3fe-4a3a-8497-11693bdaabc9', 3, '', '2022-12-19 17:23:51', '2022-12-19 17:23:51'),
(1102, '6cde6702-fb75-464f-bd20-11daf1c6e2d5', 3, '', '2022-12-19 17:24:48', '2022-12-19 17:24:48'),
(1103, '4f56a03e-9ac9-4b0e-ac47-5316ff219b86', 3, '', '2022-12-19 18:13:47', '2022-12-19 18:13:47'),
(1104, '3762cd9c-2b5d-44d3-b516-0d92e2a1935e', 3, '', '2022-12-20 21:16:11', '2022-12-20 21:16:11'),
(1105, '454f735a-1056-4495-99c5-e7e9cdab48cd', 3, '', '2022-12-22 05:49:11', '2022-12-22 05:49:11'),
(1106, '4b0f7847-e27c-402d-a589-ee4c72b795e6', 3, '', '2022-12-22 16:28:08', '2022-12-22 16:28:08'),
(1107, '79e8887c-0f9c-4c5e-a8a8-ea1b8d765f84', 3, '', '2022-12-23 12:34:47', '2022-12-23 12:34:47'),
(1108, 'bc02ad2f-93bf-4800-8414-04570c002617', 3, '', '2022-12-23 13:54:13', '2022-12-23 13:54:13'),
(1109, '6df2287c-2171-4bab-8296-b6d70b2e02cb', 3, '', '2022-12-24 13:16:40', '2022-12-24 13:16:40'),
(1110, 'ad702ac3-221a-4536-ae3a-c203b8a11f30', 3, '', '2022-12-26 01:46:42', '2022-12-26 01:46:42'),
(1111, 'e962becd-0850-46c7-931f-be3b730ac9f8', 3, '', '2022-12-26 14:47:27', '2022-12-26 14:47:27'),
(1112, '4874e1e5-4891-4589-a98a-176e3ece62b6', 3, '', '2022-12-26 19:14:08', '2022-12-26 19:14:08'),
(1113, 'd26a2e13-4852-4955-a72c-f7169242f596', 3, '', '2022-12-26 19:41:58', '2022-12-26 19:41:58'),
(1114, '01449907-c4c7-490f-b5ca-7b65dc7d65c6', 3, '', '2022-12-27 07:18:25', '2022-12-27 07:18:25'),
(1115, '9a4d894e-aba5-4d78-9728-84651a61acf2', 3, '', '2022-12-28 02:51:08', '2022-12-28 02:51:08'),
(1116, '5b807957-0d30-4a50-9cad-236b0a8d6e50', 3, '', '2022-12-28 03:06:28', '2022-12-28 03:06:28'),
(1117, '5c477e39-8aec-4a88-8d67-0715118d1d50', 3, '', '2022-12-28 04:42:52', '2022-12-28 04:42:52'),
(1118, '58b37ac3-5071-474a-b2e6-614750881c82', 3, '', '2022-12-28 04:47:21', '2022-12-28 04:47:21'),
(1119, '1fc3dbb9-451b-4494-a73c-7d8adc2c688f', 3, '', '2022-12-28 04:50:48', '2022-12-28 04:50:48'),
(1120, '492e2dfc-8f67-4558-b13a-12327f938549', 3, '', '2022-12-29 13:25:47', '2022-12-29 13:25:47'),
(1121, 'a472dc70-63fc-4ef9-bd1f-267d82df19c3', 3, '', '2022-12-29 16:07:15', '2022-12-29 16:07:15'),
(1122, 'bee49b86-9701-47a1-9187-f8cd85583803', 3, '', '2022-12-29 21:45:50', '2022-12-29 21:45:50'),
(1123, 'a3590e62-2245-4fa5-b066-6328e0739f62', 3, '', '2022-12-31 00:04:29', '2022-12-31 00:04:29'),
(1124, '9d07629e-392e-4de2-89c2-77586cfcab55', 3, '', '2023-01-01 01:08:52', '2023-01-01 01:08:52'),
(1125, 'e3b6bbf7-eb90-475e-98f9-4954c92a357d', 3, '', '2023-01-02 07:59:07', '2023-01-02 07:59:07'),
(1126, '27871822-982c-45c2-8c03-03623552ab2a', 3, '', '2023-01-02 09:00:20', '2023-01-02 09:00:20'),
(1127, '2e54f041-1055-4874-adef-2e837256994f', 3, '', '2023-01-02 09:39:07', '2023-01-02 09:39:07'),
(1128, 'cca19321-61d5-4e98-aeab-3ca4080526c5', 3, '', '2023-01-02 14:11:56', '2023-01-02 14:11:56'),
(1129, '40adb5fd-216d-450b-8b09-687573f5d00a', 3, '', '2023-01-02 14:12:16', '2023-01-02 14:12:16'),
(1130, '7a722369-102f-4046-a183-277418c21d97', 3, '', '2023-01-03 22:09:24', '2023-01-03 22:09:24'),
(1131, '02840f27-9d4c-443f-b00e-ba24c99df116', 3, '', '2023-01-05 21:53:35', '2023-01-05 21:53:35'),
(1132, 'a39bf695-7b63-482e-a9bc-424bced2f740', 3, '', '2023-01-07 03:43:53', '2023-01-07 03:43:53'),
(1133, '69eba9f8-26d2-492f-88ed-ff467d3b2d9b', 3, '', '2023-01-07 11:18:43', '2023-01-07 11:18:43'),
(1134, '325dfbe7-5ca7-44fa-b9a0-a068c2f819e5', 3, '', '2023-01-07 11:58:10', '2023-01-07 11:58:10'),
(1135, 'd023ce63-72a8-48de-aa42-3f2579c38ac6', 3, '', '2023-01-07 18:47:17', '2023-01-07 18:47:17'),
(1136, 'e9e7f69e-2617-49b5-8a8c-c489e95ed351', 3, '', '2023-01-08 02:32:34', '2023-01-08 02:32:34'),
(1137, '26dfb778-b7a2-4171-8da4-456eaf677061', 3, '', '2023-01-08 06:24:55', '2023-01-08 06:24:55'),
(1138, '79d6f43f-8a8b-4f09-b753-549d273382bc', 3, '', '2023-01-08 17:10:07', '2023-01-08 17:10:07'),
(1139, '6886c0e8-ad1a-4f8b-89a3-3e6e72f7430d', 3, '', '2023-01-08 17:25:35', '2023-01-08 17:25:35'),
(1140, 'a2c06fb4-61a1-4d1b-9298-9d5f8e1526a8', 3, '', '2023-01-09 07:53:25', '2023-01-09 07:53:25'),
(1141, '71ca5dff-cc08-4e2e-97ab-e4318b1e181c', 3, '', '2023-01-09 13:27:38', '2023-01-09 13:27:38'),
(1142, '54978d83-24d2-4a15-987f-5fd41d063e81', 3, '', '2023-01-09 17:11:40', '2023-01-09 17:11:40'),
(1143, '8cac23d2-b32d-42e4-9de1-0786789d1549', 3, '', '2023-01-09 23:48:00', '2023-01-09 23:48:00'),
(1144, '08cccc17-1e93-47b8-bbb9-836d21f69ef5', 3, '', '2023-01-11 01:08:35', '2023-01-11 01:08:35'),
(1145, '38005307-2076-4d64-bc1e-ca1f46b05b5e', 3, '', '2023-01-12 17:46:40', '2023-01-12 17:46:40'),
(1146, 'eb279c5c-ccbc-48fa-81f1-199523d291fe', 3, '', '2023-01-13 02:07:23', '2023-01-13 02:07:23'),
(1147, '01e8066c-22a8-4863-91d5-f1737f8e165c', 3, '', '2023-01-13 13:19:27', '2023-01-13 13:19:27'),
(1148, '84c47aa0-b85a-4beb-a7f1-a9c3d303b8eb', 3, '', '2023-01-14 16:48:55', '2023-01-14 16:48:55'),
(1149, '7096b828-a46c-4cd8-9619-3d299b454ac0', 3, '', '2023-01-15 13:06:42', '2023-01-15 13:06:42'),
(1150, 'dff65323-5cfa-4619-9a7d-0938fe8fcb8c', 3, '', '2023-01-15 16:49:58', '2023-01-15 16:49:58'),
(1151, 'a7a45311-7f2c-4f52-97c0-e71b2975559f', 3, '', '2023-01-15 16:54:11', '2023-01-15 16:54:11'),
(1152, '88e3e6e1-94c9-4d7c-817e-373577e3eaa7', 3, '', '2023-01-15 16:54:26', '2023-01-15 16:54:26'),
(1153, '1be736d5-0df1-4d3c-be5a-d774e242e7e8', 3, '', '2023-01-16 15:29:17', '2023-01-16 15:29:17'),
(1154, '7d16fccf-94d5-4b6c-b7f2-28c34f517c85', 3, '', '2023-01-16 16:51:29', '2023-01-16 16:51:29'),
(1155, 'd79c3e25-4617-4f91-9146-69ac7e66dd72', 3, '', '2023-01-16 20:55:23', '2023-01-16 20:55:23'),
(1156, 'fc360e9d-c343-4e46-9277-9bb8122bb036', 3, '', '2023-01-17 01:40:27', '2023-01-17 01:40:27'),
(1157, '3f9a0400-d79d-4cf2-943c-7f6200748788', 3, '', '2023-01-17 06:20:28', '2023-01-17 06:20:28'),
(1158, 'a7a9fd1b-f93c-481f-a2d3-e023565c249c', 3, '', '2023-01-17 09:28:57', '2023-01-17 09:28:57'),
(1159, '30a7d74e-3684-4eb0-a32f-ee0036215088', 3, '', '2023-01-17 22:58:35', '2023-01-17 22:58:35'),
(1160, '4e1c7299-4dcb-4fe6-9bd9-c216da23bb60', 3, '', '2023-01-18 11:45:03', '2023-01-18 11:45:03'),
(1161, 'da96b74d-162d-4a33-bcff-d050d259df69', 3, '', '2023-01-19 08:47:27', '2023-01-19 08:47:27'),
(1162, '412e95a4-76c1-4482-b379-be631882880c', 3, '', '2023-01-19 11:20:04', '2023-01-19 11:20:04'),
(1163, 'a3350359-854b-4ce2-8e2d-748007219f71', 3, '', '2023-01-19 12:19:27', '2023-01-19 12:19:27'),
(1164, '01e557cc-f544-4b31-9eef-533d797c8159', 3, '', '2023-01-19 13:37:38', '2023-01-19 13:37:38'),
(1165, '7b1753d9-d81e-436f-bd00-03c4dc637ad5', 3, '', '2023-01-20 06:37:58', '2023-01-20 06:37:58'),
(1166, 'f9f09a22-8dd6-416b-8604-f247f2fae919', 3, '', '2023-01-21 02:33:51', '2023-01-21 02:33:51'),
(1167, '0bb2beed-5af5-49b2-98ec-5324abd34f3a', 3, '', '2023-01-23 04:23:39', '2023-01-23 04:23:39'),
(1168, '8f3845d3-6c16-487a-a660-43d9a2dd640e', 3, '', '2023-01-23 05:32:32', '2023-01-23 05:32:32'),
(1169, 'd86feda6-5d8b-4ce6-bc49-dca16d073fac', 3, '', '2023-01-23 05:48:41', '2023-01-23 05:48:41'),
(1170, '8ceb4ba7-90c5-48d9-89bd-f425cfda96a4', 3, '', '2023-01-23 14:15:39', '2023-01-23 14:15:39'),
(1171, 'ba61abde-f512-4575-82b7-f3653356efc2', 3, '', '2023-01-23 17:21:28', '2023-01-23 17:21:28'),
(1172, '81c4f0f8-306d-41d2-9978-9bd3c6453eda', 3, '', '2023-01-23 21:02:41', '2023-01-23 21:02:41'),
(1173, '0e8fd3f6-020c-45f4-bfde-f7f61507bd92', 3, '', '2023-01-24 06:23:01', '2023-01-24 06:23:01'),
(1174, 'f83edb95-3db5-43c6-9a22-96d2da28e83f', 3, '', '2023-01-24 19:33:36', '2023-01-24 19:33:36'),
(1175, 'b80386ed-a85a-4d07-a271-c002aba67998', 3, '', '2023-01-24 19:33:39', '2023-01-24 19:33:39'),
(1176, '940e024f-8f5e-4394-b5b8-47b1af6ab690', 3, '', '2023-01-24 22:58:54', '2023-01-24 22:58:54'),
(1177, 'ed5245d2-3b3c-4601-ab82-d83ff60d15b4', 3, '', '2023-01-25 17:58:57', '2023-01-25 17:58:57'),
(1178, '4fdee0ec-7de3-40a4-883e-f9f6b3f955af', 3, '', '2023-01-25 17:59:19', '2023-01-25 17:59:19'),
(1179, '6c25ff37-80fc-446b-bba1-7cf6064dfbd5', 3, '', '2023-01-25 21:03:09', '2023-01-25 21:03:09'),
(1180, 'a72d045d-0b93-459f-990b-41d1054d2333', 3, '', '2023-01-25 22:45:26', '2023-01-25 22:45:26'),
(1181, '76496a79-7aba-42f9-8067-c81458440f0d', 3, '', '2023-01-27 02:53:32', '2023-01-27 02:53:32'),
(1182, '70ca4d60-2c97-4a40-812c-bed72b55b2ff', 3, '', '2023-01-27 20:33:06', '2023-01-27 20:33:06'),
(1183, 'cb2d7782-c873-436c-a848-77f8d9aa779d', 3, '', '2023-01-28 00:38:28', '2023-01-28 00:38:28'),
(1184, '671d04e2-5ef9-47e1-87ba-400a3458e5a2', 3, '', '2023-01-28 04:50:12', '2023-01-28 04:50:12'),
(1185, '1091f89b-f262-4e6b-9a3f-c017bff0b74b', 3, '', '2023-01-28 22:10:14', '2023-01-28 22:10:14'),
(1186, '6dd151fb-6106-433e-8c3d-d61d31f2e87e', 3, '', '2023-01-30 20:20:27', '2023-01-30 20:20:27'),
(1187, '57059e68-7e1a-4a9c-be60-784aef9d1326', 3, '', '2023-02-02 22:51:45', '2023-02-02 22:51:45'),
(1188, '5c41b756-a470-4d04-aebb-9a273ce922ac', 3, '', '2023-02-03 00:08:40', '2023-02-03 00:08:40'),
(1189, 'cbb69c08-a36a-482d-8a5f-dcfabe2a7a5d', 3, '', '2023-02-03 03:07:01', '2023-02-03 03:07:01'),
(1190, 'f8a4b8a8-9cdd-4fd3-947c-e3ca719ae469', 3, '', '2023-02-03 03:56:49', '2023-02-03 03:56:49'),
(1191, 'fde6d977-98ed-4724-b810-ff4ad9beb60c', 3, '', '2023-02-03 11:00:41', '2023-02-03 11:00:41'),
(1192, 'e528394a-6a53-4818-b949-1b04d55aa596', 3, '', '2023-02-03 20:24:26', '2023-02-03 20:24:26'),
(1193, '85c411d3-37eb-4f26-a5c3-d59a28cc283c', 3, '', '2023-02-03 20:37:50', '2023-02-03 20:37:50'),
(1194, 'd2ec7be0-d07c-4174-bb23-c6b118503f6a', 3, '', '2023-02-04 09:54:46', '2023-02-04 09:54:46'),
(1195, '67210d52-41d0-4206-b8b4-fe3f7e42f87f', 3, 'PostmanRuntime/7.30.0', '2023-02-04 11:07:18', '2023-02-04 11:07:18'),
(1196, '3f6c2a68-fec6-4784-bc0e-f7552dd852c0', 3, NULL, '2023-02-04 16:58:30', '2023-02-04 16:58:30'),
(1197, '0c25f9ad-9e3f-484c-a85a-b1a700f85850', 3, NULL, '2023-02-04 16:58:39', '2023-02-04 16:58:39'),
(1198, 'fe604056-5d41-4fa8-9db3-fd6b072e5b0f', 3, NULL, '2023-02-06 05:22:32', '2023-02-06 05:22:32'),
(1199, 'f199eaea-189c-470a-8233-dcd19f2d84f5', 3, NULL, '2023-02-08 00:05:15', '2023-02-08 00:05:15'),
(1200, '38a0ae8a-104b-4428-a8df-9da3a557627f', 3, NULL, '2023-02-08 00:20:12', '2023-02-08 00:20:12'),
(1201, 'f0721269-a9ef-4b0d-8ae3-1a76e70493d3', 1, 'Mozilla/5.0 (Macintosh; Intel Mac OS X 10_15_7) AppleWebKit/537.36 (KHTML, like Gecko) Chrome/114.0.0.0 Safari/537.36', '2023-02-08 10:37:38', '2023-07-13 18:57:24'),
(1202, '118eba52-192f-411e-9ccf-8641fa39371f', 3, NULL, '2023-02-09 11:04:53', '2023-02-09 11:04:53'),
(1203, 'ceb68a4b-80b5-4509-871b-330ba50d59c3', 3, NULL, '2023-02-10 09:29:55', '2023-02-10 09:29:55'),
(1204, 'fcc74d16-6ee8-42ba-b503-69939688b722', 3, NULL, '2023-02-10 22:12:51', '2023-02-10 22:12:51'),
(1205, '1f571b64-88d6-4570-919c-6d6c4e65dc1f', 3, NULL, '2023-02-11 01:13:35', '2023-02-11 01:13:35'),
(1206, '5a212f1e-8609-4370-9999-02394ded3460', 3, NULL, '2023-02-11 12:12:01', '2023-02-11 12:12:01'),
(1207, '64cf890e-aebc-477d-83a0-99926af192b5', 3, 'Mozilla/5.0 (Macintosh; Intel Mac OS X 10_15_7) AppleWebKit/605.1.15 (KHTML, like Gecko) Version/15.6.1 Safari/605.1.15', '2023-02-12 09:28:01', '2023-02-12 09:28:01'),
(1208, '807667a1-b6f9-413b-9f9a-16481b5b1bd3', 3, 'Mozilla/5.0 (compatible; YandexBot/3.0; +http://yandex.com/bots) AppleWebKit/537.36 (KHTML, like Gecko) Chrome/81.0.4044.268', '2023-02-13 09:08:15', '2023-02-13 09:08:15'),
(1209, '7a4d1884-ecf8-422f-bd56-a788471e8644', 3, 'Mozilla/5.0 (compatible; YandexBot/3.0; +http://yandex.com/bots) AppleWebKit/537.36 (KHTML, like Gecko) Chrome/81.0.4044.268', '2023-02-13 09:12:41', '2023-02-13 09:12:41'),
(1210, '40eed5dc-827f-48d1-93a7-7ba74f395586', 3, 'Mozilla/5.0 (Windows NT 10.0; Win64; x64) AppleWebKit/537.36 (KHTML, like Gecko) Chrome/110.0.0.0 Safari/537.36', '2023-02-13 17:14:35', '2023-02-13 17:14:35'),
(1211, '7185ed89-b1b6-45e2-ad6c-75c648ad0acc', 3, 'Mozilla/5.0 (compatible; YandexBot/3.0; +http://yandex.com/bots) AppleWebKit/537.36 (KHTML, like Gecko) Chrome/81.0.4044.268', '2023-02-13 19:48:08', '2023-02-13 19:48:08'),
(1212, 'f4874b82-fa2e-4d3d-8e6d-6e0f830fb1dc', 1, 'Mozilla/5.0 (Windows NT 10.0; Win64; x64) AppleWebKit/537.36 (KHTML, like Gecko) Chrome/110.0.0.0 Safari/537.36', '2023-02-13 19:54:41', '2023-02-13 19:56:56'),
(1213, '27d0b733-404d-4520-88c7-2ef46edfd787', 3, 'Mozilla/5.0 (compatible; YandexBot/3.0; +http://yandex.com/bots) AppleWebKit/537.36 (KHTML, like Gecko) Chrome/81.0.4044.268', '2023-02-14 17:01:13', '2023-02-14 17:01:13'),
(1214, '72e50ecc-6060-4eb9-b8ef-65f79fd7d576', 3, 'Mozilla/5.0 (compatible; YandexBot/3.0; +http://yandex.com/bots) AppleWebKit/537.36 (KHTML, like Gecko) Chrome/81.0.4044.268', '2023-02-15 15:51:02', '2023-02-15 15:51:02'),
(1215, '4fd93951-57c3-4abd-aede-bee697a14514', 3, 'Mozilla/5.0 (compatible; YandexBot/3.0; +http://yandex.com/bots) AppleWebKit/537.36 (KHTML, like Gecko) Chrome/81.0.4044.268', '2023-02-16 07:02:09', '2023-02-16 07:02:10'),
(1216, 'f5cab111-124b-4c56-b143-cbb47d09d900', 3, 'Mozilla/5.0 (compatible; YandexBot/3.0; +http://yandex.com/bots) AppleWebKit/537.36 (KHTML, like Gecko) Chrome/81.0.4044.268', '2023-02-17 21:00:25', '2023-02-17 21:00:25'),
(1217, 'eb5c2ae8-c48b-42fc-b99d-6561537e8447', 3, 'Mozilla/5.0 (compatible; YandexBot/3.0; +http://yandex.com/bots) AppleWebKit/537.36 (KHTML, like Gecko) Chrome/81.0.4044.268', '2023-02-18 13:33:51', '2023-02-18 13:33:51'),
(1218, '3116bc8b-76cd-4173-a0df-c82c6f69c5e7', 3, 'Mozilla/5.0 (compatible; YandexBot/3.0; +http://yandex.com/bots) AppleWebKit/537.36 (KHTML, like Gecko) Chrome/81.0.4044.268', '2023-02-18 16:00:04', '2023-02-18 16:00:04'),
(1219, '628a77ca-afb2-41b8-95b3-feb4d5360f4c', 3, 'Mozilla/5.0 (compatible; YandexBot/3.0; +http://yandex.com/bots) AppleWebKit/537.36 (KHTML, like Gecko) Chrome/81.0.4044.268', '2023-02-19 10:31:16', '2023-02-19 10:31:16'),
(1220, '9c27ac58-ce8a-4eb8-b4cb-8f643a319af2', 3, 'Mozilla/5.0 (compatible; YandexBot/3.0; +http://yandex.com/bots) AppleWebKit/537.36 (KHTML, like Gecko) Chrome/81.0.4044.268', '2023-02-19 21:35:44', '2023-02-19 21:35:44'),
(1221, 'bd6af9ef-c365-42a4-a395-b3f6eeaca489', 3, 'Mozilla/5.0 (compatible; YandexBot/3.0; +http://yandex.com/bots) AppleWebKit/537.36 (KHTML, like Gecko) Chrome/81.0.4044.268', '2023-02-20 08:51:22', '2023-02-20 08:51:22'),
(1222, '4ad601a0-9a9e-4135-8f49-5f824cdbff0e', 3, 'Mozilla/5.0 AppleWebKit/537.36 (KHTML, like Gecko; compatible; Googlebot/2.1; +http://www.google.com/bot.html) Chrome/109.0.5414.101 Safari/537.36', '2023-02-20 18:40:56', '2023-02-20 18:40:56'),
(1223, '9367e9f4-63d6-459f-8801-adb4ee5ffd42', 3, 'Mozilla/5.0 (Linux; Android 6.0.1; Nexus 5X Build/MMB29P) AppleWebKit/537.36 (KHTML, like Gecko) Chrome/109.0.5414.101 Mobile Safari/537.36 (compatible; Googlebot/2.1; +http://www.google.com/bot.html)', '2023-02-21 01:02:20', '2023-02-21 01:02:20'),
(1224, '7911b8ca-4cfc-4d42-b134-4602a382860f', 3, 'Mozilla/5.0 (compatible; YandexBot/3.0; +http://yandex.com/bots) AppleWebKit/537.36 (KHTML, like Gecko) Chrome/81.0.4044.268', '2023-02-21 17:35:19', '2023-02-21 17:35:19'),
(1225, '318a52cf-6628-4ebb-bcff-24d1ba121aef', 3, 'Mozilla/5.0 (compatible; YandexBot/3.0; +http://yandex.com/bots) AppleWebKit/537.36 (KHTML, like Gecko) Chrome/81.0.4044.268', '2023-02-23 07:54:18', '2023-02-23 07:54:18'),
(1226, 'd2037f6f-f951-4cb9-8553-817534a83c2a', 3, 'Mozilla/5.0 (compatible; YandexBot/3.0; +http://yandex.com/bots) AppleWebKit/537.36 (KHTML, like Gecko) Chrome/81.0.4044.268', '2023-02-23 22:13:53', '2023-02-23 22:13:53'),
(1227, 'f8b0f65e-9099-4ea0-a9d8-23489049e8af', 3, 'Mozilla/5.0 (compatible; YandexBot/3.0; +http://yandex.com/bots) AppleWebKit/537.36 (KHTML, like Gecko) Chrome/81.0.4044.268', '2023-02-25 08:04:20', '2023-02-25 08:04:20'),
(1228, 'e3f84c3f-9a2f-4ce3-92fe-3b6e8efee82e', 3, 'Mozilla/5.0 (compatible; YandexBot/3.0; +http://yandex.com/bots) AppleWebKit/537.36 (KHTML, like Gecko) Chrome/81.0.4044.268', '2023-02-27 07:40:26', '2023-02-27 07:40:26'),
(1229, '3d6c7f2c-8caf-4e79-8c86-d35d9dcfff14', 3, 'Mozilla/5.0 (compatible; YandexBot/3.0; +http://yandex.com/bots) AppleWebKit/537.36 (KHTML, like Gecko) Chrome/81.0.4044.268', '2023-02-28 15:40:02', '2023-02-28 15:40:02'),
(1230, 'd49cbd4c-ce03-4bff-9c75-3911debf4445', 3, 'Mozilla/5.0 (Macintosh; Intel Mac OS X 10_15_7) AppleWebKit/537.36 (KHTML, like Gecko) Chrome/105.0.0.0 Safari/537.36', '2023-03-01 00:15:18', '2023-03-01 00:15:18'),
(1231, 'dc90f57d-a13d-4dfd-952a-89d12f4d104d', 3, 'Mozilla/5.0 (compatible; YandexRenderResourcesBot/1.0; +http://yandex.com/bots) AppleWebKit/537.36 (KHTML, like Gecko) Chrome/81.0.4044.268', '2023-03-02 13:25:27', '2023-03-02 13:25:27'),
(1232, '6296f83f-59d2-487b-9579-a3ddda5ae5c7', 3, 'Mozilla/5.0 (compatible; YandexRenderResourcesBot/1.0; +http://yandex.com/bots) AppleWebKit/537.36 (KHTML, like Gecko) Chrome/81.0.4044.268', '2023-03-02 14:10:18', '2023-03-02 14:10:18'),
(1233, '3173af72-db1c-4d8a-95a6-f43adda7224c', 3, 'Mozilla/5.0 (compatible; YandexRenderResourcesBot/1.0; +http://yandex.com/bots) AppleWebKit/537.36 (KHTML, like Gecko) Chrome/81.0.4044.268', '2023-03-02 14:27:42', '2023-03-02 14:27:42'),
(1234, '84e3d9ce-3053-4f17-9ec7-ead4bd0188e5', 3, 'Mozilla/5.0 (compatible; YandexRenderResourcesBot/1.0; +http://yandex.com/bots) AppleWebKit/537.36 (KHTML, like Gecko) Chrome/81.0.4044.268', '2023-03-03 00:47:46', '2023-03-03 00:47:46'),
(1235, 'bfd0ab20-fff0-44b7-a345-311f25650bed', 3, 'Mozilla/5.0 (compatible; YandexRenderResourcesBot/1.0; +http://yandex.com/bots) AppleWebKit/537.36 (KHTML, like Gecko) Chrome/81.0.4044.268', '2023-03-03 00:48:02', '2023-03-03 00:48:02'),
(1236, 'edcc7232-28b8-4957-8e03-19b2495d4144', 3, 'Mozilla/5.0 (compatible; YandexRenderResourcesBot/1.0; +http://yandex.com/bots) AppleWebKit/537.36 (KHTML, like Gecko) Chrome/81.0.4044.268', '2023-03-04 23:51:44', '2023-03-04 23:51:44'),
(1237, 'e6c1b9fb-261b-4838-b8f0-ebed430beb34', 3, 'Mozilla/5.0 (compatible; YandexRenderResourcesBot/1.0; +http://yandex.com/bots) AppleWebKit/537.36 (KHTML, like Gecko) Chrome/81.0.4044.268', '2023-03-06 09:36:29', '2023-03-06 09:36:29'),
(1238, '281f74dc-647c-4ef5-9126-f0cf2b0d9df7', 3, 'Mozilla/5.0 (Linux; Android 6.0.1; Nexus 5X Build/MMB29P) AppleWebKit/537.36 (KHTML, like Gecko) Chrome/110.0.5481.177 Mobile Safari/537.36 (compatible; Googlebot/2.1; +http://www.google.com/bot.html)', '2023-03-06 11:47:07', '2023-03-06 11:47:07');
INSERT INTO `sessions` (`id`, `token`, `user_id`, `user_agent`, `datetime_create`, `datetime_update`) VALUES
(1239, 'b3bce559-aed3-401e-8955-786b66827aa5', 3, 'Mozilla/5.0 AppleWebKit/537.36 (KHTML, like Gecko; compatible; Googlebot/2.1; +http://www.google.com/bot.html) Chrome/110.0.5481.177 Safari/537.36', '2023-03-06 11:47:07', '2023-03-06 11:47:07'),
(1240, '47b58101-5546-49c4-bea8-bdea2cb65eab', 3, 'Mozilla/5.0 (Macintosh; Intel Mac OS X 10_15_7) AppleWebKit/537.36 (KHTML, like Gecko) Chrome/104.0.5112.79 Safari/537.36', '2023-03-06 20:55:05', '2023-03-06 20:55:05'),
(1241, 'd2afdbf1-7752-4695-a19a-12ffc1076fc2', 3, 'Mozilla/5.0 (compatible; YandexRenderResourcesBot/1.0; +http://yandex.com/bots) AppleWebKit/537.36 (KHTML, like Gecko) Chrome/81.0.4044.268', '2023-03-07 00:05:57', '2023-03-07 00:05:57'),
(1242, '01cf8dd5-3e91-4f22-a974-74e3662e4550', 3, 'Mozilla/5.0 (compatible; YandexRenderResourcesBot/1.0; +http://yandex.com/bots) AppleWebKit/537.36 (KHTML, like Gecko) Chrome/81.0.4044.268', '2023-03-08 12:13:27', '2023-03-08 12:13:27'),
(1243, '3674decf-27f1-496b-87e9-efda5e3b9d8e', 3, 'Mozilla/5.0 (compatible; YandexRenderResourcesBot/1.0; +http://yandex.com/bots) AppleWebKit/537.36 (KHTML, like Gecko) Chrome/81.0.4044.268', '2023-03-08 20:15:00', '2023-03-08 20:15:00'),
(1244, 'df2834cd-4a38-459e-b854-54742d091677', 3, 'Mozilla/5.0 (compatible; YandexRenderResourcesBot/1.0; +http://yandex.com/bots) AppleWebKit/537.36 (KHTML, like Gecko) Chrome/81.0.4044.268', '2023-03-09 11:02:21', '2023-03-09 11:02:21'),
(1245, '216acbfe-1ea0-4867-916d-b3ccfd0f1749', 3, 'Mozilla/5.0 (Windows NT 10.0; Win64; x64; rv:108.0) Gecko/20100101 Firefox/108.0', '2023-03-10 07:01:55', '2023-03-10 07:01:55'),
(1246, 'f12378ee-3615-417e-b3c6-4d5d2e35cf11', 3, 'Mozilla/5.0 (Windows NT 10.0; Win64; x64; rv:108.0) Gecko/20100101 Firefox/108.0', '2023-03-10 07:01:58', '2023-03-10 07:01:58'),
(1247, '38278f1d-d860-4ade-819c-c35134ae2a03', 3, 'Mozilla/5.0 (Macintosh; Intel Mac OS X 10_15_7) AppleWebKit/537.36 (KHTML, like Gecko) Chrome/110.0.0.0 Safari/537.36', '2023-03-10 10:29:03', '2023-03-10 10:29:03'),
(1248, '0a9c3ec6-b64c-4fb3-820f-279b3e775e2c', 3, 'Mozilla/5.0 (Linux; arm_64; Android 10; MAR-LX1M) AppleWebKit/537.36 (KHTML, like Gecko) Chrome/108.0.0.0 YaBrowser/23.1.5.90.00 SA/3 Mobile Safari/537.36', '2023-03-10 11:42:08', '2023-03-10 11:42:08'),
(1249, '24dfd9bb-71ae-427c-afdb-fa2065e73478', 3, 'Mozilla/5.0 (compatible; YandexRenderResourcesBot/1.0; +http://yandex.com/bots) AppleWebKit/537.36 (KHTML, like Gecko) Chrome/108.0.0.0', '2023-03-11 01:26:07', '2023-03-11 01:26:07'),
(1250, '2bf03dec-4b6d-420a-9334-efe3dabe8760', 3, 'Mozilla/5.0 (compatible; YandexRenderResourcesBot/1.0; +http://yandex.com/bots) AppleWebKit/537.36 (KHTML, like Gecko) Chrome/108.0.0.0', '2023-03-11 09:42:49', '2023-03-11 09:42:49'),
(1251, 'a04284ec-9d6c-4b77-99c8-8de4bbc274e1', 19, 'Mozilla/5.0 (Windows NT 10.0; Win64; x64) AppleWebKit/537.36 (KHTML, like Gecko) Chrome/114.0.0.0 YaBrowser/23.7.1.1140 Yowser/2.5 Safari/537.36', '2023-03-11 09:46:16', '2023-07-29 12:45:04'),
(1252, '1695a898-ceb1-46aa-ba8d-f237e1220245', 3, 'Mozilla/5.0 (compatible; YandexRenderResourcesBot/1.0; +http://yandex.com/bots) AppleWebKit/537.36 (KHTML, like Gecko) Chrome/108.0.0.0', '2023-03-12 02:51:18', '2023-03-12 02:51:18'),
(1253, '4c07c643-0e8c-473a-9127-48b41bddf011', 3, 'Mozilla/5.0 (compatible; YandexRenderResourcesBot/1.0; +http://yandex.com/bots) AppleWebKit/537.36 (KHTML, like Gecko) Chrome/108.0.0.0', '2023-03-12 10:17:57', '2023-03-12 10:17:57'),
(1254, '97cabb46-b1e4-4f54-9a40-ac92fa98c32d', 3, 'Mozilla/5.0 AppleWebKit/537.36 (KHTML, like Gecko; compatible; Googlebot/2.1; +http://www.google.com/bot.html) Chrome/110.0.5481.177 Safari/537.36', '2023-03-12 22:25:55', '2023-03-12 22:25:55'),
(1255, '738254e0-4995-4a68-b5f1-63193515a57f', 3, 'Mozilla/5.0 (compatible; YandexRenderResourcesBot/1.0; +http://yandex.com/bots) AppleWebKit/537.36 (KHTML, like Gecko) Chrome/108.0.0.0', '2023-03-14 00:40:17', '2023-03-14 00:40:17'),
(1256, '7f7713a1-c34a-4160-9122-931ba755d024', 3, 'Mozilla/5.0 (compatible; YandexRenderResourcesBot/1.0; +http://yandex.com/bots) AppleWebKit/537.36 (KHTML, like Gecko) Chrome/108.0.0.0', '2023-03-14 01:45:34', '2023-03-14 01:45:34'),
(1257, 'e9afe88c-3df2-46b7-92e9-10896ae53226', 3, 'Mozilla/5.0 (Windows NT 10.0; Win64; x64; rv:109.0) Gecko/20100101 Firefox/110.0', '2023-03-15 01:04:27', '2023-03-15 01:04:27'),
(1258, 'b311b49e-63e3-4c95-b5b4-5e9809cb2414', 3, 'Mozilla/5.0 (compatible; YandexRenderResourcesBot/1.0; +http://yandex.com/bots) AppleWebKit/537.36 (KHTML, like Gecko) Chrome/108.0.0.0', '2023-03-15 01:46:00', '2023-03-15 01:46:00'),
(1259, '944bcbde-0676-4437-bf93-3c375dd8b971', 3, 'Mozilla/5.0 (compatible; YandexRenderResourcesBot/1.0; +http://yandex.com/bots) AppleWebKit/537.36 (KHTML, like Gecko) Chrome/108.0.0.0', '2023-03-15 01:46:01', '2023-03-15 01:46:01'),
(1260, 'd012e82c-23cf-4bf7-bf61-b9d8d4aad18d', 3, 'Mozilla/5.0 (compatible; YandexRenderResourcesBot/1.0; +http://yandex.com/bots) AppleWebKit/537.36 (KHTML, like Gecko) Chrome/108.0.0.0', '2023-03-15 02:01:15', '2023-03-15 02:01:15'),
(1261, 'f5dceca7-882f-4587-897c-a2f2ff1bd679', 3, 'Mozilla/5.0 (compatible; YandexRenderResourcesBot/1.0; +http://yandex.com/bots) AppleWebKit/537.36 (KHTML, like Gecko) Chrome/108.0.0.0', '2023-03-16 09:07:07', '2023-03-16 09:07:08'),
(1262, 'f3ae1cb7-b070-42a6-99a2-cc6815222c3f', 3, 'Mozilla/5.0 (compatible; YandexRenderResourcesBot/1.0; +http://yandex.com/bots) AppleWebKit/537.36 (KHTML, like Gecko) Chrome/108.0.0.0', '2023-03-16 14:40:30', '2023-03-16 14:40:30'),
(1263, '9396a8bf-0fc3-44e1-89ab-3cd948524e2e', 3, 'Mozilla/5.0 (compatible; YandexRenderResourcesBot/1.0; +http://yandex.com/bots) AppleWebKit/537.36 (KHTML, like Gecko) Chrome/108.0.0.0', '2023-03-16 14:43:31', '2023-03-16 14:43:31'),
(1264, '36f6f34d-2628-4be3-a707-9a76831f7700', 3, 'Mozilla/5.0 (compatible; YandexRenderResourcesBot/1.0; +http://yandex.com/bots) AppleWebKit/537.36 (KHTML, like Gecko) Chrome/108.0.0.0', '2023-03-17 15:21:44', '2023-03-17 15:21:44'),
(1265, 'ad73a4ed-6cff-4d65-8a0a-77fc0248f51e', 3, 'Mozilla/5.0 (compatible; YandexRenderResourcesBot/1.0; +http://yandex.com/bots) AppleWebKit/537.36 (KHTML, like Gecko) Chrome/108.0.0.0', '2023-03-17 18:59:29', '2023-03-17 18:59:29'),
(1266, '92b1c1ed-497a-4cfb-ad06-dc5bdcef5873', 3, 'Mozilla/5.0 (compatible; YandexRenderResourcesBot/1.0; +http://yandex.com/bots) AppleWebKit/537.36 (KHTML, like Gecko) Chrome/108.0.0.0', '2023-03-17 19:25:31', '2023-03-17 19:25:31'),
(1267, 'b9a57d09-2c15-4dfd-81d7-71bb98f3296c', 3, 'Mozilla/5.0 (compatible; YandexRenderResourcesBot/1.0; +http://yandex.com/bots) AppleWebKit/537.36 (KHTML, like Gecko) Chrome/108.0.0.0', '2023-03-17 19:25:38', '2023-03-17 19:25:38'),
(1268, 'fd290dd0-f9f1-4343-ab03-2fbbb1fa3e15', 3, 'Mozilla/5.0 (compatible; YandexRenderResourcesBot/1.0; +http://yandex.com/bots) AppleWebKit/537.36 (KHTML, like Gecko) Chrome/108.0.0.0', '2023-03-17 19:25:38', '2023-03-17 19:25:38'),
(1269, '5b0891f1-a461-4def-9126-ee264fdbc925', 3, 'Mozilla/5.0 (compatible; YandexRenderResourcesBot/1.0; +http://yandex.com/bots) AppleWebKit/537.36 (KHTML, like Gecko) Chrome/108.0.0.0', '2023-03-17 19:25:39', '2023-03-17 19:25:39'),
(1270, '163ba1e7-8395-41b6-ad01-b900de540634', 3, 'Mozilla/5.0 (compatible; YandexRenderResourcesBot/1.0; +http://yandex.com/bots) AppleWebKit/537.36 (KHTML, like Gecko) Chrome/108.0.0.0', '2023-03-17 19:25:44', '2023-03-17 19:25:44'),
(1271, 'f51f42bf-23e8-4cc7-ba5d-cbbdf257a39e', 3, 'Mozilla/5.0 (compatible; YandexRenderResourcesBot/1.0; +http://yandex.com/bots) AppleWebKit/537.36 (KHTML, like Gecko) Chrome/108.0.0.0', '2023-03-17 19:25:45', '2023-03-17 19:25:45'),
(1272, '7f873d05-9b5e-47e3-a58f-0590b8316aa9', 3, 'Mozilla/5.0 (compatible; YandexRenderResourcesBot/1.0; +http://yandex.com/bots) AppleWebKit/537.36 (KHTML, like Gecko) Chrome/108.0.0.0', '2023-03-17 19:25:45', '2023-03-17 19:25:45'),
(1273, '6f4b1510-e9ed-4671-a887-059362917d2a', 3, 'Mozilla/5.0 (compatible; YandexRenderResourcesBot/1.0; +http://yandex.com/bots) AppleWebKit/537.36 (KHTML, like Gecko) Chrome/108.0.0.0', '2023-03-17 19:25:51', '2023-03-17 19:25:51'),
(1274, '252a7f66-5079-47ea-8138-789acca40221', 3, 'Mozilla/5.0 (compatible; YandexRenderResourcesBot/1.0; +http://yandex.com/bots) AppleWebKit/537.36 (KHTML, like Gecko) Chrome/108.0.0.0', '2023-03-17 19:25:51', '2023-03-17 19:25:51'),
(1275, '336502de-d288-4811-b04f-09ee78f90f83', 3, 'Mozilla/5.0 (compatible; YandexRenderResourcesBot/1.0; +http://yandex.com/bots) AppleWebKit/537.36 (KHTML, like Gecko) Chrome/108.0.0.0', '2023-03-17 19:25:53', '2023-03-17 19:25:53'),
(1276, 'f6b24514-ff9b-403b-b937-21fde8648b2c', 3, 'Mozilla/5.0 (compatible; YandexRenderResourcesBot/1.0; +http://yandex.com/bots) AppleWebKit/537.36 (KHTML, like Gecko) Chrome/108.0.0.0', '2023-03-17 19:25:53', '2023-03-17 19:25:53'),
(1277, '0029e11f-0c21-4b2d-a5d7-8c6496fc479b', 3, 'Mozilla/5.0 (compatible; YandexRenderResourcesBot/1.0; +http://yandex.com/bots) AppleWebKit/537.36 (KHTML, like Gecko) Chrome/108.0.0.0', '2023-03-17 19:25:55', '2023-03-17 19:25:55'),
(1278, 'ff0ed765-35b7-4bf4-802d-0324296a417b', 3, 'Mozilla/5.0 (compatible; YandexRenderResourcesBot/1.0; +http://yandex.com/bots) AppleWebKit/537.36 (KHTML, like Gecko) Chrome/108.0.0.0', '2023-03-17 19:26:20', '2023-03-17 19:26:20'),
(1279, 'ced348c3-303e-4b59-84da-f578038173f1', 3, 'Mozilla/5.0 (compatible; YandexRenderResourcesBot/1.0; +http://yandex.com/bots) AppleWebKit/537.36 (KHTML, like Gecko) Chrome/108.0.0.0', '2023-03-17 19:26:22', '2023-03-17 19:26:22'),
(1280, '2935dc7a-19c2-4ffb-aff5-e6875e2efe00', 3, 'Mozilla/5.0 (compatible; YandexRenderResourcesBot/1.0; +http://yandex.com/bots) AppleWebKit/537.36 (KHTML, like Gecko) Chrome/108.0.0.0', '2023-03-17 19:27:49', '2023-03-17 19:27:49'),
(1281, '97ab9b72-1d66-4860-b965-e4ecd2eec8f4', 3, 'Mozilla/5.0 (compatible; YandexRenderResourcesBot/1.0; +http://yandex.com/bots) AppleWebKit/537.36 (KHTML, like Gecko) Chrome/108.0.0.0', '2023-03-17 19:28:10', '2023-03-17 19:28:10'),
(1282, '53e32dcb-b9b0-4e7e-9c42-a6a923715a20', 3, 'Mozilla/5.0 (compatible; YandexRenderResourcesBot/1.0; +http://yandex.com/bots) AppleWebKit/537.36 (KHTML, like Gecko) Chrome/108.0.0.0', '2023-03-17 19:28:58', '2023-03-17 19:28:58'),
(1283, '47fb234f-8769-4d57-baaf-59d1636e4217', 3, 'Mozilla/5.0 (compatible; YandexRenderResourcesBot/1.0; +http://yandex.com/bots) AppleWebKit/537.36 (KHTML, like Gecko) Chrome/108.0.0.0', '2023-03-17 19:29:17', '2023-03-17 19:29:17'),
(1284, '09da2c65-5d37-4a82-a49e-f75ad4350aa3', 3, 'Mozilla/5.0 (compatible; YandexRenderResourcesBot/1.0; +http://yandex.com/bots) AppleWebKit/537.36 (KHTML, like Gecko) Chrome/108.0.0.0', '2023-03-17 19:29:43', '2023-03-17 19:29:43'),
(1285, 'e6dc8132-07d7-41ee-9b00-9b71b7520336', 3, 'Mozilla/5.0 (compatible; YandexRenderResourcesBot/1.0; +http://yandex.com/bots) AppleWebKit/537.36 (KHTML, like Gecko) Chrome/108.0.0.0', '2023-03-17 19:30:16', '2023-03-17 19:30:16'),
(1286, '820d9f3a-3ed0-4931-9ae1-e36c90a7c286', 3, 'Mozilla/5.0 (compatible; YandexRenderResourcesBot/1.0; +http://yandex.com/bots) AppleWebKit/537.36 (KHTML, like Gecko) Chrome/108.0.0.0', '2023-03-17 19:30:49', '2023-03-17 19:30:49'),
(1287, 'a2e9a4ba-0770-42f0-87d3-8c1d084a228f', 3, 'Mozilla/5.0 (compatible; YandexRenderResourcesBot/1.0; +http://yandex.com/bots) AppleWebKit/537.36 (KHTML, like Gecko) Chrome/108.0.0.0', '2023-03-17 19:32:23', '2023-03-17 19:32:23'),
(1288, 'eded3fa0-7ccc-406e-93d7-b00c7d1c06dd', 3, 'Mozilla/5.0 (compatible; YandexRenderResourcesBot/1.0; +http://yandex.com/bots) AppleWebKit/537.36 (KHTML, like Gecko) Chrome/108.0.0.0', '2023-03-18 08:00:03', '2023-03-18 08:00:03'),
(1289, '03b4ec06-b6ff-435c-bb51-4fc20aaa20b7', 3, 'Mozilla/5.0 (compatible; YandexRenderResourcesBot/1.0; +http://yandex.com/bots) AppleWebKit/537.36 (KHTML, like Gecko) Chrome/108.0.0.0', '2023-03-18 09:16:02', '2023-03-18 09:16:02'),
(1290, 'be3731a1-7774-42e0-9202-6e8763325748', 3, 'Mozilla/5.0 (compatible; YandexRenderResourcesBot/1.0; +http://yandex.com/bots) AppleWebKit/537.36 (KHTML, like Gecko) Chrome/108.0.0.0', '2023-03-18 20:59:57', '2023-03-18 20:59:57'),
(1291, 'b292cf8c-cb4e-474f-929b-f57162b61869', 3, 'Mozilla/5.0 (compatible; YandexRenderResourcesBot/1.0; +http://yandex.com/bots) AppleWebKit/537.36 (KHTML, like Gecko) Chrome/108.0.0.0', '2023-03-19 01:10:27', '2023-03-19 01:10:27'),
(1292, '2daf84bd-4047-4080-91d4-c58acc04a79a', 3, 'Mozilla/5.0 (compatible; YandexRenderResourcesBot/1.0; +http://yandex.com/bots) AppleWebKit/537.36 (KHTML, like Gecko) Chrome/108.0.0.0', '2023-03-19 15:23:34', '2023-03-19 15:23:34'),
(1293, '3f921c8a-674c-4d2e-a70d-514f3b0ef463', 3, 'Mozilla/5.0 (compatible; YandexRenderResourcesBot/1.0; +http://yandex.com/bots) AppleWebKit/537.36 (KHTML, like Gecko) Chrome/108.0.0.0', '2023-03-20 12:46:00', '2023-03-20 12:46:00'),
(1294, 'bcc6a3fb-d15f-4399-92f6-9542361b8ee6', 3, 'Mozilla/5.0 (Linux; Android 6.0.1; Nexus 5X Build/MMB29P) AppleWebKit/537.36 (KHTML, like Gecko) Chrome/111.0.5563.64 Mobile Safari/537.36 (compatible; Googlebot/2.1; +http://www.google.com/bot.html)', '2023-03-20 15:50:16', '2023-03-20 15:50:16'),
(1295, '3b2bacfe-0cf0-4cb6-85c0-a5092750f3ad', 3, 'Mozilla/5.0 (compatible; YandexRenderResourcesBot/1.0; +http://yandex.com/bots) AppleWebKit/537.36 (KHTML, like Gecko) Chrome/108.0.0.0', '2023-03-20 19:28:07', '2023-03-20 19:28:07'),
(1296, '10cba018-4098-4796-bedf-fc368f56e399', 3, 'Mozilla/5.0 (compatible; YandexRenderResourcesBot/1.0; +http://yandex.com/bots) AppleWebKit/537.36 (KHTML, like Gecko) Chrome/108.0.0.0', '2023-03-20 21:49:19', '2023-03-20 21:49:19'),
(1297, '25c8daaf-f2da-41e2-aa1a-11ac21d6e550', 3, 'Mozilla/5.0 (compatible; YandexRenderResourcesBot/1.0; +http://yandex.com/bots) AppleWebKit/537.36 (KHTML, like Gecko) Chrome/108.0.0.0', '2023-03-21 00:58:34', '2023-03-21 00:58:34'),
(1298, '93a86e9f-77f9-4011-ab99-19806d4ead0b', 3, 'Mozilla/5.0 (compatible; YandexRenderResourcesBot/1.0; +http://yandex.com/bots) AppleWebKit/537.36 (KHTML, like Gecko) Chrome/108.0.0.0', '2023-03-21 15:03:15', '2023-03-21 15:03:15'),
(1299, 'd9d78264-8291-4e16-b608-6cfe50ccbd75', 3, 'Mozilla/5.0 (compatible; YandexRenderResourcesBot/1.0; +http://yandex.com/bots) AppleWebKit/537.36 (KHTML, like Gecko) Chrome/108.0.0.0', '2023-03-22 06:04:08', '2023-03-22 06:04:08'),
(1300, '5a3fe5fd-cb53-46dd-b086-e6b45847a35a', 3, 'Mozilla/5.0 (Macintosh; Intel Mac OS X 10_15_7) AppleWebKit/537.36 (KHTML, like Gecko) Chrome/108.0.0.0 YaBrowser/23.1.2.980 Yowser/2.5 Safari/537.36', '2023-03-22 10:41:46', '2023-03-22 10:41:46'),
(1301, 'dfec55e1-6c30-4e8f-94c5-48f638345b64', 3, 'Mozilla/5.0 (compatible; YandexRenderResourcesBot/1.0; +http://yandex.com/bots) AppleWebKit/537.36 (KHTML, like Gecko) Chrome/108.0.0.0', '2023-03-23 05:54:09', '2023-03-23 05:54:09'),
(1302, '09ffb3f4-defd-4bb4-87fe-54357854654d', 3, 'Mozilla/5.0 (compatible; YandexRenderResourcesBot/1.0; +http://yandex.com/bots) AppleWebKit/537.36 (KHTML, like Gecko) Chrome/108.0.0.0', '2023-03-24 04:31:42', '2023-03-24 04:31:42'),
(1303, '2baacf69-6aa8-40f6-b411-6fd91aca2fb0', 3, 'Mozilla/5.0 (compatible; YandexRenderResourcesBot/1.0; +http://yandex.com/bots) AppleWebKit/537.36 (KHTML, like Gecko) Chrome/108.0.0.0', '2023-03-24 04:46:22', '2023-03-24 04:46:22'),
(1304, '8baf805e-33a9-4c9b-83aa-a33a84975111', 3, 'Mozilla/5.0 (compatible; YandexRenderResourcesBot/1.0; +http://yandex.com/bots) AppleWebKit/537.36 (KHTML, like Gecko) Chrome/108.0.0.0', '2023-03-25 03:22:11', '2023-03-25 03:22:11'),
(1305, 'c9b99853-2dac-4dfb-8de4-0f5d30c97b9d', 3, 'Mozilla/5.0 (compatible; YandexRenderResourcesBot/1.0; +http://yandex.com/bots) AppleWebKit/537.36 (KHTML, like Gecko) Chrome/108.0.0.0', '2023-03-25 03:22:12', '2023-03-25 03:22:12'),
(1306, '494309f6-160c-4d95-851a-121bf84ffbc7', 3, 'Mozilla/5.0 (compatible; YandexRenderResourcesBot/1.0; +http://yandex.com/bots) AppleWebKit/537.36 (KHTML, like Gecko) Chrome/108.0.0.0', '2023-03-26 10:18:43', '2023-03-26 10:18:43'),
(1307, 'ed322341-551c-4dd7-944f-ed6fa1feab2d', 3, 'Mozilla/5.0 (compatible; YandexRenderResourcesBot/1.0; +http://yandex.com/bots) AppleWebKit/537.36 (KHTML, like Gecko) Chrome/108.0.0.0', '2023-03-27 18:12:03', '2023-03-27 18:12:03'),
(1308, 'a102e94e-6a33-4ce7-a990-66ca68d8808a', 3, 'Mozilla/5.0 (compatible; YandexRenderResourcesBot/1.0; +http://yandex.com/bots) AppleWebKit/537.36 (KHTML, like Gecko) Chrome/108.0.0.0', '2023-03-28 06:05:06', '2023-03-28 06:05:06'),
(1309, 'f71f27fe-fe8b-4f0c-b94f-a49ea48b31db', 3, 'Mozilla/5.0 (compatible; YandexRenderResourcesBot/1.0; +http://yandex.com/bots) AppleWebKit/537.36 (KHTML, like Gecko) Chrome/108.0.0.0', '2023-03-28 09:21:28', '2023-03-28 09:21:28'),
(1310, '0470240d-c3c1-48a3-8e56-26fef380fee6', 3, 'Mozilla/5.0 (compatible; YandexRenderResourcesBot/1.0; +http://yandex.com/bots) AppleWebKit/537.36 (KHTML, like Gecko) Chrome/108.0.0.0', '2023-03-28 10:52:44', '2023-03-28 10:52:44'),
(1311, 'c59f852b-3668-4e13-a0a5-feeb6be99e6e', 3, 'Mozilla/5.0 (Linux; Android 6.0.1; Nexus 5X Build/MMB29P) AppleWebKit/537.36 (KHTML, like Gecko) Chrome/112.0.5615.49 Mobile Safari/537.36 (compatible; Googlebot/2.1; +http://www.google.com/bot.html)', '2023-04-17 12:56:39', '2023-04-17 12:56:39'),
(1312, 'cc8b58ac-82c7-4e5f-a03f-8fc81c0235d9', 3, 'Mozilla/5.0 AppleWebKit/537.36 (KHTML, like Gecko; compatible; Googlebot/2.1; +http://www.google.com/bot.html) Chrome/112.0.5615.49 Safari/537.36', '2023-04-17 12:56:43', '2023-04-17 12:56:43'),
(1313, '2147142d-a816-4043-a58b-5dacaa81650e', 3, 'Mozilla/5.0 (compatible; YandexRenderResourcesBot/1.0; +http://yandex.com/bots) AppleWebKit/537.36 (KHTML, like Gecko) Chrome/108.0.0.0', '2023-04-17 17:36:59', '2023-04-17 17:36:59'),
(1314, '1851ae20-cd4a-47b6-bcb8-82b81e88e461', 3, 'Mozilla/5.0 (Macintosh; Intel Mac OS X 10_15_7) AppleWebKit/537.36 (KHTML, like Gecko) Chrome/104.0.5112.79 Safari/537.36', '2023-04-17 21:30:47', '2023-04-17 21:30:47'),
(1315, 'e42de378-6569-4575-9379-6e67b90f582d', 3, 'Mozilla/5.0 (compatible; YandexRenderResourcesBot/1.0; +http://yandex.com/bots) AppleWebKit/537.36 (KHTML, like Gecko) Chrome/108.0.0.0', '2023-04-18 17:27:36', '2023-04-18 17:27:36'),
(1316, 'ce8f03f2-540a-4c24-b00d-50127241382a', 3, 'Mozilla/5.0 (compatible; YandexRenderResourcesBot/1.0; +http://yandex.com/bots) AppleWebKit/537.36 (KHTML, like Gecko) Chrome/108.0.0.0', '2023-04-18 17:28:40', '2023-04-18 17:28:40'),
(1317, '3e88dfd7-bc96-4f46-af5b-def80710e7cc', 3, 'Mozilla/5.0 (compatible; YandexRenderResourcesBot/1.0; +http://yandex.com/bots) AppleWebKit/537.36 (KHTML, like Gecko) Chrome/108.0.0.0', '2023-04-19 08:11:23', '2023-04-19 08:11:23'),
(1318, '34c8282b-2e38-4448-8705-c24a7102dfd8', 3, 'Mozilla/5.0 (compatible; YandexRenderResourcesBot/1.0; +http://yandex.com/bots) AppleWebKit/537.36 (KHTML, like Gecko) Chrome/108.0.0.0', '2023-04-19 08:24:59', '2023-04-19 08:24:59'),
(1319, '66e63821-a08b-4615-8f84-5fc9f06adc80', 3, 'Mozilla/5.0 (Macintosh; Intel Mac OS X 11_0_0) AppleWebKit/537.36 (KHTML, like Gecko) Chrome/87.0.4280.88 Safari/537.36', '2023-04-20 09:34:50', '2023-04-20 09:34:50'),
(1320, 'f9a228db-4576-4346-a6ac-624a01491ce3', 3, 'Mozilla/5.0 (Macintosh; Intel Mac OS X 11_0_0) AppleWebKit/537.36 (KHTML, like Gecko) Chrome/87.0.4280.88 Safari/537.36', '2023-04-20 09:35:25', '2023-04-20 09:35:25'),
(1321, '9080cee4-9fb3-4f9a-984f-2c0330341201', 3, 'Mozilla/5.0 (Macintosh; Intel Mac OS X 11_0_0) AppleWebKit/537.36 (KHTML, like Gecko) Chrome/87.0.4280.88 Safari/537.36', '2023-04-20 09:35:42', '2023-04-20 09:35:42'),
(1322, '7a16dca3-82c2-4996-a42a-005e8b7c4a53', 3, 'Mozilla/5.0 (Macintosh; Intel Mac OS X 11_0_0) AppleWebKit/537.36 (KHTML, like Gecko) Chrome/87.0.4280.88 Safari/537.36', '2023-04-20 09:35:44', '2023-04-20 09:35:44'),
(1323, 'f2a54497-3f5d-4146-aa7c-4e79e3cad0cf', 3, 'Mozilla/5.0 AppleWebKit/537.36 (KHTML, like Gecko; compatible; Googlebot/2.1; +http://www.google.com/bot.html) Chrome/111.0.5563.146 Safari/537.36', '2023-04-20 16:54:30', '2023-04-20 16:54:30'),
(1324, '96808f4e-bf57-41b3-858e-588fcaf8aa2b', 3, 'Mozilla/5.0 (compatible; YandexRenderResourcesBot/1.0; +http://yandex.com/bots) AppleWebKit/537.36 (KHTML, like Gecko) Chrome/108.0.0.0', '2023-04-20 19:54:29', '2023-04-20 19:54:29'),
(1325, '9114f683-0c0f-4009-b170-1fe856c62191', 3, 'Mozilla/5.0 (compatible; YandexRenderResourcesBot/1.0; +http://yandex.com/bots) AppleWebKit/537.36 (KHTML, like Gecko) Chrome/108.0.0.0', '2023-04-21 00:06:12', '2023-04-21 00:06:12'),
(1326, 'eeb78205-cef0-4b73-8ab9-7885890698b4', 3, 'Mozilla/5.0 (compatible; YandexRenderResourcesBot/1.0; +http://yandex.com/bots) AppleWebKit/537.36 (KHTML, like Gecko) Chrome/108.0.0.0', '2023-04-21 00:38:46', '2023-04-21 00:38:46'),
(1327, 'b7c402e0-e648-482d-88b7-4d765874230b', 3, 'Mozilla/5.0 (compatible; YandexRenderResourcesBot/1.0; +http://yandex.com/bots) AppleWebKit/537.36 (KHTML, like Gecko) Chrome/108.0.0.0', '2023-04-21 21:24:21', '2023-04-21 21:24:21'),
(1328, '904636f1-d7f0-47b2-b52d-2cb478e6aee7', 3, 'Mozilla/5.0 (compatible; YandexRenderResourcesBot/1.0; +http://yandex.com/bots) AppleWebKit/537.36 (KHTML, like Gecko) Chrome/108.0.0.0', '2023-04-21 21:39:45', '2023-04-21 21:39:45'),
(1329, '2ed8ca2e-1485-43c5-82a5-d822253b485c', 3, 'Mozilla/5.0 (compatible; YandexRenderResourcesBot/1.0; +http://yandex.com/bots) AppleWebKit/537.36 (KHTML, like Gecko) Chrome/108.0.0.0', '2023-04-21 21:39:52', '2023-04-21 21:39:52'),
(1330, '592341bb-83de-4127-bb8b-758d6df967be', 3, 'Mozilla/5.0 (compatible; YandexRenderResourcesBot/1.0; +http://yandex.com/bots) AppleWebKit/537.36 (KHTML, like Gecko) Chrome/108.0.0.0', '2023-04-21 21:54:59', '2023-04-21 21:54:59'),
(1331, 'ef9c46ce-bc18-4a08-b6ac-41419c791ddb', 3, 'Mozilla/5.0 (Windows NT 10.0; Win64; x64) AppleWebKit/537.36 (KHTML, like Gecko) Chrome/79.0.3945.79 Safari/537.36', '2023-04-23 16:19:47', '2023-04-23 16:19:47'),
(1332, '826ce858-3303-442c-8deb-7d381b303f9b', 3, 'Mozilla/5.0 (compatible; YandexRenderResourcesBot/1.0; +http://yandex.com/bots) AppleWebKit/537.36 (KHTML, like Gecko) Chrome/108.0.0.0', '2023-04-24 15:10:53', '2023-04-24 15:10:53'),
(1333, '954bb2bd-ebc9-4102-8cab-5c095511f1af', 3, 'Mozilla/5.0 (compatible; YandexRenderResourcesBot/1.0; +http://yandex.com/bots) AppleWebKit/537.36 (KHTML, like Gecko) Chrome/108.0.0.0', '2023-04-26 10:03:51', '2023-04-26 10:03:51'),
(1334, 'e414b3fb-e0e3-416f-b8dd-f6d620317598', 3, 'Mozilla/5.0 (compatible; YandexRenderResourcesBot/1.0; +http://yandex.com/bots) AppleWebKit/537.36 (KHTML, like Gecko) Chrome/108.0.0.0', '2023-04-27 11:59:54', '2023-04-27 11:59:54'),
(1335, '16dbf41c-4630-48ac-a4d5-2f38983b130f', 3, 'Mozilla/5.0 (compatible; YandexRenderResourcesBot/1.0; +http://yandex.com/bots) AppleWebKit/537.36 (KHTML, like Gecko) Chrome/108.0.0.0', '2023-04-27 18:50:54', '2023-04-27 18:50:54'),
(1336, 'c040692c-465c-48a5-aef3-eaee71a20d71', 3, 'Mozilla/5.0 (Linux; arm_64; Android 10; MAR-LX1M) AppleWebKit/537.36 (KHTML, like Gecko) Chrome/110.0.0.0 YaApp_Android/23.34.1 YaSearchBrowser/23.34.1 BroPP/1.0 SA/3 Mobile Safari/537.36', '2023-05-02 16:02:52', '2023-05-02 16:02:52'),
(1337, '9b43f326-6355-4733-801c-1614c0987991', 1, 'Mozilla/5.0 (Macintosh; Intel Mac OS X 10_15_7) AppleWebKit/537.36 (KHTML, like Gecko) Chrome/114.0.0.0 Safari/537.36', '2023-05-02 16:13:40', '2023-07-04 12:29:26'),
(1338, '166eb9bd-0fc0-4da7-aacb-14eec3ad7412', 3, 'Mozilla/5.0 (compatible; YandexRenderResourcesBot/1.0; +http://yandex.com/bots) AppleWebKit/537.36 (KHTML, like Gecko) Chrome/108.0.0.0', '2023-05-02 17:51:28', '2023-05-02 17:51:28'),
(1339, 'a11d7678-8383-45be-a517-9a24f1c4a32f', 3, 'Mozilla/5.0 (Windows NT 10.0; Win64; x64) AppleWebKit/537.36 (KHTML, like Gecko) Chrome/112.0.0.0 Safari/537.36 Edg/112.0.1722.64', '2023-05-02 19:27:45', '2023-05-02 19:27:45'),
(1340, 'a7892397-6d7b-49eb-97d6-d4a38483a25d', 3, 'Mozilla/5.0 (compatible; YandexRenderResourcesBot/1.0; +http://yandex.com/bots) AppleWebKit/537.36 (KHTML, like Gecko) Chrome/108.0.0.0', '2023-05-03 12:46:48', '2023-05-03 12:46:48'),
(1341, '3ef9b197-188c-4e2e-909a-5ebd2ab78303', 3, 'Mozilla/5.0 (compatible; YandexRenderResourcesBot/1.0; +http://yandex.com/bots) AppleWebKit/537.36 (KHTML, like Gecko) Chrome/108.0.0.0', '2023-05-03 21:03:22', '2023-05-03 21:03:22'),
(1342, '6c22193c-1e0c-46e9-b1a6-62bd59008477', 3, 'Mozilla/5.0 (Windows NT 10.0; Win64; x64) AppleWebKit/537.36 (KHTML, like Gecko) Chrome/112.0.0.0 Safari/537.36 Edg/112.0.1722.64', '2023-05-04 00:33:52', '2023-05-04 00:33:52'),
(1343, '7f30fe1b-f084-4de9-ad20-b6a34d89a10f', 3, 'Mozilla/5.0 (Windows NT 10.0; Win64; x64) AppleWebKit/537.36 (KHTML, like Gecko) Chrome/112.0.0.0 Safari/537.36', '2023-05-04 18:47:32', '2023-05-04 18:47:32'),
(1344, 'd52d8750-520e-4855-a130-5f3c34977044', 3, 'Mozilla/5.0 (compatible; YandexRenderResourcesBot/1.0; +http://yandex.com/bots) AppleWebKit/537.36 (KHTML, like Gecko) Chrome/108.0.0.0', '2023-05-04 20:34:04', '2023-05-04 20:34:04'),
(1345, '56f24c69-9d01-447d-a254-a6bed6b8147f', 3, 'Mozilla/5.0 (compatible; YandexRenderResourcesBot/1.0; +http://yandex.com/bots) AppleWebKit/537.36 (KHTML, like Gecko) Chrome/108.0.0.0', '2023-05-04 21:01:15', '2023-05-04 21:01:15'),
(1346, '434acad6-a5a2-4a63-b36c-b2bcfb8e33fd', 3, 'Mozilla/5.0 (compatible; YandexRenderResourcesBot/1.0; +http://yandex.com/bots) AppleWebKit/537.36 (KHTML, like Gecko) Chrome/108.0.0.0', '2023-05-04 21:31:48', '2023-05-04 21:31:48'),
(1347, '18cc5483-cf09-40e7-b450-c368a791eb93', 3, 'Mozilla/5.0 (Windows NT 10.0; Win64; x64) AppleWebKit/537.36 (KHTML, like Gecko) Chrome/110.0.0.0 YaBrowser/23.3.3.719 Yowser/2.5 Safari/537.36', '2023-05-04 22:13:27', '2023-05-04 22:13:27'),
(1348, '83b055be-e51d-4748-a4bd-8d6728ac370e', 3, 'Mozilla/5.0 (compatible; YandexRenderResourcesBot/1.0; +http://yandex.com/bots) AppleWebKit/537.36 (KHTML, like Gecko) Chrome/108.0.0.0', '2023-05-05 06:11:07', '2023-05-05 06:11:07'),
(1349, 'c06daec8-e3b6-45a9-a2ee-e070d2366c4d', 3, 'Mozilla/5.0 (compatible; YandexRenderResourcesBot/1.0; +http://yandex.com/bots) AppleWebKit/537.36 (KHTML, like Gecko) Chrome/108.0.0.0', '2023-05-05 18:33:24', '2023-05-05 18:33:24'),
(1350, 'd5dec598-ae25-48ab-ab5e-28e69569112e', 3, 'Mozilla/5.0 (Windows NT 6.1; WOW64) AppleWebKit/534+ (KHTML, like Gecko) BingPreview/1.0b', '2023-05-06 01:19:49', '2023-05-06 01:19:49'),
(1351, '39c4fc32-c6eb-442c-8672-b0a98bfa2e2e', 3, 'Mozilla/5.0 (compatible; YandexRenderResourcesBot/1.0; +http://yandex.com/bots) AppleWebKit/537.36 (KHTML, like Gecko) Chrome/108.0.0.0', '2023-05-06 07:34:02', '2023-05-06 07:34:02'),
(1352, '3536e33c-cc2a-43f7-9ab8-c1a894542ef8', 3, 'Mozilla/5.0 (compatible; YandexRenderResourcesBot/1.0; +http://yandex.com/bots) AppleWebKit/537.36 (KHTML, like Gecko) Chrome/108.0.0.0', '2023-05-06 21:14:05', '2023-05-06 21:14:05'),
(1353, '134197ce-6d29-4234-8fe2-2f281d201c7b', 3, 'Mozilla/5.0 (compatible; YandexRenderResourcesBot/1.0; +http://yandex.com/bots) AppleWebKit/537.36 (KHTML, like Gecko) Chrome/108.0.0.0', '2023-05-07 19:33:40', '2023-05-07 19:33:40'),
(1354, 'd4e2a185-c9ff-4e85-b401-acf45e8a0f31', 3, 'Mozilla/5.0 (compatible; YandexRenderResourcesBot/1.0; +http://yandex.com/bots) AppleWebKit/537.36 (KHTML, like Gecko) Chrome/108.0.0.0', '2023-05-08 02:17:05', '2023-05-08 02:17:05'),
(1355, '31bc80b1-ce13-4bad-8efb-c7580c2249ac', 3, 'Mozilla/5.0 (compatible; YandexRenderResourcesBot/1.0; +http://yandex.com/bots) AppleWebKit/537.36 (KHTML, like Gecko) Chrome/108.0.0.0', '2023-05-08 12:09:07', '2023-05-08 12:09:07'),
(1356, '4f8fe01e-27f0-4c75-8b5d-b771af4ad2e0', 3, 'Mozilla/5.0 (compatible; YandexRenderResourcesBot/1.0; +http://yandex.com/bots) AppleWebKit/537.36 (KHTML, like Gecko) Chrome/108.0.0.0', '2023-05-08 20:50:45', '2023-05-08 20:50:45'),
(1357, '5db298a5-0962-4473-b591-2511fb44fb46', 3, 'Mozilla/5.0 (Windows NT 10.0; Win64; x64) AppleWebKit/537.36 (KHTML, like Gecko) Chrome/110.0.0.0 YaBrowser/23.3.3.719 Yowser/2.5 Safari/537.36', '2023-05-09 02:05:06', '2023-05-09 02:05:06'),
(1358, '34cb0015-94b5-4b35-9df2-24b31d9b2965', 3, 'Mozilla/5.0 (Windows NT 10.0; Win64; x64; Valve Steam GameOverlay/1679680416) AppleWebKit/537.36 (KHTML, like Gecko) Chrome/85.0.4183.121 Safari/537.36', '2023-05-09 04:31:06', '2023-05-09 04:31:06'),
(1359, '4d0e8298-939d-46e0-88c9-63d2082e6984', 3, 'Mozilla/5.0 (Windows NT 10.0; Win64; x64) AppleWebKit/537.36 (KHTML, like Gecko) Chrome/108.0.0.0 Safari/537.36', '2023-05-09 04:31:06', '2023-05-09 04:31:06'),
(1360, 'f840c248-e82a-4454-9f47-8062a3a11557', 3, 'Mozilla/5.0 (compatible; YandexRenderResourcesBot/1.0; +http://yandex.com/bots) AppleWebKit/537.36 (KHTML, like Gecko) Chrome/108.0.0.0', '2023-05-09 11:10:13', '2023-05-09 11:10:13'),
(1361, '3bbbd9fa-dda7-43d6-b4b1-09e70cf84b46', 3, 'Mozilla/5.0 (compatible; YandexRenderResourcesBot/1.0; +http://yandex.com/bots) AppleWebKit/537.36 (KHTML, like Gecko) Chrome/108.0.0.0', '2023-05-09 17:38:20', '2023-05-09 17:38:20'),
(1362, '64cd67fc-2690-484b-8591-da317568756a', 3, 'Mozilla/5.0 (compatible; YandexRenderResourcesBot/1.0; +http://yandex.com/bots) AppleWebKit/537.36 (KHTML, like Gecko) Chrome/108.0.0.0', '2023-05-10 00:35:40', '2023-05-10 00:35:40'),
(1363, '38c12403-5ffa-4b28-9f81-22224969d992', 3, 'Mozilla/5.0 (compatible; YandexRenderResourcesBot/1.0; +http://yandex.com/bots) AppleWebKit/537.36 (KHTML, like Gecko) Chrome/108.0.0.0', '2023-05-10 10:46:13', '2023-05-10 10:46:13'),
(1364, 'b41c1035-53fd-4e7d-9c48-03d31e4e5b0c', 3, 'Mozilla/5.0 (compatible; YandexRenderResourcesBot/1.0; +http://yandex.com/bots) AppleWebKit/537.36 (KHTML, like Gecko) Chrome/108.0.0.0', '2023-05-10 15:10:39', '2023-05-10 15:10:39'),
(1365, '75b61ed7-b080-4c41-b38f-384ada740e3b', 3, 'Mozilla/5.0 (Windows NT 10.0; Win64; x64) AppleWebKit/537.36 (KHTML, like Gecko) Chrome/110.0.0.0 YaBrowser/23.3.3.719 Yowser/2.5 Safari/537.36', '2023-05-10 16:25:57', '2023-05-10 16:25:57'),
(1366, 'cceec60e-3c3c-42c7-ad21-70492decfa9e', 3, 'Mozilla/5.0 (Windows NT 10.0; Win64; x64) AppleWebKit/537.36 (KHTML, like Gecko) Chrome/110.0.0.0 YaBrowser/23.3.3.719 Yowser/2.5 Safari/537.36', '2023-05-10 16:26:00', '2023-05-10 16:26:00'),
(1367, '23388709-cfa0-44c1-9c5d-0353ce5e3d0f', 3, 'Mozilla/5.0 (compatible; YandexRenderResourcesBot/1.0; +http://yandex.com/bots) AppleWebKit/537.36 (KHTML, like Gecko) Chrome/108.0.0.0', '2023-05-10 23:03:17', '2023-05-10 23:03:17'),
(1368, '38c1bd78-6e04-49ba-9a14-3db52e8b8da1', 3, 'Mozilla/5.0 (compatible; YandexRenderResourcesBot/1.0; +http://yandex.com/bots) AppleWebKit/537.36 (KHTML, like Gecko) Chrome/108.0.0.0', '2023-05-11 05:44:43', '2023-05-11 05:44:43'),
(1369, '6247535b-3614-47ae-9725-7297cb2e269d', 3, 'Mozilla/5.0 (compatible; YandexRenderResourcesBot/1.0; +http://yandex.com/bots) AppleWebKit/537.36 (KHTML, like Gecko) Chrome/108.0.0.0', '2023-05-11 19:27:15', '2023-05-11 19:27:15'),
(1370, 'cdc53292-94a0-46a5-bef3-7e3639b92c0b', 3, 'Mozilla/5.0 (compatible; YandexRenderResourcesBot/1.0; +http://yandex.com/bots) AppleWebKit/537.36 (KHTML, like Gecko) Chrome/108.0.0.0', '2023-05-12 07:30:05', '2023-05-12 07:30:05'),
(1371, 'f8f8a1f4-4e3f-42ad-ad12-0982372c99a8', 3, 'Mozilla/5.0 (compatible; YandexRenderResourcesBot/1.0; +http://yandex.com/bots) AppleWebKit/537.36 (KHTML, like Gecko) Chrome/108.0.0.0', '2023-05-12 08:52:21', '2023-05-12 08:52:21'),
(1372, '4286ed94-413e-402a-a980-22b276d4a40e', 3, 'Mozilla/5.0 (compatible; YandexRenderResourcesBot/1.0; +http://yandex.com/bots) AppleWebKit/537.36 (KHTML, like Gecko) Chrome/108.0.0.0', '2023-05-12 12:14:53', '2023-05-12 12:14:53'),
(1373, '8640635f-d6ef-442e-b9fd-d416fabf0f1f', 3, 'Mozilla/5.0 (compatible; YandexRenderResourcesBot/1.0; +http://yandex.com/bots) AppleWebKit/537.36 (KHTML, like Gecko) Chrome/108.0.0.0', '2023-05-12 20:30:37', '2023-05-12 20:30:37'),
(1374, '470d4ee6-b333-4573-905e-7c07531419cb', 3, 'Mozilla/5.0 (compatible; YandexRenderResourcesBot/1.0; +http://yandex.com/bots) AppleWebKit/537.36 (KHTML, like Gecko) Chrome/108.0.0.0', '2023-05-12 21:35:28', '2023-05-12 21:35:28'),
(1375, 'a6d6753f-cb43-4fbe-8d43-8ed0f4f49645', 3, 'Mozilla/5.0 (compatible; YandexRenderResourcesBot/1.0; +http://yandex.com/bots) AppleWebKit/537.36 (KHTML, like Gecko) Chrome/108.0.0.0', '2023-05-12 21:51:45', '2023-05-12 21:51:45'),
(1376, '7bf21750-c86f-419c-8968-a6e9017e8d09', 3, 'Mozilla/5.0 (X11; Linux x86_64) AppleWebKit/537.36 (KHTML, like Gecko) HeadlessChrome/80.0.3987.163 Safari/537.36', '2023-05-13 00:18:08', '2023-05-13 00:18:08'),
(1377, 'be817a31-2a4a-4399-bd0f-808d3057c5e9', 3, 'Mozilla/5.0 (compatible; YandexRenderResourcesBot/1.0; +http://yandex.com/bots) AppleWebKit/537.36 (KHTML, like Gecko) Chrome/108.0.0.0', '2023-05-13 04:12:26', '2023-05-13 04:12:26'),
(1378, 'bcc0306b-f85e-4b76-937f-d5cc60209d03', 3, 'Mozilla/5.0 (compatible; YandexRenderResourcesBot/1.0; +http://yandex.com/bots) AppleWebKit/537.36 (KHTML, like Gecko) Chrome/108.0.0.0', '2023-05-13 06:26:43', '2023-05-13 06:26:43'),
(1379, '346c7dd5-512c-4bb9-ad30-78e5c37b0011', 3, 'Mozilla/5.0 (compatible; YandexRenderResourcesBot/1.0; +http://yandex.com/bots) AppleWebKit/537.36 (KHTML, like Gecko) Chrome/108.0.0.0', '2023-05-13 09:20:35', '2023-05-13 09:20:35'),
(1380, 'e98552a2-c0ad-4971-94d4-8577ce38d089', 3, 'Mozilla/5.0 (compatible; YandexRenderResourcesBot/1.0; +http://yandex.com/bots) AppleWebKit/537.36 (KHTML, like Gecko) Chrome/108.0.0.0', '2023-05-13 21:22:58', '2023-05-13 21:22:58'),
(1381, '5aa206ef-e3ca-4adf-a834-cd6ab74f4dae', 3, 'Mozilla/5.0 (compatible; YandexRenderResourcesBot/1.0; +http://yandex.com/bots) AppleWebKit/537.36 (KHTML, like Gecko) Chrome/108.0.0.0', '2023-05-13 21:23:51', '2023-05-13 21:23:51'),
(1382, 'cd7f14ce-c5cf-47cc-a7cf-409e0d7278d4', 3, 'Mozilla/5.0 (compatible; YandexRenderResourcesBot/1.0; +http://yandex.com/bots) AppleWebKit/537.36 (KHTML, like Gecko) Chrome/108.0.0.0', '2023-05-13 21:40:07', '2023-05-13 21:40:07'),
(1383, 'a7f6d9d5-b0c3-4947-ab4e-0bfda5e39c34', 3, 'Mozilla/5.0 (compatible; YandexRenderResourcesBot/1.0; +http://yandex.com/bots) AppleWebKit/537.36 (KHTML, like Gecko) Chrome/108.0.0.0', '2023-05-14 10:39:32', '2023-05-14 10:39:32'),
(1384, 'f61c142a-1920-49f8-9289-e3248c947d42', 3, 'Mozilla/5.0 (compatible; YandexRenderResourcesBot/1.0; +http://yandex.com/bots) AppleWebKit/537.36 (KHTML, like Gecko) Chrome/108.0.0.0', '2023-05-14 10:40:16', '2023-05-14 10:40:16'),
(1385, '4b1799eb-ce70-453d-8bc1-825ec5e6ec77', 3, 'Mozilla/5.0 (compatible; YandexRenderResourcesBot/1.0; +http://yandex.com/bots) AppleWebKit/537.36 (KHTML, like Gecko) Chrome/108.0.0.0', '2023-05-14 22:58:55', '2023-05-14 22:58:55'),
(1386, '7e6a8974-83b9-421a-a4ea-2978954d5c7c', 3, 'Mozilla/5.0 (compatible; YandexRenderResourcesBot/1.0; +http://yandex.com/bots) AppleWebKit/537.36 (KHTML, like Gecko) Chrome/108.0.0.0', '2023-05-15 05:59:12', '2023-05-15 05:59:12'),
(1387, 'a72cbaf2-a74f-40d3-b1b9-abffa82e6676', 3, 'Mozilla/5.0 (compatible; YandexRenderResourcesBot/1.0; +http://yandex.com/bots) AppleWebKit/537.36 (KHTML, like Gecko) Chrome/108.0.0.0', '2023-05-15 13:49:03', '2023-05-15 13:49:03'),
(1388, 'ede14570-f10f-4068-93f8-b129c3b25a5d', 3, 'Mozilla/5.0 (compatible; YandexRenderResourcesBot/1.0; +http://yandex.com/bots) AppleWebKit/537.36 (KHTML, like Gecko) Chrome/108.0.0.0', '2023-05-16 00:10:15', '2023-05-16 00:10:15'),
(1389, '75aede53-c466-455f-9be2-fc2702fa273d', 3, 'Mozilla/5.0 (compatible; YandexRenderResourcesBot/1.0; +http://yandex.com/bots) AppleWebKit/537.36 (KHTML, like Gecko) Chrome/108.0.0.0', '2023-05-16 00:21:16', '2023-05-16 00:21:16'),
(1390, '0de5e87b-46a3-4d83-a14b-795cac02ca29', 3, 'Mozilla/5.0 (compatible; YandexRenderResourcesBot/1.0; +http://yandex.com/bots) AppleWebKit/537.36 (KHTML, like Gecko) Chrome/108.0.0.0', '2023-05-16 02:16:41', '2023-05-16 02:16:41'),
(1391, 'b4298964-ec39-4526-a753-1f65be9fc647', 3, 'Mozilla/5.0 (compatible; YandexRenderResourcesBot/1.0; +http://yandex.com/bots) AppleWebKit/537.36 (KHTML, like Gecko) Chrome/108.0.0.0', '2023-05-16 10:31:35', '2023-05-16 10:31:35'),
(1392, '5b739e81-c3d2-47e0-9296-05c9f9c1b706', 3, 'Mozilla/5.0 (compatible; YandexRenderResourcesBot/1.0; +http://yandex.com/bots) AppleWebKit/537.36 (KHTML, like Gecko) Chrome/108.0.0.0', '2023-05-17 00:13:15', '2023-05-17 00:13:15'),
(1393, '1d4b043e-1aa7-4f72-a68c-6ada83e62b80', 3, 'Mozilla/5.0 (compatible; YandexRenderResourcesBot/1.0; +http://yandex.com/bots) AppleWebKit/537.36 (KHTML, like Gecko) Chrome/108.0.0.0', '2023-05-17 13:45:20', '2023-05-17 13:45:20'),
(1394, '0f6266a1-bf61-45fa-845e-7f9963f2c00f', 3, 'Mozilla/5.0 (compatible; YandexRenderResourcesBot/1.0; +http://yandex.com/bots) AppleWebKit/537.36 (KHTML, like Gecko) Chrome/108.0.0.0', '2023-05-17 18:43:36', '2023-05-17 18:43:36'),
(1395, 'f695701b-f17e-4d48-bdae-62cd08356b82', 3, 'Mozilla/5.0 (Windows NT 10.0; Win64; x64) AppleWebKit/537.36 (KHTML, like Gecko) Chrome/112.0.0.0 Safari/537.36', '2023-05-18 03:30:15', '2023-05-18 03:30:15'),
(1396, '63f407ae-ed40-4f73-8c5f-56612e2bf764', 3, 'Mozilla/5.0 (compatible; YandexRenderResourcesBot/1.0; +http://yandex.com/bots) AppleWebKit/537.36 (KHTML, like Gecko) Chrome/108.0.0.0', '2023-05-18 05:08:59', '2023-05-18 05:08:59'),
(1397, '28da185e-791f-4273-86e8-848589d725f0', 3, 'Mozilla/5.0 (compatible; YandexRenderResourcesBot/1.0; +http://yandex.com/bots) AppleWebKit/537.36 (KHTML, like Gecko) Chrome/108.0.0.0', '2023-05-18 14:34:16', '2023-05-18 14:34:16'),
(1398, 'da7aee90-744f-40ad-b0be-b15acf80656a', 3, 'Mozilla/5.0 (compatible; YandexRenderResourcesBot/1.0; +http://yandex.com/bots) AppleWebKit/537.36 (KHTML, like Gecko) Chrome/108.0.0.0', '2023-05-19 08:42:22', '2023-05-19 08:42:22'),
(1399, '0cad6d19-464b-4fff-aed2-7db7bbcf3a51', 3, 'Mozilla/5.0 (compatible; YandexRenderResourcesBot/1.0; +http://yandex.com/bots) AppleWebKit/537.36 (KHTML, like Gecko) Chrome/108.0.0.0', '2023-05-19 08:42:22', '2023-05-19 08:42:22'),
(1400, '9449c165-26bb-43b8-8746-86ad55fb4014', 3, 'Mozilla/5.0 (compatible; YandexRenderResourcesBot/1.0; +http://yandex.com/bots) AppleWebKit/537.36 (KHTML, like Gecko) Chrome/108.0.0.0', '2023-05-19 09:31:27', '2023-05-19 09:31:27'),
(1401, 'e6b00bd9-9731-4df1-960c-1ad6ea40c5d6', 3, 'Mozilla/5.0 (compatible; YandexRenderResourcesBot/1.0; +http://yandex.com/bots) AppleWebKit/537.36 (KHTML, like Gecko) Chrome/108.0.0.0', '2023-05-20 02:02:16', '2023-05-20 02:02:16'),
(1402, 'd1f1a7be-b3c5-478c-a06b-728b12a26a80', 3, 'Mozilla/5.0 (compatible; YandexRenderResourcesBot/1.0; +http://yandex.com/bots) AppleWebKit/537.36 (KHTML, like Gecko) Chrome/108.0.0.0', '2023-05-20 13:24:46', '2023-05-20 13:24:46'),
(1403, '38ee2f3f-3ced-4b7a-800f-3704d1d85b6f', 3, 'Mozilla/5.0 (compatible; YandexRenderResourcesBot/1.0; +http://yandex.com/bots) AppleWebKit/537.36 (KHTML, like Gecko) Chrome/108.0.0.0', '2023-05-21 02:48:03', '2023-05-21 02:48:03'),
(1404, '946edc1a-869e-40f5-b81f-f1a13479b725', 3, 'Mozilla/5.0 (compatible; YandexRenderResourcesBot/1.0; +http://yandex.com/bots) AppleWebKit/537.36 (KHTML, like Gecko) Chrome/108.0.0.0', '2023-05-21 15:15:37', '2023-05-21 15:15:37'),
(1405, 'ce3f5c04-2662-43fb-b55d-01e7594a79b4', 3, 'Mozilla/5.0 (compatible; YandexRenderResourcesBot/1.0; +http://yandex.com/bots) AppleWebKit/537.36 (KHTML, like Gecko) Chrome/108.0.0.0', '2023-05-21 16:15:49', '2023-05-21 16:15:49'),
(1406, 'b84c5009-1d39-4f8f-972b-b6eef9d4d2c0', 3, 'Mozilla/5.0 (Windows NT 10.0; Win64; x64; rv:109.0) Gecko/20100101 Firefox/112.0', '2023-05-21 20:03:04', '2023-05-21 20:03:04'),
(1407, '453895b2-be79-426d-bfbf-0bc133d5583f', 3, 'Mozilla/5.0 (compatible; YandexRenderResourcesBot/1.0; +http://yandex.com/bots) AppleWebKit/537.36 (KHTML, like Gecko) Chrome/108.0.0.0', '2023-05-22 03:33:49', '2023-05-22 03:33:49'),
(1408, 'a73cdd0b-bbc5-4879-bca6-3645a121556d', 3, 'Mozilla/5.0 (compatible; YandexRenderResourcesBot/1.0; +http://yandex.com/bots) AppleWebKit/537.36 (KHTML, like Gecko) Chrome/108.0.0.0', '2023-05-23 15:57:07', '2023-05-23 15:57:07'),
(1409, '36e04183-bfc7-432f-ab09-613a710feadd', 3, 'Mozilla/5.0 (compatible; YandexRenderResourcesBot/1.0; +http://yandex.com/bots) AppleWebKit/537.36 (KHTML, like Gecko) Chrome/108.0.0.0', '2023-05-23 16:58:23', '2023-05-23 16:58:23'),
(1410, '50cce55e-fb3a-4f3c-9503-b34f7d0c4cd6', 3, 'Mozilla/5.0 (Macintosh; Intel Mac OS X 11_0_0) AppleWebKit/537.36 (KHTML, like Gecko) Chrome/87.0.4280.88 Safari/537.36', '2023-05-24 05:08:18', '2023-05-24 05:08:18'),
(1411, '9537eaf2-1a33-4443-9447-b6ea2f170052', 3, 'Mozilla/5.0 (Macintosh; Intel Mac OS X 11_0_0) AppleWebKit/537.36 (KHTML, like Gecko) Chrome/87.0.4280.88 Safari/537.36', '2023-05-24 05:08:19', '2023-05-24 05:08:19'),
(1412, 'e44a3549-5c6f-4b54-b5c0-748af0de6b84', 3, 'Mozilla/5.0 (Macintosh; Intel Mac OS X 11_0_0) AppleWebKit/537.36 (KHTML, like Gecko) Chrome/87.0.4280.88 Safari/537.36', '2023-05-24 05:08:23', '2023-05-24 05:08:23'),
(1413, 'b733da3f-83e3-4470-bf36-7854acf78717', 3, 'Mozilla/5.0 (Macintosh; Intel Mac OS X 11_0_0) AppleWebKit/537.36 (KHTML, like Gecko) Chrome/87.0.4280.88 Safari/537.36', '2023-05-24 05:08:25', '2023-05-24 05:08:25'),
(1414, '29b5c809-f92b-4785-80b6-5b6eddc72411', 3, 'Mozilla/5.0 (compatible; YandexRenderResourcesBot/1.0; +http://yandex.com/bots) AppleWebKit/537.36 (KHTML, like Gecko) Chrome/108.0.0.0', '2023-05-24 07:15:06', '2023-05-24 07:15:06'),
(1415, '11b796c3-265d-410d-8533-490c3f9c6f31', 3, 'Mozilla/5.0 (compatible; YandexRenderResourcesBot/1.0; +http://yandex.com/bots) AppleWebKit/537.36 (KHTML, like Gecko) Chrome/108.0.0.0', '2023-05-24 08:04:11', '2023-05-24 08:04:11'),
(1416, 'b44f0029-800a-4cbb-8405-71117c7423ae', 3, 'Mozilla/5.0 (compatible; YandexRenderResourcesBot/1.0; +http://yandex.com/bots) AppleWebKit/537.36 (KHTML, like Gecko) Chrome/108.0.0.0', '2023-05-25 18:09:38', '2023-05-25 18:09:38'),
(1417, '269de430-95fc-4991-941c-048c76e3b99b', 3, 'Mozilla/5.0 (compatible; YandexRenderResourcesBot/1.0; +http://yandex.com/bots) AppleWebKit/537.36 (KHTML, like Gecko) Chrome/108.0.0.0', '2023-05-26 12:17:09', '2023-05-26 12:17:09'),
(1418, 'a9a6d327-f80e-4020-9404-9bffb035bc2b', 3, 'Mozilla/5.0 (compatible; YandexRenderResourcesBot/1.0; +http://yandex.com/bots) AppleWebKit/537.36 (KHTML, like Gecko) Chrome/108.0.0.0', '2023-05-27 17:40:08', '2023-05-27 17:40:08'),
(1419, 'd53f0b94-b21c-4701-869c-1edde059f9f5', 3, 'Mozilla/5.0 AppleWebKit/537.36 (KHTML, like Gecko; compatible; Googlebot/2.1; +http://www.google.com/bot.html) Chrome/113.0.5672.126 Safari/537.36', '2023-05-28 09:14:11', '2023-05-28 09:14:11'),
(1420, 'ac593c44-0678-431d-8588-9060d5e27d59', 3, 'Mozilla/5.0 (Linux; Android 6.0.1; Nexus 5X Build/MMB29P) AppleWebKit/537.36 (KHTML, like Gecko) Chrome/113.0.5672.126 Mobile Safari/537.36 (compatible; Googlebot/2.1; +http://www.google.com/bot.html)', '2023-05-28 14:03:00', '2023-05-28 14:03:00'),
(1421, '7c757890-4a05-45e8-b255-8e3c2778cce3', 3, 'Mozilla/5.0 (compatible; YandexRenderResourcesBot/1.0; +http://yandex.com/bots) AppleWebKit/537.36 (KHTML, like Gecko) Chrome/108.0.0.0', '2023-05-28 17:06:32', '2023-05-28 17:06:32'),
(1422, 'ef7329b1-b9ac-458a-ae1a-6ccded585dab', 3, 'Mozilla/5.0 (compatible; YandexRenderResourcesBot/1.0; +http://yandex.com/bots) AppleWebKit/537.36 (KHTML, like Gecko) Chrome/108.0.0.0', '2023-05-29 14:28:27', '2023-05-29 14:28:27'),
(1423, '64ba1931-6669-4758-bbd0-8bb445c3ba9e', 3, 'Mozilla/5.0 (compatible; YandexRenderResourcesBot/1.0; +http://yandex.com/bots) AppleWebKit/537.36 (KHTML, like Gecko) Chrome/108.0.0.0', '2023-05-30 04:35:41', '2023-05-30 04:35:41'),
(1424, '6092807e-c213-4d62-816a-e788d6cb89e4', 3, 'Mozilla/5.0 (compatible; YandexRenderResourcesBot/1.0; +http://yandex.com/bots) AppleWebKit/537.36 (KHTML, like Gecko) Chrome/108.0.0.0', '2023-05-30 07:09:20', '2023-05-30 07:09:20'),
(1425, '80f62238-fe9a-4a44-99ec-f0402ac19a53', 3, 'Mozilla/5.0 (compatible; YandexRenderResourcesBot/1.0; +http://yandex.com/bots) AppleWebKit/537.36 (KHTML, like Gecko) Chrome/108.0.0.0', '2023-05-30 07:11:32', '2023-05-30 07:11:32'),
(1426, 'c420b700-d734-4e54-8e22-9623a95fc9cb', 3, 'Mozilla/5.0 (compatible; YandexRenderResourcesBot/1.0; +http://yandex.com/bots) AppleWebKit/537.36 (KHTML, like Gecko) Chrome/108.0.0.0', '2023-05-30 21:15:19', '2023-05-30 21:15:19'),
(1427, 'd398faaf-a78d-491f-a90e-ab5e3765f327', 3, 'Mozilla/5.0 (Macintosh; Intel Mac OS X 11_0_0) AppleWebKit/537.36 (KHTML, like Gecko) Chrome/87.0.4280.88 Safari/537.36', '2023-05-31 16:32:28', '2023-05-31 16:32:28'),
(1428, '31dfb9a3-37c5-4734-9028-0e03732ced29', 3, 'Mozilla/5.0 (Macintosh; Intel Mac OS X 11_0_0) AppleWebKit/537.36 (KHTML, like Gecko) Chrome/87.0.4280.88 Safari/537.36', '2023-05-31 16:32:30', '2023-05-31 16:32:30'),
(1429, '6b5d7695-afae-407f-80ad-197a01d2949e', 3, 'Mozilla/5.0 (Macintosh; Intel Mac OS X 11_0_0) AppleWebKit/537.36 (KHTML, like Gecko) Chrome/87.0.4280.88 Safari/537.36', '2023-05-31 16:32:50', '2023-05-31 16:32:50'),
(1430, 'd9bf9e9b-4643-4a58-8656-8cef6bc00f7c', 3, 'Mozilla/5.0 (Macintosh; Intel Mac OS X 11_0_0) AppleWebKit/537.36 (KHTML, like Gecko) Chrome/87.0.4280.88 Safari/537.36', '2023-05-31 16:33:16', '2023-05-31 16:33:16'),
(1431, '49b95624-32a7-4c0c-948e-2e7142341b4d', 3, 'Mozilla/5.0 (Macintosh; Intel Mac OS X 10_15_7) AppleWebKit/537.36 (KHTML, like Gecko) Chrome/104.0.5112.79 Safari/537.36', '2023-06-01 02:17:46', '2023-06-01 02:17:46'),
(1432, '6d7fd46d-bef4-4bdb-99a5-ceb53935ac2e', 3, 'Mozilla/5.0 (compatible; YandexRenderResourcesBot/1.0; +http://yandex.com/bots) AppleWebKit/537.36 (KHTML, like Gecko) Chrome/108.0.0.0', '2023-06-01 03:42:19', '2023-06-01 03:42:19'),
(1433, 'eb67ccbf-5da3-4098-91d9-0ef2d43403a6', 3, 'Mozilla/5.0 (compatible; YandexRenderResourcesBot/1.0; +http://yandex.com/bots) AppleWebKit/537.36 (KHTML, like Gecko) Chrome/108.0.0.0', '2023-06-01 03:43:01', '2023-06-01 03:43:01'),
(1434, '3563773a-d83e-4791-8273-be54417e31cb', 3, 'Mozilla/5.0 (compatible; YandexRenderResourcesBot/1.0; +http://yandex.com/bots) AppleWebKit/537.36 (KHTML, like Gecko) Chrome/108.0.0.0', '2023-06-02 10:40:57', '2023-06-02 10:40:57'),
(1435, '9747118f-1253-4960-b062-4ff89291ef16', 3, 'Mozilla/5.0 (compatible; YandexRenderResourcesBot/1.0; +http://yandex.com/bots) AppleWebKit/537.36 (KHTML, like Gecko) Chrome/108.0.0.0', '2023-06-02 11:47:37', '2023-06-02 11:47:37'),
(1436, 'e54660d6-4538-4ae4-b540-7666d278a89a', 3, 'Mozilla/5.0 (compatible; YandexRenderResourcesBot/1.0; +http://yandex.com/bots) AppleWebKit/537.36 (KHTML, like Gecko) Chrome/108.0.0.0', '2023-06-03 02:38:43', '2023-06-03 02:38:43'),
(1437, '12f5d8d8-dac2-42cc-9a81-cc9cda155d4e', 3, 'Mozilla/5.0 (compatible; YandexRenderResourcesBot/1.0; +http://yandex.com/bots) AppleWebKit/537.36 (KHTML, like Gecko) Chrome/108.0.0.0', '2023-06-04 04:58:55', '2023-06-04 04:58:55'),
(1438, '82fbfeb2-c50d-4e36-8e44-cbc84c4c9638', 3, 'Mozilla/5.0 (compatible; YandexRenderResourcesBot/1.0; +http://yandex.com/bots) AppleWebKit/537.36 (KHTML, like Gecko) Chrome/108.0.0.0', '2023-06-04 07:06:19', '2023-06-04 07:06:19'),
(1439, '632a8722-6e25-47f5-84a1-d690a572a413', 3, 'Mozilla/5.0 (compatible; YandexRenderResourcesBot/1.0; +http://yandex.com/bots) AppleWebKit/537.36 (KHTML, like Gecko) Chrome/108.0.0.0', '2023-06-05 04:02:50', '2023-06-05 04:02:50'),
(1440, 'ac10855d-32fb-4cea-93b2-e4ed05f9f585', 3, 'Mozilla/5.0 (compatible; YandexRenderResourcesBot/1.0; +http://yandex.com/bots) AppleWebKit/537.36 (KHTML, like Gecko) Chrome/108.0.0.0', '2023-06-06 19:27:54', '2023-06-06 19:27:54'),
(1441, '262528c9-3f21-4e27-8937-ea2051dd7dc6', 3, 'Mozilla/5.0 (compatible; YandexRenderResourcesBot/1.0; +http://yandex.com/bots) AppleWebKit/537.36 (KHTML, like Gecko) Chrome/108.0.0.0', '2023-06-07 11:21:08', '2023-06-07 11:21:09'),
(1442, '13f69c7b-8dbc-457b-b785-a905bc21472b', 3, 'Mozilla/5.0 (compatible; YandexRenderResourcesBot/1.0; +http://yandex.com/bots) AppleWebKit/537.36 (KHTML, like Gecko) Chrome/108.0.0.0', '2023-06-08 19:24:33', '2023-06-08 19:24:33'),
(1443, 'e378273f-3f5e-4e97-a98b-def0d2247f15', 3, 'Mozilla/5.0 (compatible; YandexRenderResourcesBot/1.0; +http://yandex.com/bots) AppleWebKit/537.36 (KHTML, like Gecko) Chrome/108.0.0.0', '2023-06-08 23:46:10', '2023-06-08 23:46:10'),
(1444, 'cabe001e-925d-4ea4-a14e-0f4e4b36515f', 3, 'Mozilla/5.0 (compatible; YandexRenderResourcesBot/1.0; +http://yandex.com/bots) AppleWebKit/537.36 (KHTML, like Gecko) Chrome/108.0.0.0', '2023-06-10 13:47:35', '2023-06-10 13:47:35'),
(1445, 'dd941522-8761-4a43-a3fe-34609e6ffe37', 3, 'Mozilla/5.0 (compatible; YandexRenderResourcesBot/1.0; +http://yandex.com/bots) AppleWebKit/537.36 (KHTML, like Gecko) Chrome/108.0.0.0', '2023-06-10 19:08:41', '2023-06-10 19:08:41'),
(1446, '48a451e8-9fbf-4fc5-87f3-9c8ae626aec8', 3, 'Mozilla/5.0 (Macintosh; Intel Mac OS X 11_0_0) AppleWebKit/537.36 (KHTML, like Gecko) Chrome/87.0.4280.88 Safari/537.36', '2023-06-11 06:05:33', '2023-06-11 06:05:33'),
(1447, '3aaa9640-fbdf-41db-bf2e-44dbee263917', 3, 'Mozilla/5.0 (Macintosh; Intel Mac OS X 11_0_0) AppleWebKit/537.36 (KHTML, like Gecko) Chrome/87.0.4280.88 Safari/537.36', '2023-06-11 06:05:42', '2023-06-11 06:05:42'),
(1448, '256bacf8-687d-4826-8c69-4db15bb28727', 3, 'Mozilla/5.0 (Macintosh; Intel Mac OS X 11_0_0) AppleWebKit/537.36 (KHTML, like Gecko) Chrome/87.0.4280.88 Safari/537.36', '2023-06-11 06:06:33', '2023-06-11 06:06:33'),
(1449, 'cf5794c3-0990-4d95-b862-cc8e37105a9f', 3, 'Mozilla/5.0 (Macintosh; Intel Mac OS X 11_0_0) AppleWebKit/537.36 (KHTML, like Gecko) Chrome/87.0.4280.88 Safari/537.36', '2023-06-11 06:06:38', '2023-06-11 06:06:38'),
(1450, '7a2f3efb-f743-4a77-a999-6b606a4a78f8', 3, 'Mozilla/5.0 (compatible; YandexRenderResourcesBot/1.0; +http://yandex.com/bots) AppleWebKit/537.36 (KHTML, like Gecko) Chrome/108.0.0.0', '2023-06-11 09:35:37', '2023-06-11 09:35:37'),
(1451, '9e97ccda-63c9-431d-900c-94c1463053e8', 3, 'Mozilla/5.0 (Linux; Android 6.0.1; Nexus 5X Build/MMB29P) AppleWebKit/537.36 (KHTML, like Gecko) Chrome/112.0.5615.142 Mobile Safari/537.36 (compatible; Googlebot/2.1; +http://www.google.com/bot.html)', '2023-06-11 12:01:22', '2023-06-11 12:01:22'),
(1452, '2e1eee12-82a6-4e04-8e0d-afdbccc299fc', 3, 'Mozilla/5.0 (compatible; YandexRenderResourcesBot/1.0; +http://yandex.com/bots) AppleWebKit/537.36 (KHTML, like Gecko) Chrome/108.0.0.0', '2023-06-11 21:53:10', '2023-06-11 21:53:10');
INSERT INTO `sessions` (`id`, `token`, `user_id`, `user_agent`, `datetime_create`, `datetime_update`) VALUES
(1453, '582ad3d3-b5c6-441f-8bb0-22c835396723', 3, 'Mozilla/5.0 (compatible; YandexRenderResourcesBot/1.0; +http://yandex.com/bots) AppleWebKit/537.36 (KHTML, like Gecko) Chrome/108.0.0.0', '2023-06-11 22:10:27', '2023-06-11 22:10:27'),
(1454, 'edff2d2c-139a-420c-aa2c-23526161b03f', 3, 'Mozilla/5.0 (compatible; YandexRenderResourcesBot/1.0; +http://yandex.com/bots) AppleWebKit/537.36 (KHTML, like Gecko) Chrome/108.0.0.0', '2023-06-12 08:20:42', '2023-06-12 08:20:42'),
(1455, '39fae6d5-7f6b-468d-b8b9-58519816ace1', 3, 'Mozilla/5.0 (compatible; YandexRenderResourcesBot/1.0; +http://yandex.com/bots) AppleWebKit/537.36 (KHTML, like Gecko) Chrome/108.0.0.0', '2023-06-13 02:50:32', '2023-06-13 02:50:33'),
(1456, '6a070a2f-55a7-487b-8f4d-c4331eeac139', 3, 'Mozilla/5.0 (compatible; YandexRenderResourcesBot/1.0; +http://yandex.com/bots) AppleWebKit/537.36 (KHTML, like Gecko) Chrome/108.0.0.0', '2023-06-13 02:50:34', '2023-06-13 02:50:34'),
(1457, 'c4ed6fc4-cb4b-45aa-8ca2-5ba25ae613d8', 3, 'Mozilla/5.0 (compatible; YandexRenderResourcesBot/1.0; +http://yandex.com/bots) AppleWebKit/537.36 (KHTML, like Gecko) Chrome/108.0.0.0', '2023-06-14 05:10:13', '2023-06-14 05:10:13'),
(1458, '954f328b-30ce-4ac1-935f-abd08c357c05', 3, 'Mozilla/5.0 (compatible; YandexRenderResourcesBot/1.0; +http://yandex.com/bots) AppleWebKit/537.36 (KHTML, like Gecko) Chrome/108.0.0.0', '2023-06-14 06:49:27', '2023-06-14 06:49:27'),
(1459, 'c49c5cae-c9ea-4bc7-b0cb-80bec10630a0', 3, 'Mozilla/5.0 (compatible; YandexRenderResourcesBot/1.0; +http://yandex.com/bots) AppleWebKit/537.36 (KHTML, like Gecko) Chrome/108.0.0.0', '2023-06-15 02:58:10', '2023-06-15 02:58:10'),
(1460, 'e4772683-64c8-4010-a430-753baa815713', 3, 'Mozilla/5.0 (compatible; YandexRenderResourcesBot/1.0; +http://yandex.com/bots) AppleWebKit/537.36 (KHTML, like Gecko) Chrome/108.0.0.0', '2023-06-16 04:55:35', '2023-06-16 04:55:35'),
(1461, '1584f046-f414-4420-816e-d5b6c8447bb4', 3, 'Mozilla/5.0 (compatible; YandexRenderResourcesBot/1.0; +http://yandex.com/bots) AppleWebKit/537.36 (KHTML, like Gecko) Chrome/108.0.0.0', '2023-06-17 04:22:54', '2023-06-17 04:22:54'),
(1462, '1086a9e0-93a7-4750-8d6c-7826ebf81943', 3, 'Mozilla/5.0 (compatible; YandexRenderResourcesBot/1.0; +http://yandex.com/bots) AppleWebKit/537.36 (KHTML, like Gecko) Chrome/108.0.0.0', '2023-06-17 09:26:15', '2023-06-17 09:26:15'),
(1463, '27452c42-b0c3-497e-94cf-009f40e8615e', 3, 'Mozilla/5.0 (compatible; YandexRenderResourcesBot/1.0; +http://yandex.com/bots) AppleWebKit/537.36 (KHTML, like Gecko) Chrome/108.0.0.0', '2023-06-18 13:30:35', '2023-06-18 13:30:35'),
(1464, 'efe823e6-90fa-4b44-bb0b-1e28f6d950d0', 3, 'Mozilla/5.0 (compatible; YandexRenderResourcesBot/1.0; +http://yandex.com/bots) AppleWebKit/537.36 (KHTML, like Gecko) Chrome/108.0.0.0', '2023-06-19 01:56:13', '2023-06-19 01:56:13'),
(1465, 'f91334c0-6ecd-495d-abdf-da1f68fdd329', 3, 'Mozilla/5.0 (compatible; YandexRenderResourcesBot/1.0; +http://yandex.com/bots) AppleWebKit/537.36 (KHTML, like Gecko) Chrome/108.0.0.0', '2023-06-19 23:14:32', '2023-06-19 23:14:32'),
(1466, '71e33953-6528-4005-b7c8-7a2b20613629', 3, 'Mozilla/5.0 (compatible; YandexRenderResourcesBot/1.0; +http://yandex.com/bots) AppleWebKit/537.36 (KHTML, like Gecko) Chrome/108.0.0.0', '2023-06-20 08:34:54', '2023-06-20 08:34:54'),
(1467, '5bcf4d78-15a6-4eca-ad89-be0719d5d4fa', 3, 'Mozilla/5.0 (compatible; YandexRenderResourcesBot/1.0; +http://yandex.com/bots) AppleWebKit/537.36 (KHTML, like Gecko) Chrome/108.0.0.0', '2023-06-21 02:32:28', '2023-06-21 02:32:28'),
(1468, '14e16c38-63e2-4236-8291-7a7b31543a43', 3, 'Mozilla/5.0 (compatible; YandexRenderResourcesBot/1.0; +http://yandex.com/bots) AppleWebKit/537.36 (KHTML, like Gecko) Chrome/108.0.0.0', '2023-06-21 10:18:35', '2023-06-21 10:18:35'),
(1469, 'acb79c57-73ef-4cd5-ac15-63642b52450f', 3, 'Mozilla/5.0 (compatible; YandexRenderResourcesBot/1.0; +http://yandex.com/bots) AppleWebKit/537.36 (KHTML, like Gecko) Chrome/108.0.0.0', '2023-06-22 03:52:54', '2023-06-22 03:52:54'),
(1470, '755b4c50-cd0e-4f75-9659-c9dd8b75b440', 3, 'Mozilla/5.0 (compatible; YandexRenderResourcesBot/1.0; +http://yandex.com/bots) AppleWebKit/537.36 (KHTML, like Gecko) Chrome/108.0.0.0', '2023-06-23 02:56:00', '2023-06-23 02:56:00'),
(1471, 'a1d41e0c-7ffe-446f-88f7-9ce027c90176', 3, 'Mozilla/5.0 (compatible; YandexRenderResourcesBot/1.0; +http://yandex.com/bots) AppleWebKit/537.36 (KHTML, like Gecko) Chrome/108.0.0.0', '2023-06-24 17:23:33', '2023-06-24 17:23:33'),
(1472, '83efe893-ec00-456f-a75c-3c7ec1f4c68c', 3, 'Mozilla/5.0 (compatible; YandexRenderResourcesBot/1.0; +http://yandex.com/bots) AppleWebKit/537.36 (KHTML, like Gecko) Chrome/108.0.0.0', '2023-06-25 01:47:15', '2023-06-25 01:47:15'),
(1473, '46947100-6b34-4cda-8760-9fa9cf550ed1', 3, 'Mozilla/5.0 (Linux; Android 6.0.1; Nexus 5X Build/MMB29P) AppleWebKit/537.36 (KHTML, like Gecko) Chrome/112.0.5615.142 Mobile Safari/537.36 (compatible; Googlebot/2.1; +http://www.google.com/bot.html)', '2023-06-25 04:54:21', '2023-06-25 04:54:21'),
(1474, '3469b817-306f-4ded-af3e-630ce75a4f1e', 3, 'Mozilla/5.0 AppleWebKit/537.36 (KHTML, like Gecko; compatible; Googlebot/2.1; +http://www.google.com/bot.html) Chrome/112.0.5615.142 Safari/537.36', '2023-06-25 04:59:43', '2023-06-25 04:59:43'),
(1475, '1e9b5a54-5b72-4417-a95e-18cb69b45334', 3, 'Mozilla/5.0 (Macintosh; Intel Mac OS X 11_0_0) AppleWebKit/537.36 (KHTML, like Gecko) Chrome/87.0.4280.88 Safari/537.36', '2023-06-25 15:38:20', '2023-06-25 15:38:20'),
(1476, '2a37d430-6e46-426a-9a2f-15592e7f214d', 3, 'Mozilla/5.0 (Macintosh; Intel Mac OS X 11_0_0) AppleWebKit/537.36 (KHTML, like Gecko) Chrome/87.0.4280.88 Safari/537.36', '2023-06-25 15:38:38', '2023-06-25 15:38:38'),
(1477, 'c2bb43af-dc32-4ab7-adf7-58bcad0e1e1d', 3, 'Mozilla/5.0 (Macintosh; Intel Mac OS X 11_0_0) AppleWebKit/537.36 (KHTML, like Gecko) Chrome/87.0.4280.88 Safari/537.36', '2023-06-25 16:40:30', '2023-06-25 16:40:30'),
(1478, 'bcdf79ab-a015-47a2-b90d-3ab651ee89c1', 3, 'Mozilla/5.0 (Macintosh; Intel Mac OS X 11_0_0) AppleWebKit/537.36 (KHTML, like Gecko) Chrome/87.0.4280.88 Safari/537.36', '2023-06-25 16:40:50', '2023-06-25 16:40:50'),
(1479, '75c47def-1a89-48e5-9716-8fd6b487ee5c', 3, 'Mozilla/5.0 (Linux; Android 6.0.1; Nexus 5X Build/MMB29P) AppleWebKit/537.36 (KHTML, like Gecko) Chrome/112.0.5615.142 Mobile Safari/537.36 (compatible; Googlebot/2.1; +http://www.google.com/bot.html)', '2023-06-26 00:58:45', '2023-06-26 00:58:45'),
(1480, 'cfb9066c-24e3-4483-8ca6-c3f02bdd167e', 3, 'Mozilla/5.0 (compatible; YandexRenderResourcesBot/1.0; +http://yandex.com/bots) AppleWebKit/537.36 (KHTML, like Gecko) Chrome/108.0.0.0', '2023-06-26 15:20:39', '2023-06-26 15:20:39'),
(1481, 'a52b718c-f484-479e-a2e2-f675500252bd', 3, 'Mozilla/5.0 (compatible; YandexRenderResourcesBot/1.0; +http://yandex.com/bots) AppleWebKit/537.36 (KHTML, like Gecko) Chrome/108.0.0.0', '2023-06-27 19:41:33', '2023-06-27 19:41:33'),
(1482, 'c610c091-e0bf-4481-9a3c-48c3d46fc1c7', 3, 'Mozilla/5.0 (compatible; YandexRenderResourcesBot/1.0; +http://yandex.com/bots) AppleWebKit/537.36 (KHTML, like Gecko) Chrome/108.0.0.0', '2023-06-27 19:41:38', '2023-06-27 19:41:38'),
(1483, '236d2981-3ed2-4279-9395-1640aa9af28c', 3, 'Mozilla/5.0 AppleWebKit/537.36 (KHTML, like Gecko; compatible; bingbot/2.0; +http://www.bing.com/bingbot.htm) Chrome/112.0.0.0 Safari/537.36', '2023-06-27 21:08:47', '2023-06-27 21:08:47'),
(1484, '578e711e-4a1d-4613-b8c7-852370b0b3fd', 3, 'Mozilla/5.0 AppleWebKit/537.36 (KHTML, like Gecko; compatible; bingbot/2.0; +http://www.bing.com/bingbot.htm) Chrome/112.0.0.0 Safari/537.36', '2023-06-27 21:08:48', '2023-06-27 21:08:48'),
(1485, '0460b20f-993a-4b9b-9efa-8a7b15983fa6', 3, 'Mozilla/5.0 (Macintosh; Intel Mac OS X 11_0_0) AppleWebKit/537.36 (KHTML, like Gecko) Chrome/87.0.4280.88 Safari/537.36', '2023-06-28 16:21:12', '2023-06-28 16:21:12'),
(1486, 'fb0c0d97-5bbf-45f3-a7f3-8e2a4fc158b2', 3, 'Mozilla/5.0 (Macintosh; Intel Mac OS X 11_0_0) AppleWebKit/537.36 (KHTML, like Gecko) Chrome/87.0.4280.88 Safari/537.36', '2023-06-28 16:21:12', '2023-06-28 16:21:12'),
(1487, 'edce4109-b340-4fd6-bf10-087b3dfbb35c', 3, 'Mozilla/5.0 (Macintosh; Intel Mac OS X 11_0_0) AppleWebKit/537.36 (KHTML, like Gecko) Chrome/87.0.4280.88 Safari/537.36', '2023-06-28 17:37:03', '2023-06-28 17:37:03'),
(1488, '8f87ca3d-7896-4255-ae75-3e71b7a9b73c', 3, 'Mozilla/5.0 (Macintosh; Intel Mac OS X 11_0_0) AppleWebKit/537.36 (KHTML, like Gecko) Chrome/87.0.4280.88 Safari/537.36', '2023-06-28 18:57:27', '2023-06-28 18:57:27'),
(1489, '213a337d-4630-41f0-965e-152b2671120a', 3, 'Mozilla/5.0 (compatible; YandexRenderResourcesBot/1.0; +http://yandex.com/bots) AppleWebKit/537.36 (KHTML, like Gecko) Chrome/108.0.0.0', '2023-06-28 19:02:38', '2023-06-28 19:02:38'),
(1490, '9e144d5f-56f9-4805-8e83-b35dfaab6588', 3, 'Mozilla/5.0 (compatible; YandexRenderResourcesBot/1.0; +http://yandex.com/bots) AppleWebKit/537.36 (KHTML, like Gecko) Chrome/108.0.0.0', '2023-07-04 16:21:50', '2023-07-04 16:21:50'),
(1491, 'b959d7b6-2574-4810-ba91-f6ecb201daa1', 3, 'Mozilla/5.0 (compatible; YandexRenderResourcesBot/1.0; +http://yandex.com/bots) AppleWebKit/537.36 (KHTML, like Gecko) Chrome/108.0.0.0', '2023-07-04 17:26:51', '2023-07-04 17:26:51'),
(1492, '89dc1ac2-bfad-4d0c-a333-1b7e5529f9a5', 3, 'Mozilla/5.0 (compatible; YandexRenderResourcesBot/1.0; +http://yandex.com/bots) AppleWebKit/537.36 (KHTML, like Gecko) Chrome/108.0.0.0', '2023-07-05 14:41:35', '2023-07-05 14:41:35'),
(1493, '33c156ef-c78d-493c-a4d7-de5fc7b7e224', 3, 'Mozilla/5.0 (compatible; YandexRenderResourcesBot/1.0; +http://yandex.com/bots) AppleWebKit/537.36 (KHTML, like Gecko) Chrome/108.0.0.0', '2023-07-06 15:55:19', '2023-07-06 15:55:19'),
(1494, '8eab89f1-1dba-476a-b889-5de78bf8f862', 3, 'Mozilla/5.0 (compatible; YandexRenderResourcesBot/1.0; +http://yandex.com/bots) AppleWebKit/537.36 (KHTML, like Gecko) Chrome/108.0.0.0', '2023-07-06 22:52:01', '2023-07-06 22:52:01'),
(1495, '6ce22625-0baf-489e-8410-2552e3fad9d4', 3, 'Mozilla/5.0 (Windows NT 10.0; Win64; x64) AppleWebKit/537.36 (KHTML, like Gecko) Chrome/114.0.0.0 Safari/537.36', '2023-07-08 01:56:02', '2023-07-08 01:56:02'),
(1496, '966bce8b-c4d8-4bf1-8b4e-7a40f6f63c7a', 3, '5.0 (Windows NT 6.3; Win64; x64) AppleWebKit/537.36 (KHTML, like Gecko) Chrome/75.0.3770.100 Safari/537.36', '2023-07-08 01:56:03', '2023-07-08 01:56:03'),
(1497, '2deb65d7-41f4-41ba-8bf9-053e2b2285d5', 3, 'Mozilla/5.0 (compatible; YandexRenderResourcesBot/1.0; +http://yandex.com/bots) AppleWebKit/537.36 (KHTML, like Gecko) Chrome/108.0.0.0', '2023-07-08 20:09:53', '2023-07-08 20:09:53'),
(1498, '24edfa92-5fa9-4d08-977e-f8d61a9ccdc2', 3, 'Mozilla/5.0 (Linux; Android 6.0.1; Nexus 5X Build/MMB29P) AppleWebKit/537.36 (KHTML, like Gecko) Chrome/114.0.5735.179 Mobile Safari/537.36 (compatible; Googlebot/2.1; +http://www.google.com/bot.html)', '2023-07-09 14:09:06', '2023-07-09 14:09:06'),
(1499, '6c0e6e22-390c-45ba-b0ab-df4f8263af6a', 3, 'Mozilla/5.0 (compatible; YandexRenderResourcesBot/1.0; +http://yandex.com/bots) AppleWebKit/537.36 (KHTML, like Gecko) Chrome/108.0.0.0', '2023-07-09 18:57:35', '2023-07-09 18:57:35'),
(1500, '128a7854-ff99-4fc9-9509-3f63c6d2c3af', 3, 'Mozilla/5.0 (compatible; YandexRenderResourcesBot/1.0; +http://yandex.com/bots) AppleWebKit/537.36 (KHTML, like Gecko) Chrome/108.0.0.0', '2023-07-10 03:30:56', '2023-07-10 03:30:56'),
(1501, '25825d47-9ea1-4a19-8418-442fa7406187', 3, 'Mozilla/5.0 (compatible; YandexRenderResourcesBot/1.0; +http://yandex.com/bots) AppleWebKit/537.36 (KHTML, like Gecko) Chrome/108.0.0.0', '2023-07-11 20:46:14', '2023-07-11 20:46:14'),
(1502, '6df0f7bf-a317-4a6a-9401-bf0ebe47cfde', 3, 'Mozilla/5.0 (compatible; YandexRenderResourcesBot/1.0; +http://yandex.com/bots) AppleWebKit/537.36 (KHTML, like Gecko) Chrome/108.0.0.0', '2023-07-12 16:49:40', '2023-07-12 16:49:40'),
(1503, '26f74d3e-77e2-4c48-bf73-86b52095ff2b', 3, 'Mozilla/5.0 (compatible; YandexRenderResourcesBot/1.0; +http://yandex.com/bots) AppleWebKit/537.36 (KHTML, like Gecko) Chrome/108.0.0.0', '2023-07-13 01:16:40', '2023-07-13 01:16:40'),
(1504, '5db4c9ea-df74-4f15-8c4a-d1df7c281cef', 3, 'Mozilla/5.0 (compatible; YandexRenderResourcesBot/1.0; +http://yandex.com/bots) AppleWebKit/537.36 (KHTML, like Gecko) Chrome/108.0.0.0', '2023-07-13 01:18:48', '2023-07-13 01:18:48'),
(1505, '95dbeaa1-7a72-4ac4-892b-c424a9dbdd09', 3, 'Mozilla/5.0 (compatible; YandexRenderResourcesBot/1.0; +http://yandex.com/bots) AppleWebKit/537.36 (KHTML, like Gecko) Chrome/108.0.0.0', '2023-07-13 18:54:47', '2023-07-13 18:54:47'),
(1506, '9aabeb7b-2bf4-41a0-8c5f-045243e5e0aa', 3, 'Mozilla/5.0 (compatible; YandexRenderResourcesBot/1.0; +http://yandex.com/bots) AppleWebKit/537.36 (KHTML, like Gecko) Chrome/108.0.0.0', '2023-07-13 18:55:28', '2023-07-13 18:55:28'),
(1507, 'ea87e6c0-242b-4394-b4b8-1e7be36da355', 3, 'Mozilla/5.0 (Macintosh; Intel Mac OS X 11_0_0) AppleWebKit/537.36 (KHTML, like Gecko) Chrome/87.0.4280.88 Safari/537.36', '2023-07-14 08:05:37', '2023-07-14 08:05:37'),
(1508, '123dd45a-6f64-4f28-92f1-50af287d6b45', 3, 'Mozilla/5.0 (Macintosh; Intel Mac OS X 11_0_0) AppleWebKit/537.36 (KHTML, like Gecko) Chrome/87.0.4280.88 Safari/537.36', '2023-07-14 08:05:43', '2023-07-14 08:05:43'),
(1509, '9d0385c2-17a3-48e3-8f78-68686d4b2538', 3, 'Mozilla/5.0 (Macintosh; Intel Mac OS X 11_0_0) AppleWebKit/537.36 (KHTML, like Gecko) Chrome/87.0.4280.88 Safari/537.36', '2023-07-14 08:30:04', '2023-07-14 08:30:04'),
(1510, 'c0653cfb-772d-43dc-8981-548ee8f5ed19', 3, 'Mozilla/5.0 (Macintosh; Intel Mac OS X 11_0_0) AppleWebKit/537.36 (KHTML, like Gecko) Chrome/87.0.4280.88 Safari/537.36', '2023-07-14 08:30:13', '2023-07-14 08:30:13'),
(1511, 'c7c7442f-e879-4e1f-af34-17e6bcfbcbb1', 3, 'Mozilla/5.0 (compatible; YandexRenderResourcesBot/1.0; +http://yandex.com/bots) AppleWebKit/537.36 (KHTML, like Gecko) Chrome/108.0.0.0', '2023-07-14 11:02:41', '2023-07-14 11:02:41'),
(1512, '464115b1-4809-4682-b276-d465b3df2f86', 3, 'Mozilla/5.0 (compatible; YandexRenderResourcesBot/1.0; +http://yandex.com/bots) AppleWebKit/537.36 (KHTML, like Gecko) Chrome/108.0.0.0', '2023-07-15 00:13:15', '2023-07-15 00:13:15'),
(1513, 'b72b590d-27dd-47f6-88e3-bf49a572ff79', 3, 'Mozilla/5.0 (compatible; YandexRenderResourcesBot/1.0; +http://yandex.com/bots) AppleWebKit/537.36 (KHTML, like Gecko) Chrome/108.0.0.0', '2023-07-16 04:43:13', '2023-07-16 04:43:13'),
(1514, '59849d89-feb5-4cd8-ad75-15ca182c2957', 3, 'Mozilla/5.0 (compatible; YandexRenderResourcesBot/1.0; +http://yandex.com/bots) AppleWebKit/537.36 (KHTML, like Gecko) Chrome/108.0.0.0', '2023-07-16 14:12:51', '2023-07-16 14:12:51'),
(1515, 'eb1670db-16a9-4874-95bd-a78bf2722b8a', 3, 'Mozilla/5.0 (compatible; YandexRenderResourcesBot/1.0; +http://yandex.com/bots) AppleWebKit/537.36 (KHTML, like Gecko) Chrome/108.0.0.0', '2023-07-17 17:35:28', '2023-07-17 17:35:28'),
(1516, '3e9f981d-fa02-490c-a1d6-baafb56a4801', 3, 'Mozilla/5.0 (compatible; YandexRenderResourcesBot/1.0; +http://yandex.com/bots) AppleWebKit/537.36 (KHTML, like Gecko) Chrome/108.0.0.0', '2023-07-18 01:09:25', '2023-07-18 01:09:25'),
(1517, '509ca0d6-3ec4-4781-9d34-ac79d77a2abf', 3, 'Mozilla/5.0 (X11; Linux x86_64) AppleWebKit/537.36 (KHTML, like Gecko) HeadlessChrome/80.0.3987.163 Safari/537.36', '2023-07-19 01:47:05', '2023-07-19 01:47:05'),
(1518, 'd2415ea3-49d6-4c51-bcde-30b78422dad0', 3, 'Mozilla/5.0 (compatible; YandexRenderResourcesBot/1.0; +http://yandex.com/bots) AppleWebKit/537.36 (KHTML, like Gecko) Chrome/108.0.0.0', '2023-07-19 12:57:56', '2023-07-19 12:57:56'),
(1519, 'a13d7394-3ce8-44c1-a2f0-b75af05da9bb', 3, 'Mozilla/5.0 (Macintosh; Intel Mac OS X 11_0_0) AppleWebKit/537.36 (KHTML, like Gecko) Chrome/87.0.4280.88 Safari/537.36', '2023-07-19 13:50:18', '2023-07-19 13:50:18'),
(1520, '1be7cc40-850d-4d2d-aad2-037e7a490181', 3, 'Mozilla/5.0 (Macintosh; Intel Mac OS X 11_0_0) AppleWebKit/537.36 (KHTML, like Gecko) Chrome/87.0.4280.88 Safari/537.36', '2023-07-19 13:55:27', '2023-07-19 13:55:27'),
(1521, '1875a094-a3cd-4b87-b9b7-2d6cb383f86b', 3, 'Mozilla/5.0 (Macintosh; Intel Mac OS X 11_0_0) AppleWebKit/537.36 (KHTML, like Gecko) Chrome/87.0.4280.88 Safari/537.36', '2023-07-19 13:55:41', '2023-07-19 13:55:41'),
(1522, '050fb0a4-ab8a-4416-931f-9fab4ac28354', 3, 'Mozilla/5.0 (Macintosh; Intel Mac OS X 11_0_0) AppleWebKit/537.36 (KHTML, like Gecko) Chrome/87.0.4280.88 Safari/537.36', '2023-07-19 14:02:02', '2023-07-19 14:02:02'),
(1523, '830f8fb1-0783-4251-94fa-12b2e138837d', 3, 'Mozilla/5.0 (compatible; YandexRenderResourcesBot/1.0; +http://yandex.com/bots) AppleWebKit/537.36 (KHTML, like Gecko) Chrome/108.0.0.0', '2023-07-20 09:29:43', '2023-07-20 09:29:43'),
(1524, '58276f3c-a9c6-44b2-938a-1d459cf010ec', 3, 'Mozilla/5.0 (compatible; YandexRenderResourcesBot/1.0; +http://yandex.com/bots) AppleWebKit/537.36 (KHTML, like Gecko) Chrome/108.0.0.0', '2023-07-21 01:27:59', '2023-07-21 01:27:59'),
(1525, '135c586b-8692-46dd-af45-65c73e48a50e', 3, 'Mozilla/5.0 (Macintosh; Intel Mac OS X 11_0_0) AppleWebKit/537.36 (KHTML, like Gecko) Chrome/87.0.4280.88 Safari/537.36', '2023-07-21 08:01:12', '2023-07-21 08:01:12'),
(1526, 'e559ff17-347e-4a2f-9145-e04b449085e7', 3, 'Mozilla/5.0 (Macintosh; Intel Mac OS X 11_0_0) AppleWebKit/537.36 (KHTML, like Gecko) Chrome/87.0.4280.88 Safari/537.36', '2023-07-21 08:15:56', '2023-07-21 08:15:56'),
(1527, '54fa4a0a-36b9-4b87-b43b-fbf1b9980b79', 3, 'Mozilla/5.0 (Macintosh; Intel Mac OS X 11_0_0) AppleWebKit/537.36 (KHTML, like Gecko) Chrome/87.0.4280.88 Safari/537.36', '2023-07-21 08:19:31', '2023-07-21 08:19:31'),
(1528, '58dd579e-cab9-4620-80b1-3233360b400b', 3, 'Mozilla/5.0 (Macintosh; Intel Mac OS X 11_0_0) AppleWebKit/537.36 (KHTML, like Gecko) Chrome/87.0.4280.88 Safari/537.36', '2023-07-21 08:20:12', '2023-07-21 08:20:12'),
(1529, '4be093b6-2adc-40d8-8ce8-f65372e4cf6c', 3, 'Mozilla/5.0 (compatible; YandexRenderResourcesBot/1.0; +http://yandex.com/bots) AppleWebKit/537.36 (KHTML, like Gecko) Chrome/108.0.0.0', '2023-07-21 15:49:36', '2023-07-21 15:49:36'),
(1530, '9356e81d-9055-43dd-844f-f376acb92f70', 3, 'Mozilla/5.0 (Macintosh; Intel Mac OS X 10_15_5) AppleWebKit/605.1.15 (KHTML, like Gecko) Version/13.1.1 Safari/605.1.15 (Applebot/0.1; +http://www.apple.com/go/applebot)', '2023-07-21 18:02:07', '2023-07-21 18:02:07'),
(1531, 'd6d3b54d-2df1-45ee-a504-72507b15a730', 3, 'Mozilla/5.0 (compatible; YandexRenderResourcesBot/1.0; +http://yandex.com/bots) AppleWebKit/537.36 (KHTML, like Gecko) Chrome/108.0.0.0', '2023-07-22 04:43:28', '2023-07-22 04:43:28'),
(1532, '95535285-b922-4008-944b-d32ef2223379', 3, 'Mozilla/5.0 (compatible; YandexRenderResourcesBot/1.0; +http://yandex.com/bots) AppleWebKit/537.36 (KHTML, like Gecko) Chrome/108.0.0.0', '2023-07-22 12:31:32', '2023-07-22 12:31:32'),
(1533, 'a0cbe3ef-8ecf-46b3-801a-bf65526ea12c', 3, 'Mozilla/5.0 (compatible; YandexRenderResourcesBot/1.0; +http://yandex.com/bots) AppleWebKit/537.36 (KHTML, like Gecko) Chrome/108.0.0.0', '2023-07-23 11:46:00', '2023-07-23 11:46:00'),
(1534, '178356c3-5b13-464d-9be9-1220d8e0caaa', 3, 'Mozilla/5.0 (compatible; YandexRenderResourcesBot/1.0; +http://yandex.com/bots) AppleWebKit/537.36 (KHTML, like Gecko) Chrome/108.0.0.0', '2023-07-23 11:48:24', '2023-07-23 11:48:24'),
(1535, '06b3fbe7-b8e2-4e50-a534-8c93516a24a3', 3, 'Mozilla/5.0 (compatible; YandexRenderResourcesBot/1.0; +http://yandex.com/bots) AppleWebKit/537.36 (KHTML, like Gecko) Chrome/108.0.0.0', '2023-07-23 11:57:16', '2023-07-23 11:57:16'),
(1536, 'ad257240-fafc-41fb-b960-5632af0e33af', 3, 'Mozilla/5.0 (compatible; YandexRenderResourcesBot/1.0; +http://yandex.com/bots) AppleWebKit/537.36 (KHTML, like Gecko) Chrome/108.0.0.0', '2023-07-23 11:57:54', '2023-07-23 11:57:54'),
(1537, 'e9b8fde0-30f4-422d-9199-d0a5fd309578', 3, 'Mozilla/5.0 (compatible; YandexRenderResourcesBot/1.0; +http://yandex.com/bots) AppleWebKit/537.36 (KHTML, like Gecko) Chrome/108.0.0.0', '2023-07-23 11:58:44', '2023-07-23 11:58:44'),
(1538, 'bc5bfe41-25e1-4b81-9b42-2d1bf534d71c', 3, 'Mozilla/5.0 (compatible; YandexRenderResourcesBot/1.0; +http://yandex.com/bots) AppleWebKit/537.36 (KHTML, like Gecko) Chrome/108.0.0.0', '2023-07-25 01:08:01', '2023-07-25 01:08:01'),
(1539, '7f37e7f5-4ff3-40ac-a572-20825fc44627', 3, 'Mozilla/5.0 (compatible; YandexRenderResourcesBot/1.0; +http://yandex.com/bots) AppleWebKit/537.36 (KHTML, like Gecko) Chrome/108.0.0.0', '2023-07-25 18:33:13', '2023-07-25 18:33:13'),
(1540, '930ac430-bf75-45b7-9980-bf4969b89b3a', 3, 'Mozilla/5.0 (compatible; YandexRenderResourcesBot/1.0; +http://yandex.com/bots) AppleWebKit/537.36 (KHTML, like Gecko) Chrome/108.0.0.0', '2023-07-26 09:04:26', '2023-07-26 09:04:26'),
(1541, 'd6e03c6c-4869-4bd3-810f-0139874ac931', 3, 'Mozilla/5.0 (compatible; YandexRenderResourcesBot/1.0; +http://yandex.com/bots) AppleWebKit/537.36 (KHTML, like Gecko) Chrome/108.0.0.0', '2023-07-26 09:20:29', '2023-07-26 09:20:29'),
(1542, '40a3e3c3-e43e-4b9c-bc7b-23ed7f16d136', 3, 'Mozilla/5.0 (compatible; YandexRenderResourcesBot/1.0; +http://yandex.com/bots) AppleWebKit/537.36 (KHTML, like Gecko) Chrome/108.0.0.0', '2023-07-26 10:32:10', '2023-07-26 10:32:10'),
(1543, '35bcaf3f-a6b9-47f1-9c9e-5c0ba068a911', 3, 'Mozilla/5.0 (compatible; YandexRenderResourcesBot/1.0; +http://yandex.com/bots) AppleWebKit/537.36 (KHTML, like Gecko) Chrome/108.0.0.0', '2023-07-27 04:18:40', '2023-07-27 04:18:40'),
(1544, '99b83787-bc5f-4268-8c98-d34aaf73b2b7', 3, 'Mozilla/5.0 (compatible; YandexRenderResourcesBot/1.0; +http://yandex.com/bots) AppleWebKit/537.36 (KHTML, like Gecko) Chrome/108.0.0.0', '2023-07-27 20:19:40', '2023-07-27 20:19:40'),
(1545, 'cd9907d7-5e0c-4cc9-8031-be9b3b8f8108', 19, 'Mozilla/5.0 (Macintosh; Intel Mac OS X 10_15_6) AppleWebKit/605.1.15 (KHTML, like Gecko) Version/14.1.2 Safari/605.1.15', '2023-07-28 13:15:03', '2023-07-28 13:40:18'),
(1546, 'e0519489-83f5-4c19-ac05-ed04ced8c183', 3, 'Mozilla/5.0 (Macintosh; Intel Mac OS X 10_15_6) AppleWebKit/605.1.15 (KHTML, like Gecko) Version/14.1.2 Safari/605.1.15', '2023-07-28 13:29:40', '2023-07-28 13:29:40'),
(1547, '85fb5938-07b0-4d6b-a687-933f407b04ff', 3, 'Mozilla/5.0 (Macintosh; Intel Mac OS X 10_15_6) AppleWebKit/605.1.15 (KHTML, like Gecko) Version/14.1.2 Safari/605.1.15', '2023-07-28 13:34:52', '2023-07-28 13:34:52'),
(1548, '27a2319b-c79a-44d3-b22b-859a73ec3b0a', 3, 'Mozilla/5.0 (Macintosh; Intel Mac OS X 10_15_6) AppleWebKit/605.1.15 (KHTML, like Gecko) Version/14.1.2 Safari/605.1.15', '2023-07-28 19:19:43', '2023-07-28 19:19:43'),
(1549, '29fd5e38-6f62-403e-9b33-bb5105050b2f', 3, 'Mozilla/5.0 (compatible; YandexRenderResourcesBot/1.0; +http://yandex.com/bots) AppleWebKit/537.36 (KHTML, like Gecko) Chrome/108.0.0.0', '2023-07-29 09:53:45', '2023-07-29 09:53:45'),
(1550, 'cd2503fc-4170-4920-9d8d-f725ea1320bb', 3, 'Mozilla/5.0 (Linux; Android 6.0.1; Nexus 5X Build/MMB29P) AppleWebKit/537.36 (KHTML, like Gecko) Chrome/114.0.5735.179 Mobile Safari/537.36 (compatible; Googlebot/2.1; +http://www.google.com/bot.html)', '2023-07-29 17:32:34', '2023-07-29 17:32:34'),
(1551, 'd0634f39-fcf5-407e-a195-c4c09f557ff4', 3, 'Mozilla/5.0 (compatible; YandexRenderResourcesBot/1.0; +http://yandex.com/bots) AppleWebKit/537.36 (KHTML, like Gecko) Chrome/108.0.0.0', '2023-07-30 15:00:29', '2023-07-30 15:00:29'),
(1552, '050e9108-72bb-4d72-b7b8-8d897ec79dea', 3, 'Mozilla/5.0 (compatible; YandexRenderResourcesBot/1.0; +http://yandex.com/bots) AppleWebKit/537.36 (KHTML, like Gecko) Chrome/108.0.0.0', '2023-07-30 17:00:50', '2023-07-30 17:00:50'),
(1553, '241af83c-54fa-4478-a62d-59394a3aae97', 3, 'Mozilla/5.0 (compatible; YandexRenderResourcesBot/1.0; +http://yandex.com/bots) AppleWebKit/537.36 (KHTML, like Gecko) Chrome/108.0.0.0', '2023-07-31 02:25:21', '2023-07-31 02:25:21'),
(1554, 'cced06da-9a4a-40de-a4e1-ac25fe017c5c', 3, 'Mozilla/5.0 (compatible; YandexRenderResourcesBot/1.0; +http://yandex.com/bots) AppleWebKit/537.36 (KHTML, like Gecko) Chrome/108.0.0.0', '2023-07-31 02:25:24', '2023-07-31 02:25:24'),
(1555, '47dc9ffe-d2a7-41e0-83df-c4aa10f23dcf', 3, 'Mozilla/5.0 (compatible; YandexRenderResourcesBot/1.0; +http://yandex.com/bots) AppleWebKit/537.36 (KHTML, like Gecko) Chrome/108.0.0.0', '2023-07-31 02:25:26', '2023-07-31 02:25:26'),
(1556, '9264f20b-0fdf-4a5b-823d-a489da93b99f', 3, 'Mozilla/5.0 (compatible; YandexRenderResourcesBot/1.0; +http://yandex.com/bots) AppleWebKit/537.36 (KHTML, like Gecko) Chrome/108.0.0.0', '2023-07-31 02:25:32', '2023-07-31 02:25:32'),
(1557, 'f995c2fb-2e65-48aa-b3c5-3fe657e4345e', 3, 'Mozilla/5.0 (compatible; YandexRenderResourcesBot/1.0; +http://yandex.com/bots) AppleWebKit/537.36 (KHTML, like Gecko) Chrome/108.0.0.0', '2023-07-31 02:25:33', '2023-07-31 02:25:33'),
(1558, '62118626-ae37-49ff-8df8-8c83062a7e1f', 3, 'Mozilla/5.0 (compatible; YandexRenderResourcesBot/1.0; +http://yandex.com/bots) AppleWebKit/537.36 (KHTML, like Gecko) Chrome/108.0.0.0', '2023-07-31 02:25:56', '2023-07-31 02:25:56'),
(1559, '5018f0e8-fe4f-4f01-91b8-5693bd2bd883', 3, 'Mozilla/5.0 (compatible; YandexRenderResourcesBot/1.0; +http://yandex.com/bots) AppleWebKit/537.36 (KHTML, like Gecko) Chrome/108.0.0.0', '2023-07-31 02:26:16', '2023-07-31 02:26:16'),
(1560, 'f3654b81-3916-4807-bbdc-cab6d3165967', 3, 'Mozilla/5.0 (compatible; YandexRenderResourcesBot/1.0; +http://yandex.com/bots) AppleWebKit/537.36 (KHTML, like Gecko) Chrome/108.0.0.0', '2023-07-31 02:26:45', '2023-07-31 02:26:45'),
(1561, 'c117e908-b8eb-4b31-9268-b5474e352659', 3, 'Mozilla/5.0 (compatible; YandexRenderResourcesBot/1.0; +http://yandex.com/bots) AppleWebKit/537.36 (KHTML, like Gecko) Chrome/108.0.0.0', '2023-07-31 15:08:18', '2023-07-31 15:08:18'),
(1562, 'fa319c3a-ea13-4356-ba1a-2a8ced4d8496', 3, 'Mozilla/5.0 (compatible; YandexRenderResourcesBot/1.0; +http://yandex.com/bots) AppleWebKit/537.36 (KHTML, like Gecko) Chrome/108.0.0.0', '2023-07-31 20:21:09', '2023-07-31 20:21:09'),
(1563, 'ef8a2028-991f-4380-a37d-8cc401bb926e', 3, 'Mozilla/5.0 (compatible; YandexRenderResourcesBot/1.0; +http://yandex.com/bots) AppleWebKit/537.36 (KHTML, like Gecko) Chrome/108.0.0.0', '2023-08-01 04:30:53', '2023-08-01 04:30:53'),
(1564, '13821720-a0ce-4be3-8397-412e5a0f97fe', 3, 'Mozilla/5.0 (compatible; YandexRenderResourcesBot/1.0; +http://yandex.com/bots) AppleWebKit/537.36 (KHTML, like Gecko) Chrome/108.0.0.0', '2023-08-01 08:07:18', '2023-08-01 08:07:19'),
(1565, '7f96df1e-b440-481f-bf08-01608ab97809', 3, 'Mozilla/5.0 (compatible; YandexRenderResourcesBot/1.0; +http://yandex.com/bots) AppleWebKit/537.36 (KHTML, like Gecko) Chrome/108.0.0.0', '2023-08-01 23:00:09', '2023-08-01 23:00:09'),
(1566, '2e9f79c6-75bb-47d1-86b0-b4288982a407', 3, 'Mozilla/5.0 (Windows NT 10.0; Win64; x64; rv:109.0) Gecko/20100101 Firefox/115.0', '2023-08-02 15:29:57', '2023-08-02 15:29:57'),
(1567, '945d82ae-19a3-4ddd-89e9-ad3c7f8f5663', 3, 'Mozilla/5.0 (compatible; YandexRenderResourcesBot/1.0; +http://yandex.com/bots) AppleWebKit/537.36 (KHTML, like Gecko) Chrome/108.0.0.0', '2023-08-02 16:04:50', '2023-08-02 16:04:50'),
(1568, 'af5ba6e8-fb81-4e7e-89b9-74ec8f912a76', 3, 'Mozilla/5.0 (compatible; YandexRenderResourcesBot/1.0; +http://yandex.com/bots) AppleWebKit/537.36 (KHTML, like Gecko) Chrome/108.0.0.0', '2023-08-03 16:54:18', '2023-08-03 16:54:18'),
(1569, 'b29beebf-d712-491a-8bce-352c3455ca6f', 3, 'Mozilla/5.0 (compatible; YandexRenderResourcesBot/1.0; +http://yandex.com/bots) AppleWebKit/537.36 (KHTML, like Gecko) Chrome/108.0.0.0', '2023-08-03 18:49:14', '2023-08-03 18:49:14'),
(1570, '74793876-dbe4-410e-9d9c-2d906d9b14d2', 3, 'Mozilla/5.0 (Linux; Android 8.0; Pixel 2 Build/OPD3.170816.012) AppleWebKit/537.36 (KHTML, like Gecko) Chrome/87.0.4280.88 Mobile Safari/537.36', '2023-08-03 19:20:32', '2023-08-03 19:20:32'),
(1571, '32b1606c-f74c-46aa-bebc-31e3a43750a3', 3, 'Mozilla/5.0 (Macintosh; Intel Mac OS X 11_0_0) AppleWebKit/537.36 (KHTML, like Gecko) Chrome/87.0.4280.88 Safari/537.36', '2023-08-03 19:25:11', '2023-08-03 19:25:11'),
(1572, 'd8a02213-3164-4608-9e55-ea7d0f946630', 3, 'Mozilla/5.0 (Macintosh; Intel Mac OS X 11_0_0) AppleWebKit/537.36 (KHTML, like Gecko) Chrome/87.0.4280.88 Safari/537.36', '2023-08-03 19:25:12', '2023-08-03 19:25:12'),
(1573, '27fb648d-5e6d-4cb3-afe1-a7910bf14935', 3, 'Mozilla/5.0 (Macintosh; Intel Mac OS X 11_0_0) AppleWebKit/537.36 (KHTML, like Gecko) Chrome/87.0.4280.88 Safari/537.36', '2023-08-03 19:25:34', '2023-08-03 19:25:34'),
(1574, 'dba14e7b-a563-4413-bc4a-3d7dee00d8e1', 3, 'Mozilla/5.0 (Windows NT 10.0; Win64; x64) AppleWebKit/537.36 (KHTML, like Gecko) Chrome/115.0.0.0 Safari/537.36 OPR/101.0.0.0', '2023-08-04 07:32:25', '2023-08-04 07:32:25'),
(1575, '8cd52410-6daa-4465-80aa-a9380e69ea59', 3, 'Mozilla/5.0 (Macintosh; Intel Mac OS X 10_15_7) AppleWebKit/537.36 (KHTML, like Gecko) Chrome/104.0.5112.79 Safari/537.36', '2023-08-04 10:46:10', '2023-08-04 10:46:10'),
(1576, 'c006e0e6-fd95-4a3c-99fb-76025e552c1e', 3, 'Mozilla/5.0 (compatible; YandexRenderResourcesBot/1.0; +http://yandex.com/bots) AppleWebKit/537.36 (KHTML, like Gecko) Chrome/108.0.0.0', '2023-08-04 18:41:22', '2023-08-04 18:41:22'),
(1577, 'ac4d0e77-ab89-4794-bf78-fd02dba1fa68', 3, 'Mozilla/5.0 AppleWebKit/537.36 (KHTML, like Gecko; compatible; Googlebot/2.1; +http://www.google.com/bot.html) Chrome/114.0.5735.179 Safari/537.36', '2023-08-04 18:51:09', '2023-08-04 18:51:09'),
(1578, 'f2715040-7849-44f1-8cf6-bf69a5e489aa', 3, 'Mozilla/5.0 (Linux; Android 6.0.1; Nexus 5X Build/MMB29P) AppleWebKit/537.36 (KHTML, like Gecko) Chrome/114.0.5735.179 Mobile Safari/537.36 (compatible; Googlebot/2.1; +http://www.google.com/bot.html)', '2023-08-04 19:36:08', '2023-08-04 19:36:08'),
(1579, '7cc0ad50-9232-4272-a1a8-237787af4604', 3, 'Mozilla/5.0 (compatible; YandexRenderResourcesBot/1.0; +http://yandex.com/bots) AppleWebKit/537.36 (KHTML, like Gecko) Chrome/108.0.0.0', '2023-08-05 16:03:03', '2023-08-05 16:03:03'),
(1580, 'de59dc58-464a-4ba8-a690-038b25fd801b', 3, 'Mozilla/5.0 (compatible; YandexRenderResourcesBot/1.0; +http://yandex.com/bots) AppleWebKit/537.36 (KHTML, like Gecko) Chrome/108.0.0.0', '2023-08-05 19:57:05', '2023-08-05 19:57:05'),
(1581, 'bdeba18e-a1a9-4b72-92d6-2ab02d29ac83', 3, 'Mozilla/5.0 (compatible; YandexRenderResourcesBot/1.0; +http://yandex.com/bots) AppleWebKit/537.36 (KHTML, like Gecko) Chrome/108.0.0.0', '2023-08-06 10:35:48', '2023-08-06 10:35:48'),
(1582, '53299be0-916b-4431-b326-0d870792fd60', 3, 'Mozilla/5.0 (compatible; YandexRenderResourcesBot/1.0; +http://yandex.com/bots) AppleWebKit/537.36 (KHTML, like Gecko) Chrome/108.0.0.0', '2023-08-07 01:47:31', '2023-08-07 01:47:31'),
(1583, 'dbe68297-e452-4624-99cc-c771f2cdbc55', 3, 'Mozilla/5.0 (compatible; YandexRenderResourcesBot/1.0; +http://yandex.com/bots) AppleWebKit/537.36 (KHTML, like Gecko) Chrome/108.0.0.0', '2023-08-07 14:51:21', '2023-08-07 14:51:21'),
(1584, '519ea5bc-d50b-4eaf-9edc-2c1c6dcf48ab', 3, 'Mozilla/5.0 (compatible; YandexRenderResourcesBot/1.0; +http://yandex.com/bots) AppleWebKit/537.36 (KHTML, like Gecko) Chrome/108.0.0.0', '2023-08-07 19:32:03', '2023-08-07 19:32:03'),
(1585, 'e0afe20f-448d-43b9-8b1e-c17ba731e79e', 3, 'Mozilla/5.0 (compatible; YandexRenderResourcesBot/1.0; +http://yandex.com/bots) AppleWebKit/537.36 (KHTML, like Gecko) Chrome/108.0.0.0', '2023-08-08 17:54:24', '2023-08-08 17:54:24'),
(1586, 'b149759f-0b74-4234-bf4c-dfa4819d9641', 3, 'Mozilla/5.0 (compatible; YandexRenderResourcesBot/1.0; +http://yandex.com/bots) AppleWebKit/537.36 (KHTML, like Gecko) Chrome/108.0.0.0', '2023-08-08 18:44:34', '2023-08-08 18:44:34'),
(1587, '756cf851-54e4-4b0f-b5db-9a6224f82884', 3, 'Mozilla/5.0 (compatible; YandexRenderResourcesBot/1.0; +http://yandex.com/bots) AppleWebKit/537.36 (KHTML, like Gecko) Chrome/108.0.0.0', '2023-08-08 18:59:13', '2023-08-08 18:59:13'),
(1588, '8b3c82af-699b-4d09-bc67-dbb5f2750f28', 3, 'Mozilla/5.0 (compatible; YandexRenderResourcesBot/1.0; +http://yandex.com/bots) AppleWebKit/537.36 (KHTML, like Gecko) Chrome/108.0.0.0', '2023-08-10 00:16:43', '2023-08-10 00:16:43'),
(1589, '5a42ad89-63f5-4063-923f-23b15a19f6f6', 3, 'Mozilla/5.0 (compatible; YandexRenderResourcesBot/1.0; +http://yandex.com/bots) AppleWebKit/537.36 (KHTML, like Gecko) Chrome/108.0.0.0', '2023-08-10 08:33:21', '2023-08-10 08:33:21'),
(1590, '7d4fb6a7-2cea-408f-85e6-dc13aca65bd6', 3, 'Mozilla/5.0 (Windows NT 6.1; Win64; x64) AppleWebKit/537.36 (KHTML, like Gecko) Chrome/114.0.0.0 YaBrowser/23.7.2.765 Yowser/2.5 Safari/537.36', '2023-08-10 08:40:17', '2023-08-10 08:40:17'),
(1591, '79909d47-3a4f-438d-beba-bf4ecd0e3be5', 3, 'Mozilla/5.0 (compatible; YandexRenderResourcesBot/1.0; +http://yandex.com/bots) AppleWebKit/537.36 (KHTML, like Gecko) Chrome/108.0.0.0', '2023-08-11 08:35:17', '2023-08-11 08:35:17'),
(1592, '271079c3-434d-4a03-9e3b-0f0675ae02bc', 3, 'Mozilla/5.0 (Macintosh; Intel Mac OS X 11_0_0) AppleWebKit/537.36 (KHTML, like Gecko) Chrome/87.0.4280.88 Safari/537.36', '2023-08-11 19:49:32', '2023-08-11 19:49:32'),
(1593, '7409b414-b3dc-45b3-a6b2-2592628b738c', 3, 'Mozilla/5.0 (compatible; YandexRenderResourcesBot/1.0; +http://yandex.com/bots) AppleWebKit/537.36 (KHTML, like Gecko) Chrome/108.0.0.0', '2023-08-11 21:48:31', '2023-08-11 21:48:31'),
(1594, '63f1eac3-84f2-4585-b0f6-fe6b38c0c11d', 3, 'Mozilla/5.0 (compatible; YandexRenderResourcesBot/1.0; +http://yandex.com/bots) AppleWebKit/537.36 (KHTML, like Gecko) Chrome/108.0.0.0', '2023-08-12 01:01:17', '2023-08-12 01:01:17'),
(1595, 'b5966831-f199-4acd-a799-40e642cdd2b9', 3, 'Mozilla/5.0 (Windows NT 10.0; Win64; x64) AppleWebKit/537.36 (KHTML, like Gecko) Chrome/114.0.0.0 Safari/537.36 OPR/100.0.0.0', '2023-08-12 01:01:23', '2023-08-12 01:01:23'),
(1596, '90b04685-70e6-479b-9fcb-a4a845a440d9', 3, 'Mozilla/5.0 (Windows NT 10.0; Win64; x64) AppleWebKit/537.36 (KHTML, like Gecko) Chrome/104.0.0.0 Safari/537.36', '2023-08-12 08:04:23', '2023-08-12 08:04:23'),
(1597, 'a8ff03d9-64f2-4407-acee-aef3894944c5', 3, 'Mozilla/5.0 (compatible; YandexRenderResourcesBot/1.0; +http://yandex.com/bots) AppleWebKit/537.36 (KHTML, like Gecko) Chrome/108.0.0.0', '2023-08-12 13:40:26', '2023-08-12 13:40:26'),
(1598, '36bc8ffa-5104-4407-8088-01059f92c865', 3, 'Mozilla/5.0 (compatible; YandexRenderResourcesBot/1.0; +http://yandex.com/bots) AppleWebKit/537.36 (KHTML, like Gecko) Chrome/108.0.0.0', '2023-08-12 20:39:28', '2023-08-12 20:39:28'),
(1599, '2ab1301f-76a2-4ff1-b73f-acbd1f943e54', 3, 'Mozilla/5.0 (compatible; YandexRenderResourcesBot/1.0; +http://yandex.com/bots) AppleWebKit/537.36 (KHTML, like Gecko) Chrome/108.0.0.0', '2023-08-12 21:45:58', '2023-08-12 21:45:58'),
(1600, '3d360b2b-f9a4-4c20-af7c-286e4d25f884', 3, 'Mozilla/5.0 (Macintosh; Intel Mac OS X 11_0_0) AppleWebKit/537.36 (KHTML, like Gecko) Chrome/87.0.4280.88 Safari/537.36', '2023-08-13 06:54:13', '2023-08-13 06:54:13'),
(1601, '138c1111-a510-4fce-9570-99181dd8b03a', 3, 'Mozilla/5.0 (compatible; YandexRenderResourcesBot/1.0; +http://yandex.com/bots) AppleWebKit/537.36 (KHTML, like Gecko) Chrome/108.0.0.0', '2023-08-14 06:00:38', '2023-08-14 06:00:38'),
(1602, '6d9bfb40-a040-441d-9e71-ebaeb23069ec', 3, 'Mozilla/5.0 (X11; Linux x86_64) AppleWebKit/537.36 (KHTML, like Gecko) HeadlessChrome/99.0.4844.0 Safari/537.36', '2023-08-14 07:42:52', '2023-08-14 07:42:52'),
(1603, '4e393864-9a72-444f-a8b7-4287b821b0ab', 3, 'Mozilla/5.0 (compatible; YandexRenderResourcesBot/1.0; +http://yandex.com/bots) AppleWebKit/537.36 (KHTML, like Gecko) Chrome/108.0.0.0', '2023-08-14 08:33:13', '2023-08-14 08:33:13'),
(1604, 'e9dfd9f5-386f-4a2a-bd10-a2719d33394f', 3, 'Mozilla/5.0 (Linux; Android 6.0.1; Nexus 5X Build/MMB29P) AppleWebKit/537.36 (KHTML, like Gecko) Chrome/114.0.5735.179 Mobile Safari/537.36 (compatible; Googlebot/2.1; +http://www.google.com/bot.html)', '2023-08-14 14:34:19', '2023-08-14 14:34:19'),
(1605, '3b82a333-9ae4-4166-9e72-cb5aec83cbba', 3, 'Mozilla/5.0 (compatible; YandexRenderResourcesBot/1.0; +http://yandex.com/bots) AppleWebKit/537.36 (KHTML, like Gecko) Chrome/108.0.0.0', '2023-08-15 01:46:56', '2023-08-15 01:46:56'),
(1606, '0abb6516-6806-4f7d-9830-b741670807d9', 3, 'Mozilla/5.0 (compatible; YandexRenderResourcesBot/1.0; +http://yandex.com/bots) AppleWebKit/537.36 (KHTML, like Gecko) Chrome/108.0.0.0', '2023-08-16 08:44:22', '2023-08-16 08:44:22'),
(1607, '71aa925f-53c1-4124-8122-ce660d6b2c5d', 3, 'Mozilla/5.0 (compatible; YandexRenderResourcesBot/1.0; +http://yandex.com/bots) AppleWebKit/537.36 (KHTML, like Gecko) Chrome/108.0.0.0', '2023-08-17 06:14:25', '2023-08-17 06:14:25'),
(1608, 'a876eae5-7772-48fc-bf1d-ff7cea484b9b', 3, 'Mozilla/5.0 (compatible; YandexRenderResourcesBot/1.0; +http://yandex.com/bots) AppleWebKit/537.36 (KHTML, like Gecko) Chrome/108.0.0.0', '2023-08-17 08:32:09', '2023-08-17 08:32:09'),
(1609, '3811e92a-d1df-4193-ae00-788a0a3842e8', 3, 'Mozilla/5.0 (compatible; YandexRenderResourcesBot/1.0; +http://yandex.com/bots) AppleWebKit/537.36 (KHTML, like Gecko) Chrome/108.0.0.0', '2023-08-18 17:37:13', '2023-08-18 17:37:13'),
(1610, '9e6861e7-d03d-457c-8c84-3b128228861a', 3, 'Mozilla/5.0 (compatible; YandexRenderResourcesBot/1.0; +http://yandex.com/bots) AppleWebKit/537.36 (KHTML, like Gecko) Chrome/108.0.0.0', '2023-08-18 18:41:21', '2023-08-18 18:41:21'),
(1611, 'bf20326a-31c4-4711-9edc-e5d76440b031', 3, 'Mozilla/5.0 (compatible; YandexRenderResourcesBot/1.0; +http://yandex.com/bots) AppleWebKit/537.36 (KHTML, like Gecko) Chrome/108.0.0.0', '2023-08-19 07:56:41', '2023-08-19 07:56:41'),
(1612, 'e3a90d46-a934-41f2-a074-3522f1654b26', 3, 'Mozilla/5.0 (compatible; YandexRenderResourcesBot/1.0; +http://yandex.com/bots) AppleWebKit/537.36 (KHTML, like Gecko) Chrome/108.0.0.0', '2023-08-19 08:09:27', '2023-08-19 08:09:27'),
(1613, '66b5c4f0-695a-4e37-97bc-e56697872de8', 3, 'Mozilla/5.0 AppleWebKit/537.36 (KHTML, like Gecko; compatible; bingbot/2.0; +http://www.bing.com/bingbot.htm) Chrome/112.0.0.0 Safari/537.36', '2023-08-19 13:40:31', '2023-08-19 13:40:31'),
(1614, '2093b698-1a06-49fc-94d4-f1056222da6a', 3, 'Mozilla/5.0 (Windows NT 10.0; Win64; x64) AppleWebKit/537.36 (KHTML, like Gecko) Chrome/114.0.0.0 Safari/537.36', '2023-08-20 08:44:12', '2023-08-20 08:44:12'),
(1615, '10a31608-73c4-4cc2-a81e-122cbd159db5', 3, 'Mozilla/5.0 (compatible; YandexRenderResourcesBot/1.0; +http://yandex.com/bots) AppleWebKit/537.36 (KHTML, like Gecko) Chrome/108.0.0.0', '2023-08-20 14:31:08', '2023-08-20 14:31:09'),
(1616, 'db7e7ee2-5667-4cf8-8904-98db337b6b79', 3, 'Mozilla/5.0 (compatible; YandexRenderResourcesBot/1.0; +http://yandex.com/bots) AppleWebKit/537.36 (KHTML, like Gecko) Chrome/108.0.0.0', '2023-08-20 15:34:58', '2023-08-20 15:34:58'),
(1617, 'a5fd47d5-f14a-4664-8cfa-59704c77e19c', 3, 'Mozilla/5.0 (compatible; YandexRenderResourcesBot/1.0; +http://yandex.com/bots) AppleWebKit/537.36 (KHTML, like Gecko) Chrome/108.0.0.0', '2023-08-21 04:41:55', '2023-08-21 04:41:55'),
(1618, '916cf009-83e6-4b8e-95f6-5de9e64562c4', 3, 'Mozilla/5.0 (Windows NT 10.0; Win64; x64; rv:109.0) Gecko/20100101 Firefox/116.0', '2023-08-21 14:15:04', '2023-08-21 14:15:04'),
(1619, '650f9ef3-899b-4ef2-bb7f-d9ce85b8ac2a', 3, 'Mozilla/5.0 (compatible; YandexRenderResourcesBot/1.0; +http://yandex.com/bots) AppleWebKit/537.36 (KHTML, like Gecko) Chrome/108.0.0.0', '2023-08-22 16:08:42', '2023-08-22 16:08:42'),
(1620, 'fc7328ec-0317-4ba7-908b-d2509ee888a3', 3, 'Mozilla/5.0 (compatible; YandexRenderResourcesBot/1.0; +http://yandex.com/bots) AppleWebKit/537.36 (KHTML, like Gecko) Chrome/108.0.0.0', '2023-08-22 17:19:56', '2023-08-22 17:19:56'),
(1621, 'd15d05d6-32d1-4a0d-8934-94f32aaa93e3', 3, 'Mozilla/5.0 (Linux; Android 6.0.1; Nexus 5X Build/MMB29P) AppleWebKit/537.36 (KHTML, like Gecko) Chrome/116.0.5845.96 Mobile Safari/537.36 (compatible; Googlebot/2.1; +http://www.google.com/bot.html)', '2023-08-23 06:52:35', '2023-08-23 06:52:35'),
(1622, '3364b989-188e-4352-8522-f0939c583b07', 3, 'Mozilla/5.0 (X11; Linux x86_64) AppleWebKit/537.36 (KHTML, like Gecko) HeadlessChrome/116.0.5845.110 Safari/537.36', '2023-08-23 08:05:22', '2023-08-23 08:05:22'),
(1623, '457850d0-b17e-415d-a7ca-17bef5f72464', 3, 'Mozilla/5.0 (X11; Linux x86_64) AppleWebKit/537.36 (KHTML, like Gecko) HeadlessChrome/116.0.5845.110 Safari/537.36', '2023-08-23 08:05:37', '2023-08-23 08:05:37'),
(1624, 'c287cb24-90ba-4182-9d14-757fecfe655d', 3, 'Mozilla/5.0 AppleWebKit/537.36 (KHTML, like Gecko; compatible; Googlebot/2.1; +http://www.google.com/bot.html) Chrome/116.0.5845.96 Safari/537.36', '2023-08-23 08:43:12', '2023-08-23 08:43:12'),
(1625, '1d523c56-4915-46a2-a55b-a0443fb73b47', 3, 'Mozilla/5.0 (compatible; YandexRenderResourcesBot/1.0; +http://yandex.com/bots) AppleWebKit/537.36 (KHTML, like Gecko) Chrome/108.0.0.0', '2023-08-24 23:32:15', '2023-08-24 23:32:15'),
(1626, '9e9647d3-b0c2-4203-977c-0050ea8f670d', 3, 'Mozilla/5.0 AppleWebKit/537.36 (KHTML, like Gecko; compatible; Googlebot/2.1; +http://www.google.com/bot.html) Chrome/116.0.5845.96 Safari/537.36', '2023-08-25 05:28:57', '2023-08-25 05:28:57'),
(1627, 'a2774309-d191-46bf-a2ad-b7894590bc4c', 3, 'Mozilla/5.0 (X11; Linux x86_64) AppleWebKit/537.36 (KHTML, like Gecko) HeadlessChrome/107.0.5304.110 Safari/537.36', '2023-08-25 12:05:02', '2023-08-25 12:05:02'),
(1628, '0d4a00b2-4156-42d7-aa09-739137a57e62', 3, 'Mozilla/5.0 (Macintosh; Intel Mac OS X 11_0_0) AppleWebKit/537.36 (KHTML, like Gecko) Chrome/87.0.4280.88 Safari/537.36', '2023-08-29 01:09:54', '2023-08-29 01:09:54'),
(1629, '7b61c3d6-6b26-4d10-948f-2302d2e6215d', 3, 'Mozilla/5.0 (compatible; YandexRenderResourcesBot/1.0; +http://yandex.com/bots) AppleWebKit/537.36 (KHTML, like Gecko) Chrome/108.0.0.0', '2023-08-29 19:39:33', '2023-08-29 19:39:33'),
(1630, 'c60a7314-4638-4300-a640-ad85ce28ede0', 3, 'Mozilla/5.0 (X11; Linux x86_64) AppleWebKit/537.36 (KHTML, like Gecko) HeadlessChrome/92.0.4515.107 Safari/537.36', '2023-08-29 22:19:17', '2023-08-29 22:19:17'),
(1631, 'a37194ee-aa5e-4387-a6d1-4bda51ee2773', 3, 'Mozilla/5.0 (Macintosh; Intel Mac OS X 11_0_0) AppleWebKit/537.36 (KHTML, like Gecko) Chrome/87.0.4280.88 Safari/537.36', '2023-08-29 23:28:46', '2023-08-29 23:28:46'),
(1632, 'd1132bf9-c81f-4355-bd7d-10faed983fef', 3, 'Mozilla/5.0 (compatible; YandexRenderResourcesBot/1.0; +http://yandex.com/bots) AppleWebKit/537.36 (KHTML, like Gecko) Chrome/108.0.0.0', '2023-08-30 10:51:47', '2023-08-30 10:51:47'),
(1633, 'b9e23d50-4cb4-44b3-a9f2-391c3fb2d497', 3, 'Mozilla/5.0 (compatible; YandexRenderResourcesBot/1.0; +http://yandex.com/bots) AppleWebKit/537.36 (KHTML, like Gecko) Chrome/108.0.0.0', '2023-08-30 17:41:48', '2023-08-30 17:41:48'),
(1634, 'effe84ec-37e5-49d4-b03b-9802605cb2c4', 3, 'Mozilla/5.0 (compatible; YandexRenderResourcesBot/1.0; +http://yandex.com/bots) AppleWebKit/537.36 (KHTML, like Gecko) Chrome/108.0.0.0', '2023-08-30 19:42:03', '2023-08-30 19:42:03'),
(1635, '0ce2c0c7-0ebc-47d3-9a42-c2e912f9a7d0', 3, 'Mozilla/5.0 (compatible; YandexRenderResourcesBot/1.0; +http://yandex.com/bots) AppleWebKit/537.36 (KHTML, like Gecko) Chrome/108.0.0.0', '2023-08-31 18:44:14', '2023-08-31 18:44:14'),
(1636, 'a17a55f9-5ec7-4b04-b81e-1cf82a299eb0', 3, 'Mozilla/5.0 (compatible; YandexRenderResourcesBot/1.0; +http://yandex.com/bots) AppleWebKit/537.36 (KHTML, like Gecko) Chrome/108.0.0.0', '2023-08-31 21:24:42', '2023-08-31 21:24:42'),
(1637, '598967c0-8732-4a5c-b1a5-044a7435a174', 3, 'Mozilla/5.0 (compatible; YandexRenderResourcesBot/1.0; +http://yandex.com/bots) AppleWebKit/537.36 (KHTML, like Gecko) Chrome/108.0.0.0', '2023-09-02 04:37:06', '2023-09-02 04:37:06'),
(1638, 'd64a7fd9-29d7-490e-a114-d5283045e6c1', 3, 'Mozilla/5.0 (compatible; YandexRenderResourcesBot/1.0; +http://yandex.com/bots) AppleWebKit/537.36 (KHTML, like Gecko) Chrome/108.0.0.0', '2023-09-02 05:40:46', '2023-09-02 05:40:46'),
(1639, '29bd6ed0-3f13-420c-a228-7ae9caf3e8b7', 3, 'Mozilla/5.0 (X11; Linux x86_64) AppleWebKit/537.36 (KHTML, like Gecko) HeadlessChrome/81.0.4044.92 Safari/537.36', '2023-09-03 02:42:58', '2023-09-03 02:42:58'),
(1640, '30106e35-3bbc-44d7-95ea-ada345943009', 3, 'Mozilla/5.0 (compatible; YandexRenderResourcesBot/1.0; +http://yandex.com/bots) AppleWebKit/537.36 (KHTML, like Gecko) Chrome/108.0.0.0', '2023-09-03 06:51:44', '2023-09-03 06:51:44'),
(1641, '65165937-db83-4b10-ad58-271c71a757f8', 3, 'Mozilla/5.0 (compatible; YandexRenderResourcesBot/1.0; +http://yandex.com/bots) AppleWebKit/537.36 (KHTML, like Gecko) Chrome/108.0.0.0', '2023-09-04 05:00:40', '2023-09-04 05:00:40'),
(1642, 'c0cfa6f9-a31c-42b5-ac0f-ef23f187d0ec', 3, 'Mozilla/5.0 (Windows NT 10.0; Win64; x64; rv:109.0) Gecko/20100101 Firefox/116.0', '2023-09-04 10:53:57', '2023-09-04 10:53:57'),
(1643, 'c4c8d6a9-442d-4830-9a55-b554b84d3925', 3, 'Mozilla/5.0 (compatible; YandexRenderResourcesBot/1.0; +http://yandex.com/bots) AppleWebKit/537.36 (KHTML, like Gecko) Chrome/108.0.0.0', '2023-09-05 00:36:28', '2023-09-05 00:36:28'),
(1644, 'f20f2c86-7870-4eb2-a5c9-fe906b830308', 3, 'Mozilla/5.0 (compatible; YandexRenderResourcesBot/1.0; +http://yandex.com/bots) AppleWebKit/537.36 (KHTML, like Gecko) Chrome/108.0.0.0', '2023-09-06 12:47:29', '2023-09-06 12:47:29'),
(1645, '71d160e1-0a26-4710-80af-49292f3f59b7', 3, 'Mozilla/5.0 (compatible; YandexRenderResourcesBot/1.0; +http://yandex.com/bots) AppleWebKit/537.36 (KHTML, like Gecko) Chrome/108.0.0.0', '2023-09-06 17:07:08', '2023-09-06 17:07:08'),
(1646, '69bfecc2-b98b-4bb4-9bbd-4c01e73edd6f', 3, 'Mozilla/5.0 (Linux; Android 10; K) AppleWebKit/537.36 (KHTML, like Gecko) Chrome/116.0.0.0 Mobile Safari/537.36', '2023-09-06 19:06:40', '2023-09-06 19:06:40'),
(1647, '86c9ab77-6466-4179-b836-b378131774eb', 3, 'Mozilla/5.0 (Linux; Android 10; K) AppleWebKit/537.36 (KHTML, like Gecko) Chrome/116.0.0.0 Mobile Safari/537.36', '2023-09-06 19:06:41', '2023-09-06 19:06:41'),
(1648, '1280a310-5765-43b8-aafa-ea2edcb4a03f', 3, 'Mozilla/5.0 (Windows NT 10.0; Win64; x64) AppleWebKit/537.36 (KHTML, like Gecko) Chrome/104.0.0.0 Safari/537.36', '2023-09-06 21:29:24', '2023-09-06 21:29:24'),
(1649, '9f74804b-a302-42d2-9e84-a6d6bfdd8862', 3, 'Mozilla/5.0 (compatible; YandexRenderResourcesBot/1.0; +http://yandex.com/bots) AppleWebKit/537.36 (KHTML, like Gecko) Chrome/108.0.0.0', '2023-09-07 15:03:47', '2023-09-07 15:03:47'),
(1650, 'c265714e-0d3e-4f13-be76-9ad507265e66', 3, 'Mozilla/5.0 (compatible; YandexRenderResourcesBot/1.0; +http://yandex.com/bots) AppleWebKit/537.36 (KHTML, like Gecko) Chrome/108.0.0.0', '2023-09-07 17:28:39', '2023-09-07 17:28:39'),
(1651, '83a94d46-b8f6-4e2c-b2ca-dae5637357bf', 3, 'Mozilla/5.0 (Windows NT 10.0; Win64; x64) AppleWebKit/537.36 (KHTML, like Gecko) Chrome/114.0.0.0 YaBrowser/23.7.4.971 Yowser/2.5 Safari/537.36', '2023-09-09 20:36:49', '2023-09-09 20:36:49'),
(1652, '61a2590f-fbd4-4b50-80e7-f49dba8b3092', 3, 'Mozilla/5.0 (Windows NT 10.0; Win64; x64) AppleWebKit/537.36 (KHTML, like Gecko) Chrome/114.0.0.0 YaBrowser/23.7.4.971 Yowser/2.5 Safari/537.36', '2023-09-09 20:37:13', '2023-09-09 20:37:13'),
(1653, 'c550d32c-e495-4170-9922-211837758bbe', 3, 'Mozilla/5.0 (compatible; YandexRenderResourcesBot/1.0; +http://yandex.com/bots) AppleWebKit/537.36 (KHTML, like Gecko) Chrome/108.0.0.0', '2023-09-10 08:54:08', '2023-09-10 08:54:08'),
(1654, '0eeb66d4-814e-4169-aa6a-04c0b5eee8fc', 19, 'Mozilla/5.0 (Macintosh; Intel Mac OS X 10_15_7) AppleWebKit/605.1.15 (KHTML, like Gecko) Version/15.6.1 Safari/605.1.15', '2023-09-10 18:47:23', '2023-11-11 18:16:33'),
(1655, 'e062e5f6-d78c-4bc4-8712-bbd84355b4c8', 3, 'Mozilla/5.0 (Windows NT 6.1) AppleWebKit/537.36 (KHTML, like Gecko) Chrome/114.0.0.0 YaBrowser/23.7.4.972 Yowser/2.5 Safari/537.36', '2023-09-11 05:21:40', '2023-09-11 05:21:40'),
(1656, '86b856a3-db7a-4157-89ba-6b3792e40c74', 3, 'Mozilla/5.0 (Macintosh; Intel Mac OS X 11_0_0) AppleWebKit/537.36 (KHTML, like Gecko) Chrome/87.0.4280.88 Safari/537.36', '2023-09-11 07:29:09', '2023-09-11 07:29:09'),
(1657, '53b5528f-df67-4bf0-9fd1-315b52fde922', 3, 'Mozilla/5.0 (Macintosh; Intel Mac OS X 11_0_0) AppleWebKit/537.36 (KHTML, like Gecko) Chrome/87.0.4280.88 Safari/537.36', '2023-09-11 07:29:12', '2023-09-11 07:29:12'),
(1658, 'd965deae-5c24-4869-b642-e173ea4ef9e0', 3, 'Mozilla/5.0 (Macintosh; Intel Mac OS X 11_0_0) AppleWebKit/537.36 (KHTML, like Gecko) Chrome/87.0.4280.88 Safari/537.36', '2023-09-11 07:29:30', '2023-09-11 07:29:30'),
(1659, '1990a39f-3f4b-4092-8bcb-3b28d71e37b2', 3, 'Mozilla/5.0 (compatible; YandexRenderResourcesBot/1.0; +http://yandex.com/bots) AppleWebKit/537.36 (KHTML, like Gecko) Chrome/108.0.0.0', '2023-09-11 18:09:23', '2023-09-11 18:09:23'),
(1660, '69b88049-655a-400c-b795-3a9060b2a1dc', 3, 'Mozilla/5.0 (Linux; Android 6.0.1; Nexus 5X Build/MMB29P) AppleWebKit/537.36 (KHTML, like Gecko) Chrome/116.0.5845.140 Mobile Safari/537.36 (compatible; Googlebot/2.1; +http://www.google.com/bot.html)', '2023-09-12 11:29:49', '2023-09-12 11:29:49'),
(1661, '151a762c-2e00-4be6-8b1d-991aa2361dd4', 3, 'Mozilla/5.0 (X11; Linux x86_64) AppleWebKit/537.36 (KHTML, like Gecko) HeadlessChrome/80.0.3987.163 Safari/537.36', '2023-09-13 01:00:25', '2023-09-13 01:00:25'),
(1662, 'e258ed55-eb4b-43c5-aa07-ec76f4be2d01', 3, 'Mozilla/5.0 (Macintosh; Intel Mac OS X 11_0_0) AppleWebKit/537.36 (KHTML, like Gecko) Chrome/87.0.4280.88 Safari/537.36', '2023-09-13 09:45:09', '2023-09-13 09:45:09'),
(1663, 'b95e2172-2670-4482-af81-55948cc2fd36', 3, 'Mozilla/5.0 (Macintosh; Intel Mac OS X 11_0_0) AppleWebKit/537.36 (KHTML, like Gecko) Chrome/87.0.4280.88 Safari/537.36', '2023-09-13 09:45:19', '2023-09-13 09:45:19'),
(1664, '91b9515b-d48e-4af2-8402-57df5a25e2dc', 3, 'Mozilla/5.0 (Macintosh; Intel Mac OS X 11_0_0) AppleWebKit/537.36 (KHTML, like Gecko) Chrome/87.0.4280.88 Safari/537.36', '2023-09-13 09:46:03', '2023-09-13 09:46:03'),
(1665, '29bac312-209b-494b-b210-d7aae7d89c0b', 3, 'Mozilla/5.0 (Macintosh; Intel Mac OS X 11_0_0) AppleWebKit/537.36 (KHTML, like Gecko) Chrome/87.0.4280.88 Safari/537.36', '2023-09-13 09:46:15', '2023-09-13 09:46:15'),
(1666, '844d019a-5e17-448c-914b-9c245713c1e5', 3, 'Mozilla/5.0 (Macintosh; Intel Mac OS X 10_15_7) AppleWebKit/537.36 (KHTML, like Gecko) Chrome/108.0.0.0 YaBrowser/23.1.2.980 Yowser/2.5 Safari/537.36', '2023-09-14 04:18:12', '2023-09-14 04:18:12'),
(1667, '71e7e880-65bf-4c90-af11-7f6561147b7c', 3, 'Mozilla/5.0 (Macintosh; Intel Mac OS X 10_15_7) AppleWebKit/537.36 (KHTML, like Gecko) Chrome/108.0.0.0 YaBrowser/23.1.2.980 Yowser/2.5 Safari/537.36', '2023-09-14 04:23:26', '2023-09-14 04:23:26');
INSERT INTO `sessions` (`id`, `token`, `user_id`, `user_agent`, `datetime_create`, `datetime_update`) VALUES
(1668, '1acb66ab-80b5-4505-823a-9a51924639d4', 3, 'Mozilla/5.0 (Macintosh; Intel Mac OS X 10_15_7) AppleWebKit/537.36 (KHTML, like Gecko) Chrome/108.0.0.0 YaBrowser/23.1.2.980 Yowser/2.5 Safari/537.36', '2023-09-14 04:26:59', '2023-09-14 04:26:59'),
(1669, 'e7d106af-e6ee-4e20-8dce-c11df4f3bb6e', 3, 'Mozilla/5.0 (Linux; Android 6.0.1; Nexus 5X Build/MMB29P) AppleWebKit/537.36 (KHTML, like Gecko) Chrome/116.0.5845.140 Mobile Safari/537.36 (compatible; Googlebot/2.1; +http://www.google.com/bot.html)', '2023-09-14 06:14:56', '2023-09-14 06:14:56'),
(1670, 'b6cb29cf-e8f3-411c-97e5-c944157c749f', 3, 'Mozilla/5.0 AppleWebKit/537.36 (KHTML, like Gecko; compatible; Googlebot/2.1; +http://www.google.com/bot.html) Chrome/116.0.5845.140 Safari/537.36', '2023-09-14 06:15:04', '2023-09-14 06:15:04'),
(1671, 'a14099f2-6e9a-4233-ac40-d22d621c8fa9', 3, 'Mozilla/5.0 (Macintosh; Intel Mac OS X 10_15_7) AppleWebKit/605.1.15 (KHTML, like Gecko) Version/16.6 Safari/605.1.15', '2023-09-14 09:46:25', '2023-09-14 09:46:25'),
(1672, '8de313c6-ec64-48d6-b960-cca82575a249', 3, 'Mozilla/5.0 (Macintosh; Intel Mac OS X 10.15; rv:109.0) Gecko/20100101 Firefox/115.0', '2023-09-14 09:50:51', '2023-09-14 09:50:51'),
(1673, '61e84d54-5b77-4466-990d-997700a6f11b', 3, 'Mozilla/5.0 (Macintosh; Intel Mac OS X 10_15_7) AppleWebKit/537.36 (KHTML, like Gecko) Chrome/114.0.0.0 YaBrowser/23.7.0.2594 Yowser/2.5 Safari/537.36', '2023-09-14 09:51:24', '2023-09-14 09:51:24'),
(1674, '5d510175-4385-4f2f-bfff-eb8d34fd9ac7', 3, 'Mozilla/5.0 (compatible; YandexRenderResourcesBot/1.0; +http://yandex.com/bots) AppleWebKit/537.36 (KHTML, like Gecko) Chrome/108.0.0.0', '2023-09-14 21:15:16', '2023-09-14 21:15:16'),
(1675, '7f75b8eb-1c3a-4d78-9bfd-fcf96159c1e8', 3, 'Mozilla/5.0 (compatible; YandexRenderResourcesBot/1.0; +http://yandex.com/bots) AppleWebKit/537.36 (KHTML, like Gecko) Chrome/108.0.0.0', '2023-09-14 21:58:57', '2023-09-14 21:58:57'),
(1676, '223b1c9d-98f4-4243-b23a-b3efc7aa1bab', 3, 'Mozilla/5.0 (compatible; YandexRenderResourcesBot/1.0; +http://yandex.com/bots) AppleWebKit/537.36 (KHTML, like Gecko) Chrome/108.0.0.0', '2023-09-14 22:16:26', '2023-09-14 22:16:26'),
(1677, 'dbb36535-7f81-4e6e-9b4f-23640a23ab02', 3, 'Mozilla/5.0 (X11; Linux x86_64) AppleWebKit/537.36 (KHTML, like Gecko) HeadlessChrome/81.0.4044.92 Safari/537.36', '2023-09-14 23:09:15', '2023-09-14 23:09:15'),
(1678, '22401851-e20d-44ab-8145-a195b9146dbf', 3, 'Mozilla/5.0 (compatible; YandexRenderResourcesBot/1.0; +http://yandex.com/bots) AppleWebKit/537.36 (KHTML, like Gecko) Chrome/108.0.0.0', '2023-09-15 17:20:35', '2023-09-15 17:20:35'),
(1679, 'ed6e03b9-4b62-4c5d-a8f4-1cade5932335', 3, 'Mozilla/5.0 (compatible; YandexRenderResourcesBot/1.0; +http://yandex.com/bots) AppleWebKit/537.36 (KHTML, like Gecko) Chrome/108.0.0.0', '2023-09-16 16:19:23', '2023-09-16 16:19:23'),
(1680, 'aef32924-8946-4243-84a7-a50740025b66', 3, 'Mozilla/5.0 (compatible; YandexRenderResourcesBot/1.0; +http://yandex.com/bots) AppleWebKit/537.36 (KHTML, like Gecko) Chrome/108.0.0.0', '2023-09-16 16:20:55', '2023-09-16 16:20:55'),
(1681, '74a76fb6-35f9-4482-aabb-9df127f5ba11', 3, 'Mozilla/5.0 (Windows NT 10.0; Win64; x64) AppleWebKit/537.36 (KHTML, like Gecko) Chrome/116.0.0.0 Safari/537.36 Edg/116.0.1938.81', '2023-09-17 06:53:50', '2023-09-17 06:53:50'),
(1682, 'a5e7a5f5-4a36-4040-9d13-0112a0303f28', 3, 'Mozilla/5.0 (Windows NT 10.0; Win64; x64) AppleWebKit/537.36 (KHTML, like Gecko) Chrome/114.0.0.0 YaBrowser/23.7.5.704 Yowser/2.5 Safari/537.36', '2023-09-17 06:54:12', '2023-09-17 06:54:12'),
(1683, 'dfd5df72-2437-41ee-8b27-6550ed3ee53d', 3, 'Mozilla/5.0 (compatible; YandexRenderResourcesBot/1.0; +http://yandex.com/bots) AppleWebKit/537.36 (KHTML, like Gecko) Chrome/108.0.0.0', '2023-09-17 08:35:21', '2023-09-17 08:35:21'),
(1684, 'c3a56f2e-949b-4bad-beae-20776977d0eb', 3, 'Mozilla/5.0 (compatible; YandexRenderResourcesBot/1.0; +http://yandex.com/bots) AppleWebKit/537.36 (KHTML, like Gecko) Chrome/108.0.0.0', '2023-09-18 14:08:44', '2023-09-18 14:08:44'),
(1685, '1e461ae2-12a3-45d3-a4d7-d716d65c163c', 3, 'Mozilla/5.0 (compatible; YandexRenderResourcesBot/1.0; +http://yandex.com/bots) AppleWebKit/537.36 (KHTML, like Gecko) Chrome/108.0.0.0', '2023-09-18 23:44:40', '2023-09-18 23:44:40'),
(1686, '4af5326e-db49-413d-8081-35de60ca1d5b', 3, 'Mozilla/5.0 (Macintosh; Intel Mac OS X 11_0_0) AppleWebKit/537.36 (KHTML, like Gecko) Chrome/87.0.4280.88 Safari/537.36', '2023-09-19 06:19:18', '2023-09-19 06:19:18'),
(1687, 'e50c2060-85c7-4bd8-9bbf-a7ec3f17c7ff', 3, 'Mozilla/5.0 (Macintosh; Intel Mac OS X 11_0_0) AppleWebKit/537.36 (KHTML, like Gecko) Chrome/87.0.4280.88 Safari/537.36', '2023-09-19 06:19:35', '2023-09-19 06:19:35'),
(1688, '8b8288e8-f740-4765-bf61-d3a2e35660f9', 3, 'Mozilla/5.0 (compatible; YandexRenderResourcesBot/1.0; +http://yandex.com/bots) AppleWebKit/537.36 (KHTML, like Gecko) Chrome/108.0.0.0', '2023-09-19 18:46:07', '2023-09-19 18:46:07'),
(1689, '28183910-c402-434e-80e3-806b9fb84d63', 3, 'Mozilla/5.0 (compatible; YandexRenderResourcesBot/1.0; +http://yandex.com/bots) AppleWebKit/537.36 (KHTML, like Gecko) Chrome/108.0.0.0', '2023-09-19 22:40:29', '2023-09-19 22:40:29'),
(1690, 'c4ae1a0d-915d-4ef4-8839-719fa0be5f9d', 3, 'Mozilla/5.0 (X11; Linux x86_64) AppleWebKit/537.36 (KHTML, like Gecko) HeadlessChrome/78.0.3904.70 Safari/537.36', '2023-09-20 00:59:50', '2023-09-20 00:59:50'),
(1691, 'cf37a603-6dd2-4aff-a5c1-7fd33fec721e', 3, 'Mozilla/5.0 (compatible; YandexMetrika/2.0; +http://yandex.com/bots)', '2023-09-20 11:22:23', '2023-09-20 11:22:23'),
(1692, '25ac2705-2745-449a-b7f9-37d73278dc44', 3, 'Mozilla/5.0 (compatible; YandexRenderResourcesBot/1.0; +http://yandex.com/bots) AppleWebKit/537.36 (KHTML, like Gecko) Chrome/108.0.0.0', '2023-09-20 16:18:33', '2023-09-20 16:18:33'),
(1693, '964fb8c6-6598-43d9-a41f-8e4675e1930a', 3, 'Mozilla/5.0 (Macintosh; Intel Mac OS X 11_0_0) AppleWebKit/537.36 (KHTML, like Gecko) Chrome/87.0.4280.88 Safari/537.36', '2023-09-20 20:06:02', '2023-09-20 20:06:02'),
(1694, '68226449-e8aa-48a9-b1f2-7259debe545a', 3, 'Mozilla/5.0 (Macintosh; Intel Mac OS X 11_0_0) AppleWebKit/537.36 (KHTML, like Gecko) Chrome/87.0.4280.88 Safari/537.36', '2023-09-20 20:06:02', '2023-09-20 20:06:02'),
(1695, 'afcda254-fcde-447b-b48c-2888a55a5cf2', 3, 'Mozilla/5.0 (Macintosh; Intel Mac OS X 11_0_0) AppleWebKit/537.36 (KHTML, like Gecko) Chrome/87.0.4280.88 Safari/537.36', '2023-09-20 20:06:46', '2023-09-20 20:06:46'),
(1696, '0084c819-b976-4b9e-9adb-21c7863fe3e7', 3, 'Mozilla/5.0 (Windows NT 6.1; Win64; x64; rv:109.0) Gecko/20100101 Firefox/115.0', '2023-09-20 22:34:13', '2023-09-20 22:34:13'),
(1697, 'db9531af-c0ec-4fbe-abe6-672bdeb92aa8', 3, 'Mozilla/5.0 (Windows NT 10.0; Win64; x64) AppleWebKit/537.36 (KHTML, like Gecko) Chrome/114.0.0.0 YaBrowser/23.7.5.734 Yowser/2.5 Safari/537.36', '2023-09-21 05:34:10', '2023-09-21 05:34:10'),
(1698, 'b25b2387-95fe-4e5f-b893-ca7c62e201de', 3, 'Mozilla/5.0 (compatible; YandexRenderResourcesBot/1.0; +http://yandex.com/bots) AppleWebKit/537.36 (KHTML, like Gecko) Chrome/108.0.0.0', '2023-09-21 14:04:23', '2023-09-21 14:04:23'),
(1699, '0c1a5f90-dc9d-40f8-99c3-a44d2a0717cc', 3, 'Mozilla/5.0 (compatible; YandexRenderResourcesBot/1.0; +http://yandex.com/bots) AppleWebKit/537.36 (KHTML, like Gecko) Chrome/108.0.0.0', '2023-09-21 15:26:37', '2023-09-21 15:26:37'),
(1700, 'f05def7b-1113-47c0-b3e7-8d074fa4cf0b', 3, 'Mozilla/5.0 (compatible; YandexRenderResourcesBot/1.0; +http://yandex.com/bots) AppleWebKit/537.36 (KHTML, like Gecko) Chrome/108.0.0.0', '2023-09-21 23:07:02', '2023-09-21 23:07:02'),
(1701, '0a00c1f1-5aab-4e12-b441-44b245d961bc', 3, 'Mozilla/5.0 (Windows NT 6.1; Win64; x64) AppleWebKit/537.36 (KHTML, like Gecko) Chrome/114.0.0.0 YaBrowser/23.7.5.734 Yowser/2.5 Safari/537.36', '2023-09-22 21:00:37', '2023-09-22 21:00:37'),
(1702, 'f956f0e7-c0bb-4b48-95e9-bfb0b2c20d08', 3, 'Mozilla/5.0 (Windows NT 10.0; Win64; x64) AppleWebKit/537.36 (KHTML, like Gecko) Chrome/114.0.0.0 YaBrowser/23.7.5.734 Yowser/2.5 Safari/537.36', '2023-09-23 00:03:43', '2023-09-23 00:03:43'),
(1703, '46173382-1d8a-4987-8f46-617b55bb7257', 3, 'Mozilla/5.0 (compatible; YandexRenderResourcesBot/1.0; +http://yandex.com/bots) AppleWebKit/537.36 (KHTML, like Gecko) Chrome/108.0.0.0', '2023-09-24 02:06:21', '2023-09-24 02:06:21'),
(1704, '1aa96335-10c1-48e7-a113-c730ebf446c7', 3, 'Mozilla/5.0 (compatible; YandexRenderResourcesBot/1.0; +http://yandex.com/bots) AppleWebKit/537.36 (KHTML, like Gecko) Chrome/108.0.0.0', '2023-09-25 05:22:04', '2023-09-25 05:22:04'),
(1705, '2f98476a-cb88-4c42-bcf6-d6952bbab76a', 3, 'Mozilla/5.0 (compatible; YandexRenderResourcesBot/1.0; +http://yandex.com/bots) AppleWebKit/537.36 (KHTML, like Gecko) Chrome/108.0.0.0', '2023-09-25 08:50:54', '2023-09-25 08:50:54'),
(1706, '6b2ab0e8-864f-4a7d-9ce5-a4cea211175e', 3, 'Mozilla/5.0 (compatible; YandexRenderResourcesBot/1.0; +http://yandex.com/bots) AppleWebKit/537.36 (KHTML, like Gecko) Chrome/108.0.0.0', '2023-09-26 02:24:54', '2023-09-26 02:24:54'),
(1707, '2a76f4ba-2121-4b39-b887-a7d26d411334', 3, 'Mozilla/5.0 (compatible; YandexRenderResourcesBot/1.0; +http://yandex.com/bots) AppleWebKit/537.36 (KHTML, like Gecko) Chrome/108.0.0.0', '2023-09-26 02:58:37', '2023-09-26 02:58:37'),
(1708, 'a19a4438-434b-4278-9dcc-c122f48c97e1', 3, 'Mozilla/5.0 (compatible; YandexRenderResourcesBot/1.0; +http://yandex.com/bots) AppleWebKit/537.36 (KHTML, like Gecko) Chrome/108.0.0.0', '2023-09-26 03:12:10', '2023-09-26 03:12:10'),
(1709, 'fa36ef8a-4ead-4435-af6e-52ba2fe0ae2e', 3, 'Mozilla/5.0 (compatible; YandexRenderResourcesBot/1.0; +http://yandex.com/bots) AppleWebKit/537.36 (KHTML, like Gecko) Chrome/108.0.0.0', '2023-09-26 17:54:18', '2023-09-26 17:54:18'),
(1710, 'c25c38a3-0ecb-476a-b9b3-dc8d00c06c2f', 3, 'Mozilla/5.0 (compatible; YandexRenderResourcesBot/1.0; +http://yandex.com/bots) AppleWebKit/537.36 (KHTML, like Gecko) Chrome/108.0.0.0', '2023-09-27 01:18:45', '2023-09-27 01:18:45'),
(1711, '58b58a15-5f72-4c3b-8394-305c60c63840', 3, 'Mozilla/5.0 (compatible; YandexRenderResourcesBot/1.0; +http://yandex.com/bots) AppleWebKit/537.36 (KHTML, like Gecko) Chrome/108.0.0.0', '2023-09-27 01:54:41', '2023-09-27 01:54:41'),
(1712, '8d7ec577-a9e4-4a90-afbf-855aac3318c6', 3, 'Mozilla/5.0 (compatible; YandexRenderResourcesBot/1.0; +http://yandex.com/bots) AppleWebKit/537.36 (KHTML, like Gecko) Chrome/108.0.0.0', '2023-09-28 02:23:30', '2023-09-28 02:23:30'),
(1713, 'a2154572-a2af-49a6-9c7a-75ad584ccdc7', 3, 'Mozilla/5.0 (compatible; YandexRenderResourcesBot/1.0; +http://yandex.com/bots) AppleWebKit/537.36 (KHTML, like Gecko) Chrome/108.0.0.0', '2023-09-28 02:41:36', '2023-09-28 02:41:36'),
(1714, '16ad44a5-25c5-4bc9-adb7-fa9763996074', 3, 'Mozilla/5.0 (compatible; YandexRenderResourcesBot/1.0; +http://yandex.com/bots) AppleWebKit/537.36 (KHTML, like Gecko) Chrome/108.0.0.0', '2023-09-29 16:39:34', '2023-09-29 16:39:34'),
(1715, '2fa2a971-adfd-42c6-9004-56e03b5fe8b3', 3, 'Mozilla/5.0 (compatible; YandexRenderResourcesBot/1.0; +http://yandex.com/bots) AppleWebKit/537.36 (KHTML, like Gecko) Chrome/108.0.0.0', '2023-09-29 17:29:44', '2023-09-29 17:29:44'),
(1716, '69a77a6b-1317-41fd-a262-c71ba6e46a6c', 3, 'Mozilla/5.0 (Macintosh; Intel Mac OS X 11_0_0) AppleWebKit/537.36 (KHTML, like Gecko) Chrome/87.0.4280.88 Safari/537.36', '2023-09-30 02:27:37', '2023-09-30 02:27:37'),
(1717, 'b0a7bbaa-07b4-4377-89dd-0d447b75cb51', 3, 'Mozilla/5.0 (Macintosh; Intel Mac OS X 11_0_0) AppleWebKit/537.36 (KHTML, like Gecko) Chrome/87.0.4280.88 Safari/537.36', '2023-09-30 02:40:37', '2023-09-30 02:40:37'),
(1718, '2b40b61e-5e35-478c-9a38-b3877c2dd185', 3, 'Mozilla/5.0 (Macintosh; Intel Mac OS X 11_0_0) AppleWebKit/537.36 (KHTML, like Gecko) Chrome/87.0.4280.88 Safari/537.36', '2023-09-30 02:40:51', '2023-09-30 02:40:51'),
(1719, '9034aaa7-10ea-43d6-9e5b-9d8510a5a4ff', 3, 'Mozilla/5.0 (compatible; YandexRenderResourcesBot/1.0; +http://yandex.com/bots) AppleWebKit/537.36 (KHTML, like Gecko) Chrome/108.0.0.0', '2023-09-30 13:30:26', '2023-09-30 13:30:26'),
(1720, '47c223d7-b71b-4400-a77a-d1d275896176', 3, 'Mozilla/5.0 (compatible; YandexRenderResourcesBot/1.0; +http://yandex.com/bots) AppleWebKit/537.36 (KHTML, like Gecko) Chrome/108.0.0.0', '2023-10-02 06:24:37', '2023-10-02 06:24:37'),
(1721, '62dfc040-b6dd-417a-b4b1-826d5326bdba', 3, 'Mozilla/5.0 (Windows NT 10.0; Win64; x64) AppleWebKit/537.36 (KHTML, like Gecko) Chrome/116.0.0.0 Safari/537.36 OPR/102.0.0.0 (Edition Yx GX)', '2023-10-02 12:24:41', '2023-10-02 12:24:41'),
(1722, 'b1b96b3a-b85c-4a1e-abfa-0ad4ea060092', 3, 'Mozilla/5.0 (Windows NT 10.0; Win64; x64) AppleWebKit/537.36 (KHTML, like Gecko) Chrome/116.0.5845.2272 YaBrowser/23.9.0.2272 Yowser/2.5 Safari/537.36', '2023-10-02 12:25:42', '2023-10-02 12:25:42'),
(1723, '941f0af6-4944-4978-a100-c9a52fd522f0', 3, 'Mozilla/5.0 (compatible; YandexRenderResourcesBot/1.0; +http://yandex.com/bots) AppleWebKit/537.36 (KHTML, like Gecko) Chrome/108.0.0.0', '2023-10-02 12:56:06', '2023-10-02 12:56:06'),
(1724, '0c037dfc-dc2d-4a84-a1aa-f315fdce25ba', 3, 'Mozilla/5.0 (compatible; YandexRenderResourcesBot/1.0; +http://yandex.com/bots) AppleWebKit/537.36 (KHTML, like Gecko) Chrome/108.0.0.0', '2023-10-03 04:10:21', '2023-10-03 04:10:21'),
(1725, 'ba1b2f37-d25e-46a9-b17b-21481e5e92e7', 3, 'Mozilla/5.0 (compatible; YandexRenderResourcesBot/1.0; +http://yandex.com/bots) AppleWebKit/537.36 (KHTML, like Gecko) Chrome/108.0.0.0', '2023-10-03 19:43:30', '2023-10-03 19:43:30'),
(1726, 'f5e2f6f8-ce85-4185-88cd-a1876ffa888a', 3, 'Mozilla/5.0 (compatible; YandexRenderResourcesBot/1.0; +http://yandex.com/bots) AppleWebKit/537.36 (KHTML, like Gecko) Chrome/108.0.0.0', '2023-10-04 13:26:59', '2023-10-04 13:26:59'),
(1727, 'd161a990-15c7-4ca8-8e06-c7ca4add5d8b', 3, 'Mozilla/5.0 (compatible; YandexRenderResourcesBot/1.0; +http://yandex.com/bots) AppleWebKit/537.36 (KHTML, like Gecko) Chrome/108.0.0.0', '2023-10-04 14:13:55', '2023-10-04 14:13:55'),
(1728, 'd5d3789e-b1da-455f-869c-b84c429db84f', 3, 'Mozilla/5.0 (Macintosh; Intel Mac OS X 10_15_7) AppleWebKit/537.36 (KHTML, like Gecko) Chrome/114.0.0.0 Safari/537.36', '2023-10-05 12:17:15', '2023-10-05 12:17:15'),
(1729, 'a466e3eb-b8c2-431d-99a5-d518202201b8', 3, 'Mozilla/5.0 (compatible; YandexRenderResourcesBot/1.0; +http://yandex.com/bots) AppleWebKit/537.36 (KHTML, like Gecko) Chrome/108.0.0.0', '2023-10-05 20:28:41', '2023-10-05 20:28:41'),
(1730, 'b2919363-dbb3-41df-afc4-b6aad95f50c0', 3, 'Mozilla/5.0 (compatible; YandexRenderResourcesBot/1.0; +http://yandex.com/bots) AppleWebKit/537.36 (KHTML, like Gecko) Chrome/108.0.0.0', '2023-10-06 03:18:18', '2023-10-06 03:18:18'),
(1731, '4830926c-aaf6-41ee-890d-673df7fa6fce', 3, 'Mozilla/5.0 (Macintosh; Intel Mac OS X 11_0_0) AppleWebKit/537.36 (KHTML, like Gecko) Chrome/87.0.4280.88 Safari/537.36', '2023-10-06 09:41:29', '2023-10-06 09:41:29'),
(1732, '8212d4c6-b655-4638-afe5-706c16d8fd2d', 3, 'Mozilla/5.0 (Macintosh; Intel Mac OS X 11_0_0) AppleWebKit/537.36 (KHTML, like Gecko) Chrome/87.0.4280.88 Safari/537.36', '2023-10-06 09:48:06', '2023-10-06 09:48:06'),
(1733, '93740ac3-0371-43b6-bfdc-c958398a9e6c', 3, 'Mozilla/5.0 (Macintosh; Intel Mac OS X 11_0_0) AppleWebKit/537.36 (KHTML, like Gecko) Chrome/87.0.4280.88 Safari/537.36', '2023-10-06 10:30:38', '2023-10-06 10:30:38'),
(1734, '89b670ef-458a-4e98-aa5a-84a7e7a55799', 3, 'Mozilla/5.0 (compatible; YandexRenderResourcesBot/1.0; +http://yandex.com/bots) AppleWebKit/537.36 (KHTML, like Gecko) Chrome/108.0.0.0', '2023-10-06 15:24:55', '2023-10-06 15:24:55'),
(1735, '7206d121-9411-4af4-9970-09227844d66e', 3, 'Mozilla/5.0 (Windows NT 10.0; Win64; x64) AppleWebKit/537.36 (KHTML, like Gecko) Chrome/117.0.0.0 Safari/537.36 Edg/117.0.2045.47', '2023-10-06 19:47:42', '2023-10-06 19:47:42'),
(1736, '45a5a9bf-c6e9-4a4a-8deb-bac974e1dbd2', 3, 'Mozilla/5.0 (Macintosh; Intel Mac OS X 10_15_5) AppleWebKit/605.1.15 (KHTML, like Gecko) Version/13.1.1 Safari/605.1.15 (Applebot/0.1; +http://www.apple.com/go/applebot)', '2023-10-06 23:08:13', '2023-10-06 23:08:13'),
(1737, 'fe047262-1907-492c-b13a-d9f10072f572', 3, 'Mozilla/5.0 (compatible; YandexRenderResourcesBot/1.0; +http://yandex.com/bots) AppleWebKit/537.36 (KHTML, like Gecko) Chrome/108.0.0.0', '2023-10-07 09:29:50', '2023-10-07 09:29:50'),
(1738, '4d7122ac-a1da-49dc-a9a7-1e86415696d8', 3, 'Mozilla/5.0 (compatible; YandexRenderResourcesBot/1.0; +http://yandex.com/bots) AppleWebKit/537.36 (KHTML, like Gecko) Chrome/108.0.0.0', '2023-10-07 15:39:10', '2023-10-07 15:39:10'),
(1739, '02407246-3eb3-471f-945e-d50a799ed2d0', 3, 'Mozilla/5.0 (Macintosh; Intel Mac OS X 10_15_7) AppleWebKit/605.1.15 (KHTML, like Gecko) Version/17.0 Safari/605.1.15', '2023-10-07 20:32:56', '2023-10-07 20:32:56'),
(1740, '211642b6-461f-4843-9783-1c1b91d2dc02', 3, 'Mozilla/5.0 (compatible; YandexRenderResourcesBot/1.0; +http://yandex.com/bots) AppleWebKit/537.36 (KHTML, like Gecko) Chrome/108.0.0.0', '2023-10-07 21:52:55', '2023-10-07 21:52:55'),
(1741, '4aa9a18e-ef4d-4052-895b-2ffa2e9fc04c', 3, 'Mozilla/5.0 (compatible; YandexRenderResourcesBot/1.0; +http://yandex.com/bots) AppleWebKit/537.36 (KHTML, like Gecko) Chrome/108.0.0.0', '2023-10-07 22:07:08', '2023-10-07 22:07:08'),
(1742, 'df2d7aaf-0eb1-48ec-823b-b0b84b2ae9f9', 3, 'Mozilla/5.0 (compatible; YandexRenderResourcesBot/1.0; +http://yandex.com/bots) AppleWebKit/537.36 (KHTML, like Gecko) Chrome/108.0.0.0', '2023-10-07 22:24:15', '2023-10-07 22:24:15'),
(1743, '778a83ad-1645-4cb4-9dfd-0610c4ff9f79', 3, 'Mozilla/5.0 (X11; Linux x86_64) AppleWebKit/537.36 (KHTML, like Gecko) Chrome/117.0.0.0 Safari/537.36', '2023-10-09 15:04:22', '2023-10-09 15:04:22'),
(1744, 'd87e5eef-e24f-4f12-ad56-1e471a64ad4b', 3, 'Mozilla/5.0 (compatible; YandexRenderResourcesBot/1.0; +http://yandex.com/bots) AppleWebKit/537.36 (KHTML, like Gecko) Chrome/108.0.0.0', '2023-10-09 15:48:40', '2023-10-09 15:48:40'),
(1745, 'fb8541d8-a088-4991-98f5-e38fd3531697', 3, 'Mozilla/5.0 (Windows NT 10.0.0; Win64; x64; ) AppleWebKit/537.36 (KHTML, like Gecko) Chrome/117.0.5938.149 Chrome/117.0.5938.149 Not;A=Brand/8  Safari/537.36', '2023-10-09 21:15:48', '2023-10-09 21:15:48'),
(1746, '47186da2-6eb0-4c66-961b-edc77748ccbe', 3, 'Mozilla/5.0 (Windows NT 6.1; ) AppleWebKit/537.36 (KHTML, like Gecko) Chrome/109.0.5414.120 Chrome/109.0.5414.120 Not_A Brand/99  Safari/537.36', '2023-10-10 02:45:52', '2023-10-10 02:45:52'),
(1747, '51e3d384-eae6-458e-90fe-90e2834f81e5', 3, 'Mozilla/5.0 (compatible; YandexRenderResourcesBot/1.0; +http://yandex.com/bots) AppleWebKit/537.36 (KHTML, like Gecko) Chrome/108.0.0.0', '2023-10-10 11:14:45', '2023-10-10 11:14:45'),
(1748, '53c27329-60f4-485e-a2f0-12b754799114', 3, 'Mozilla/5.0 (compatible; YandexRenderResourcesBot/1.0; +http://yandex.com/bots) AppleWebKit/537.36 (KHTML, like Gecko) Chrome/108.0.0.0', '2023-10-11 04:44:13', '2023-10-11 04:44:13'),
(1749, '1300fa4b-2eeb-4668-9b0e-05544b3516aa', 3, 'Mozilla/5.0 (compatible; YandexRenderResourcesBot/1.0; +http://yandex.com/bots) AppleWebKit/537.36 (KHTML, like Gecko) Chrome/108.0.0.0', '2023-10-11 12:40:39', '2023-10-11 12:40:39'),
(1750, '0d6f13a8-8ca1-4b6f-9692-e930fb69950e', 3, 'Mozilla/5.0 (compatible; YandexRenderResourcesBot/1.0; +http://yandex.com/bots) AppleWebKit/537.36 (KHTML, like Gecko) Chrome/108.0.0.0', '2023-10-11 12:40:39', '2023-10-11 12:40:39'),
(1751, '753758e4-cc7d-410e-b6c0-8091970dcc2d', 3, 'Mozilla/5.0 (compatible; YandexRenderResourcesBot/1.0; +http://yandex.com/bots) AppleWebKit/537.36 (KHTML, like Gecko) Chrome/108.0.0.0', '2023-10-12 05:06:36', '2023-10-12 05:06:36'),
(1752, '2095ec49-bc5f-44ce-8530-a4be37027c1b', 3, 'Mozilla/5.0 (Windows NT 10.0; Win64; x64) AppleWebKit/537.36 (KHTML, like Gecko) Chrome/114.0.0.0 Safari/537.36', '2023-10-12 07:59:45', '2023-10-12 07:59:45'),
(1753, 'd5e5e73d-6b15-4af2-aba7-088e8a818667', 3, 'Mozilla/5.0 (X11; Linux x86_64) AppleWebKit/537.36 (KHTML, like Gecko) HeadlessChrome/99.0.4844.0 Safari/537.36', '2023-10-13 06:49:22', '2023-10-13 06:49:22'),
(1754, '34240abc-c77e-43b3-8e0a-6f770b948511', 3, 'Mozilla/5.0 (Windows NT 10.0; Win64; x64) AppleWebKit/537.36 (KHTML, like Gecko) Chrome/116.0.5845.967 YaBrowser/23.9.1.967 Yowser/2.5 Safari/537.36', '2023-10-13 09:56:46', '2023-10-13 09:56:46'),
(1755, '83a2ba48-8e0f-4818-9ab9-6152e6d1a68e', 3, 'Mozilla/5.0 (compatible; YandexRenderResourcesBot/1.0; +http://yandex.com/bots) AppleWebKit/537.36 (KHTML, like Gecko) Chrome/108.0.0.0', '2023-10-13 18:51:09', '2023-10-13 18:51:09'),
(1756, '17a81697-4ebc-4b4c-8cd9-3285cbf5d327', 3, 'Mozilla/5.0 (compatible; YandexRenderResourcesBot/1.0; +http://yandex.com/bots) AppleWebKit/537.36 (KHTML, like Gecko) Chrome/108.0.0.0', '2023-10-13 19:53:19', '2023-10-13 19:53:19'),
(1757, 'e3300ec6-cbd1-40cc-a4e8-98c3eac4fc79', 3, 'Mozilla/5.0 (compatible; YandexRenderResourcesBot/1.0; +http://yandex.com/bots) AppleWebKit/537.36 (KHTML, like Gecko) Chrome/108.0.0.0', '2023-10-13 19:56:50', '2023-10-13 19:56:50'),
(1758, '1eddab82-dc0f-4c9e-9c5c-6d8136b1dc7c', 3, 'Mozilla/5.0 (compatible; YandexRenderResourcesBot/1.0; +http://yandex.com/bots) AppleWebKit/537.36 (KHTML, like Gecko) Chrome/108.0.0.0', '2023-10-13 21:05:29', '2023-10-13 21:05:29'),
(1759, 'efefcd3c-f4cf-4136-a5f0-2adbac4b4257', 3, 'Mozilla/5.0 (compatible; YandexRenderResourcesBot/1.0; +http://yandex.com/bots) AppleWebKit/537.36 (KHTML, like Gecko) Chrome/108.0.0.0', '2023-10-14 08:09:27', '2023-10-14 08:09:27'),
(1760, '463b70dc-7499-4353-8bac-da82f34bfb73', 3, 'Mozilla/5.0 (Macintosh; Intel Mac OS X 11_0_0) AppleWebKit/537.36 (KHTML, like Gecko) Chrome/87.0.4280.88 Safari/537.36', '2023-10-15 12:19:26', '2023-10-15 12:19:26'),
(1761, '868546d8-3dfa-4310-80b0-b96d707a455c', 3, 'Mozilla/5.0 (Macintosh; Intel Mac OS X 11_0_0) AppleWebKit/537.36 (KHTML, like Gecko) Chrome/87.0.4280.88 Safari/537.36', '2023-10-15 14:22:29', '2023-10-15 14:22:29'),
(1762, '8479cb54-a6e9-4da8-9046-0d42830966d5', 3, 'Mozilla/5.0 (Macintosh; Intel Mac OS X 11_0_0) AppleWebKit/537.36 (KHTML, like Gecko) Chrome/87.0.4280.88 Safari/537.36', '2023-10-15 14:22:32', '2023-10-15 14:22:32'),
(1763, '93551b1f-83a5-4764-bcea-9854eb03e140', 3, 'Mozilla/5.0 (X11; Linux x86_64) AppleWebKit/537.36 (KHTML, like Gecko) HeadlessChrome/110.0.5481.100 Safari/537.36', '2023-10-15 16:11:41', '2023-10-15 16:11:41'),
(1764, '6a825cde-16df-4bf9-a810-009528ae6799', 3, 'Mozilla/5.0 (compatible; YandexRenderResourcesBot/1.0; +http://yandex.com/bots) AppleWebKit/537.36 (KHTML, like Gecko) Chrome/108.0.0.0', '2023-10-16 08:04:49', '2023-10-16 08:04:49'),
(1765, '82cd77d3-b022-4f83-954c-bf5073224c09', 3, 'Mozilla/5.0 (Macintosh; Intel Mac OS X 10_15_7) AppleWebKit/537.36 (KHTML, like Gecko) Chrome/104.0.5112.79 Safari/537.36', '2023-10-16 09:14:51', '2023-10-16 09:14:51'),
(1766, 'c7319d6c-aaca-4135-a3f5-f406aa747515', 3, 'Mozilla/5.0 (compatible; YandexRenderResourcesBot/1.0; +http://yandex.com/bots) AppleWebKit/537.36 (KHTML, like Gecko) Chrome/108.0.0.0', '2023-10-17 05:58:47', '2023-10-17 05:58:47'),
(1767, 'fa79f5ac-76a6-4063-903c-c1e2c8fb49c4', 3, 'Mozilla/5.0 (compatible; YandexRenderResourcesBot/1.0; +http://yandex.com/bots) AppleWebKit/537.36 (KHTML, like Gecko) Chrome/108.0.0.0', '2023-10-17 08:34:38', '2023-10-17 08:34:39'),
(1768, '981d09bc-053d-4743-9e31-b265d366ade5', 3, 'Mozilla/5.0 (Windows NT 10.0; Win64; x64) AppleWebKit/537.36 (KHTML, like Gecko) Chrome/118.0.0.0 Safari/537.36 Edg/118.0.2088.46', '2023-10-17 08:57:33', '2023-10-17 08:57:33'),
(1769, '2e220d75-3147-46ca-98d8-c43c9ad6444a', 3, 'Mozilla/5.0 (compatible; YandexRenderResourcesBot/1.0; +http://yandex.com/bots) AppleWebKit/537.36 (KHTML, like Gecko) Chrome/108.0.0.0', '2023-10-17 13:26:31', '2023-10-17 13:26:31'),
(1770, 'dc8d6ee5-1943-4dd9-89b0-60810ca8c315', 3, 'Mozilla/5.0 (compatible; YandexRenderResourcesBot/1.0; +http://yandex.com/bots) AppleWebKit/537.36 (KHTML, like Gecko) Chrome/108.0.0.0', '2023-10-18 04:16:10', '2023-10-18 04:16:10'),
(1771, 'de903256-8e83-45e7-ad66-26874a258934', 3, 'Mozilla/5.0 (compatible; YandexRenderResourcesBot/1.0; +http://yandex.com/bots) AppleWebKit/537.36 (KHTML, like Gecko) Chrome/108.0.0.0', '2023-10-18 14:05:45', '2023-10-18 14:05:45'),
(1772, '23764bf3-a014-4c66-929c-da87f32fa92f', 3, 'Mozilla/5.0 (compatible; YandexRenderResourcesBot/1.0; +http://yandex.com/bots) AppleWebKit/537.36 (KHTML, like Gecko) Chrome/108.0.0.0', '2023-10-19 05:13:58', '2023-10-19 05:13:58'),
(1773, 'a66c1022-f27a-4bda-874e-500eae566dc2', 3, 'Mozilla/5.0 (compatible; YandexRenderResourcesBot/1.0; +http://yandex.com/bots) AppleWebKit/537.36 (KHTML, like Gecko) Chrome/108.0.0.0', '2023-10-20 12:02:10', '2023-10-20 12:02:10'),
(1774, 'd90e5952-388e-42de-8fe0-f24dd996471f', 3, 'Mozilla/5.0 (compatible; YandexRenderResourcesBot/1.0; +http://yandex.com/bots) AppleWebKit/537.36 (KHTML, like Gecko) Chrome/108.0.0.0', '2023-10-20 12:19:31', '2023-10-20 12:19:31'),
(1775, 'e356a4d3-5e19-4018-ac54-67bb0784629d', 3, 'Mozilla/5.0 (Macintosh; Intel Mac OS X 10_15_7) AppleWebKit/537.36 (KHTML, like Gecko) Chrome/114.0.0.0 Safari/537.36', '2023-10-20 15:55:28', '2023-10-20 15:55:28'),
(1776, '8ee59d71-aa45-45da-95b4-f3ac7692f5ec', 3, 'Mozilla/5.0 (compatible; YandexRenderResourcesBot/1.0; +http://yandex.com/bots) AppleWebKit/537.36 (KHTML, like Gecko) Chrome/108.0.0.0', '2023-10-21 00:34:19', '2023-10-21 00:34:19'),
(1777, '51438a15-889b-45bc-96f1-d4a02f26d2b2', 3, 'Mozilla/5.0 (Macintosh; Intel Mac OS X 11_0_0) AppleWebKit/537.36 (KHTML, like Gecko) Chrome/87.0.4280.88 Safari/537.36', '2023-10-21 02:01:05', '2023-10-21 02:01:05'),
(1778, '400a9b99-ff3b-40a7-8d02-12d370841781', 3, 'Mozilla/5.0 (Macintosh; Intel Mac OS X 11_0_0) AppleWebKit/537.36 (KHTML, like Gecko) Chrome/87.0.4280.88 Safari/537.36', '2023-10-21 02:01:09', '2023-10-21 02:01:09'),
(1779, '8fcc0096-2d25-4a70-8e25-52c410133a16', 3, 'Mozilla/5.0 (Macintosh; Intel Mac OS X 11_0_0) AppleWebKit/537.36 (KHTML, like Gecko) Chrome/87.0.4280.88 Safari/537.36', '2023-10-21 02:01:24', '2023-10-21 02:01:24'),
(1780, 'f881bce3-b22d-4f8b-9eb0-954031c77a8f', 3, 'Mozilla/5.0 (Macintosh; Intel Mac OS X 11_0_0) AppleWebKit/537.36 (KHTML, like Gecko) Chrome/87.0.4280.88 Safari/537.36', '2023-10-21 02:01:31', '2023-10-21 02:01:31'),
(1781, '769c392d-5195-4b6a-89b5-6d3719798907', 3, 'Mozilla/5.0 (compatible; YandexRenderResourcesBot/1.0; +http://yandex.com/bots) AppleWebKit/537.36 (KHTML, like Gecko) Chrome/108.0.0.0', '2023-10-22 05:53:32', '2023-10-22 05:53:32'),
(1782, 'e0b62a01-5727-4564-ac92-c7c783cae7ce', 3, 'Mozilla/5.0 (compatible; YandexRenderResourcesBot/1.0; +http://yandex.com/bots) AppleWebKit/537.36 (KHTML, like Gecko) Chrome/108.0.0.0', '2023-10-22 05:56:49', '2023-10-22 05:56:49'),
(1783, 'f406fade-d2de-464f-baf5-8426018a4a49', 3, 'Mozilla/5.0 (compatible; YandexRenderResourcesBot/1.0; +http://yandex.com/bots) AppleWebKit/537.36 (KHTML, like Gecko) Chrome/108.0.0.0', '2023-10-23 14:55:08', '2023-10-23 14:55:08'),
(1784, '024e4b53-5a3d-43ad-bce1-5acdc6fc0d98', 3, 'Mozilla/5.0 (Linux; Android 6.0.1; Nexus 5X Build/MMB29P) AppleWebKit/537.36 (KHTML, like Gecko) Chrome/118.0.5993.70 Mobile Safari/537.36 (compatible; Googlebot/2.1; +http://www.google.com/bot.html)', '2023-10-23 16:05:08', '2023-10-23 16:05:08'),
(1785, '568f93c9-5af7-431d-8d94-d765abbbdf1d', 3, 'Mozilla/5.0 AppleWebKit/537.36 (KHTML, like Gecko; compatible; Googlebot/2.1; +http://www.google.com/bot.html) Chrome/118.0.5993.70 Safari/537.36', '2023-10-23 19:05:10', '2023-10-23 19:05:10'),
(1786, '2eec96b1-8222-44f0-a90e-1705bad1568b', 3, 'Mozilla/5.0 (compatible; YandexRenderResourcesBot/1.0; +http://yandex.com/bots) AppleWebKit/537.36 (KHTML, like Gecko) Chrome/108.0.0.0', '2023-10-23 19:52:31', '2023-10-23 19:52:31'),
(1787, 'a23a73ed-5398-4572-b806-c9dedb4359b5', 3, 'Mozilla/5.0 (Windows NT 6.1; Win64; x64) AppleWebKit/537.36 (KHTML, like Gecko) Chrome/60.0.3112.90 Safari/537.36', '2023-10-24 11:53:52', '2023-10-24 11:53:52'),
(1788, '4ae1491c-be79-49db-a750-d36923ab5197', 3, 'Mozilla/5.0 AppleWebKit/537.36 (KHTML, like Gecko; compatible; Googlebot/2.1; +http://www.google.com/bot.html) Chrome/118.0.5993.70 Safari/537.36', '2023-10-24 12:03:33', '2023-10-24 12:03:33'),
(1789, 'ea92be1f-7a92-4a46-8dec-e940465cd63e', 3, 'Mozilla/5.0 (compatible; YandexRenderResourcesBot/1.0; +http://yandex.com/bots) AppleWebKit/537.36 (KHTML, like Gecko) Chrome/108.0.0.0', '2023-10-24 19:55:08', '2023-10-24 19:55:08'),
(1790, '8730c999-ff8e-4617-806c-4a77c26aab6d', 3, 'Mozilla/5.0 (compatible; YandexRenderResourcesBot/1.0; +http://yandex.com/bots) AppleWebKit/537.36 (KHTML, like Gecko) Chrome/108.0.0.0', '2023-10-25 18:43:51', '2023-10-25 18:43:51'),
(1791, '4abadcb2-995f-4611-89d4-6d3427d5c306', 3, 'Mozilla/5.0 (Macintosh; Intel Mac OS X 11_0_0) AppleWebKit/537.36 (KHTML, like Gecko) Chrome/87.0.4280.88 Safari/537.36', '2023-10-25 22:17:17', '2023-10-25 22:17:17'),
(1792, '00530a49-a741-4877-8b94-b0269801f771', 3, 'Mozilla/5.0 (Macintosh; Intel Mac OS X 11_0_0) AppleWebKit/537.36 (KHTML, like Gecko) Chrome/87.0.4280.88 Safari/537.36', '2023-10-25 22:22:45', '2023-10-25 22:22:45'),
(1793, '4198e0ae-10bc-4033-a9d0-a2a46072cecd', 3, 'Mozilla/5.0 (Linux; Android 6.0.1; Nexus 5X Build/MMB29P) AppleWebKit/537.36 (KHTML, like Gecko) Chrome/118.0.5993.70 Mobile Safari/537.36 (compatible; Googlebot/2.1; +http://www.google.com/bot.html)', '2023-10-26 03:01:25', '2023-10-26 03:01:25'),
(1794, '8f05f8e1-53c0-4cad-a8ef-1b8ced252316', 3, 'Mozilla/5.0 (compatible; YandexRenderResourcesBot/1.0; +http://yandex.com/bots) AppleWebKit/537.36 (KHTML, like Gecko) Chrome/108.0.0.0', '2023-10-28 19:39:34', '2023-10-28 19:39:34'),
(1795, '4544bfe5-c151-4439-9f4c-83b666c1d57f', 3, 'Mozilla/5.0 (compatible; YandexRenderResourcesBot/1.0; +http://yandex.com/bots) AppleWebKit/537.36 (KHTML, like Gecko) Chrome/108.0.0.0', '2023-10-29 06:19:57', '2023-10-29 06:19:57'),
(1796, '86607dcf-1cc8-4cd2-ae03-f1bad6b42579', 3, 'Mozilla/5.0 (Windows NT 10.0; Win64; x64) AppleWebKit/537.36 (KHTML, like Gecko) Chrome/118.0.0.0 Safari/537.36', '2023-10-29 18:28:41', '2023-10-29 18:28:41'),
(1797, '92cd51d4-d1f3-408b-ac3f-3b8aae5d37e3', 3, 'Mozilla/5.0 (Windows NT 10.0; Win64; x64) AppleWebKit/537.36 (KHTML, like Gecko) Chrome/118.0.0.0 Safari/537.36', '2023-10-29 18:28:51', '2023-10-29 18:28:51'),
(1798, 'cf118e3f-3381-47d7-8f39-e9930b661c68', 3, 'Mozilla/5.0 (Macintosh; Intel Mac OS X 10_15_7) AppleWebKit/537.36 (KHTML, like Gecko) Chrome/118.0.0.0 Safari/537.36', '2023-10-30 09:33:05', '2023-10-30 09:33:05'),
(1799, '011f4eef-244f-4d29-a279-c7efad1046c9', 3, 'Mozilla/5.0 (Windows NT 10.0; Win64; x64; rv:109.0) Gecko/20100101 Firefox/119.0', '2023-10-30 11:53:02', '2023-10-30 11:53:02'),
(1800, 'e74498c0-9bb2-4621-ac6b-23584a3e6525', 3, 'Mozilla/5.0 (iPhone; CPU iPhone OS 15_7_9 like Mac OS X) AppleWebKit/605.1.15 (KHTML, like Gecko) Version/15.6.6 Mobile/15E148 Safari/604.1', '2023-10-30 20:00:48', '2023-10-30 20:00:48'),
(1801, '1fda70ba-3459-4a41-bce2-f6f109ab3e54', 3, 'Mozilla/5.0 (compatible; YandexRenderResourcesBot/1.0; +http://yandex.com/bots) AppleWebKit/537.36 (KHTML, like Gecko) Chrome/108.0.0.0', '2023-10-30 20:57:00', '2023-10-30 20:57:00'),
(1802, '32b3c515-c17c-447c-80c6-224976ea85e4', 3, 'Mozilla/5.0 (Macintosh; Intel Mac OS X 11_0_0) AppleWebKit/537.36 (KHTML, like Gecko) Chrome/87.0.4280.88 Safari/537.36', '2023-10-31 03:40:58', '2023-10-31 03:40:58'),
(1803, '06fc7620-d69e-4db5-96d9-57c3299db609', 3, 'Mozilla/5.0 (Macintosh; Intel Mac OS X 11_0_0) AppleWebKit/537.36 (KHTML, like Gecko) Chrome/87.0.4280.88 Safari/537.36', '2023-10-31 11:08:58', '2023-10-31 11:08:58'),
(1804, 'd4687ca2-8619-40ef-b7b0-0e8866d5c52f', 3, 'Mozilla/5.0 (Macintosh; Intel Mac OS X 11_0_0) AppleWebKit/537.36 (KHTML, like Gecko) Chrome/87.0.4280.88 Safari/537.36', '2023-10-31 11:09:17', '2023-10-31 11:09:17'),
(1805, 'acb2dd4d-7f9e-466f-b05a-e5d8ac5d3835', 3, 'Mozilla/5.0 (compatible; YandexRenderResourcesBot/1.0; +http://yandex.com/bots) AppleWebKit/537.36 (KHTML, like Gecko) Chrome/108.0.0.0', '2023-10-31 14:38:51', '2023-10-31 14:38:51'),
(1806, '05edafb2-f29f-4d0d-8292-c389f826806e', 3, 'Mozilla/5.0 (compatible; YandexRenderResourcesBot/1.0; +http://yandex.com/bots) AppleWebKit/537.36 (KHTML, like Gecko) Chrome/108.0.0.0', '2023-10-31 18:24:27', '2023-10-31 18:24:27'),
(1807, '803f5745-f0ba-457b-a78b-68173f559277', 3, 'Mozilla/5.0 (Windows NT 10.0; Win64; x64) AppleWebKit/537.36 (KHTML, like Gecko) Chrome/118.0.0.0 Safari/537.36', '2023-11-01 11:14:47', '2023-11-01 11:14:47'),
(1808, '4c0a7bd5-ee69-4c78-a8cc-837d85c2bfe7', 3, 'Mozilla/5.0 (compatible; YandexRenderResourcesBot/1.0; +http://yandex.com/bots) AppleWebKit/537.36 (KHTML, like Gecko) Chrome/108.0.0.0', '2023-11-01 13:41:53', '2023-11-01 13:41:53'),
(1809, '62b1d288-fb1f-4a06-a179-5130ac4b63bc', 3, 'Mozilla/5.0 (compatible; YandexRenderResourcesBot/1.0; +http://yandex.com/bots) AppleWebKit/537.36 (KHTML, like Gecko) Chrome/108.0.0.0', '2023-11-01 13:44:24', '2023-11-01 13:44:24'),
(1810, '6b258610-a581-466f-a5e3-9150754493b3', 3, 'Mozilla/5.0 (Windows NT 6.1; Win64; x64) AppleWebKit/537.36 (KHTML, like Gecko) Chrome/60.0.3112.90 Safari/537.36', '2023-11-02 04:11:12', '2023-11-02 04:11:12'),
(1811, 'c22f51e9-1379-4b8f-98f2-42ed6ecc9874', 3, 'Mozilla/5.0 (Macintosh; Intel Mac OS X 11_0_0) AppleWebKit/537.36 (KHTML, like Gecko) Chrome/87.0.4280.88 Safari/537.36', '2023-11-02 07:06:48', '2023-11-02 07:06:48'),
(1812, '76c50432-b7c6-49a4-b7c1-be93008aba52', 3, 'Mozilla/5.0 (Macintosh; Intel Mac OS X 11_0_0) AppleWebKit/537.36 (KHTML, like Gecko) Chrome/87.0.4280.88 Safari/537.36', '2023-11-02 07:06:52', '2023-11-02 07:06:52'),
(1813, 'e5109a76-9040-42f1-853f-edb778607546', 3, 'Mozilla/5.0 (Macintosh; Intel Mac OS X 10_15_7) AppleWebKit/537.36 (KHTML, like Gecko) Chrome/108.0.0.0 YaBrowser/23.1.2.980 Yowser/2.5 Safari/537.36', '2023-11-02 12:35:38', '2023-12-12 18:26:40'),
(1814, '3ae58dbb-1f08-435e-ae1a-a708697543d0', 3, 'Mozilla/5.0 (compatible; YandexRenderResourcesBot/1.0; +http://yandex.com/bots) AppleWebKit/537.36 (KHTML, like Gecko) Chrome/108.0.0.0', '2023-11-02 12:57:14', '2023-11-02 12:57:14'),
(1815, 'f08254bf-dc1a-43aa-8c17-4bcf6aabe8af', 3, 'Mozilla/5.0 (compatible; YandexRenderResourcesBot/1.0; +http://yandex.com/bots) AppleWebKit/537.36 (KHTML, like Gecko) Chrome/108.0.0.0', '2023-11-02 14:13:50', '2023-11-02 14:13:50'),
(1816, '2b116eef-5e0e-4c12-9bb4-58de11d8e369', 3, 'Mozilla/5.0 (Windows NT 10.0; Win64; x64) AppleWebKit/537.36 (KHTML, like Gecko) Chrome/116.0.5845.931 YaBrowser/23.9.3.931 Yowser/2.5 Safari/537.36', '2023-11-02 20:49:44', '2023-11-02 20:49:44'),
(1817, 'c941c2ee-af1d-4d00-a115-2cf00de2fe20', 3, 'Mozilla/5.0 (compatible; YandexRenderResourcesBot/1.0; +http://yandex.com/bots) AppleWebKit/537.36 (KHTML, like Gecko) Chrome/108.0.0.0', '2023-11-03 14:30:44', '2023-11-03 14:30:44'),
(1818, '16833f0f-556b-428c-ad27-a04f7aeeb2ef', 3, 'Mozilla/5.0 (compatible; YandexRenderResourcesBot/1.0; +http://yandex.com/bots) AppleWebKit/537.36 (KHTML, like Gecko) Chrome/108.0.0.0', '2023-11-03 20:22:21', '2023-11-03 20:22:21'),
(1819, 'e83db081-5d47-4d5a-8b39-3f3a45361f52', 3, 'Mozilla/5.0 (Macintosh; Intel Mac OS X 11_0_0) AppleWebKit/537.36 (KHTML, like Gecko) Chrome/87.0.4280.88 Safari/537.36', '2023-11-04 06:18:30', '2023-11-04 06:18:30'),
(1820, 'dcf1166a-9af5-46d2-93d7-cd5511288fa9', 3, 'Mozilla/5.0 (Macintosh; Intel Mac OS X 11_0_0) AppleWebKit/537.36 (KHTML, like Gecko) Chrome/87.0.4280.88 Safari/537.36', '2023-11-04 06:18:48', '2023-11-04 06:18:48'),
(1821, '7cd557e4-f2d9-49ad-8054-80f498f89217', 3, 'Mozilla/5.0 (Windows NT 10.0; Win64; x64) AppleWebKit/537.36 (KHTML, like Gecko) Chrome/116.0.5845.931 YaBrowser/23.9.3.931 Yowser/2.5 Safari/537.36', '2023-11-05 18:43:28', '2023-11-05 18:43:28'),
(1822, 'b78024d9-ab68-4c6a-aaeb-3dec5574320d', 3, 'Mozilla/5.0 (compatible; YandexRenderResourcesBot/1.0; +http://yandex.com/bots) AppleWebKit/537.36 (KHTML, like Gecko) Chrome/108.0.0.0', '2023-11-06 06:59:20', '2023-11-06 06:59:20'),
(1823, '36baa47b-b35f-4e5b-9fa2-81c62b57015e', 3, 'Mozilla/5.0 (compatible; YandexRenderResourcesBot/1.0; +http://yandex.com/bots) AppleWebKit/537.36 (KHTML, like Gecko) Chrome/108.0.0.0', '2023-11-06 16:49:50', '2023-11-06 16:49:50'),
(1824, '5ebcb5e5-1a46-4e91-896c-5914bc02b430', 3, 'Mozilla/5.0 (Linux; Android 6.0.1; Nexus 5X Build/MMB29P) AppleWebKit/537.36 (KHTML, like Gecko) Chrome/118.0.5993.117 Mobile Safari/537.36 (compatible; Googlebot/2.1; +http://www.google.com/bot.html)', '2023-11-06 20:15:26', '2023-11-06 20:15:26'),
(1825, '6a138fe6-c885-4ece-80fa-77a119f7322a', 3, 'Mozilla/5.0 AppleWebKit/537.36 (KHTML, like Gecko; compatible; Googlebot/2.1; +http://www.google.com/bot.html) Chrome/118.0.5993.117 Safari/537.36', '2023-11-06 20:15:37', '2023-11-06 20:15:37'),
(1826, 'b9ee116c-841a-4816-8272-de5d9cd9b304', 3, 'Mozilla/5.0 (compatible; YandexRenderResourcesBot/1.0; +http://yandex.com/bots) AppleWebKit/537.36 (KHTML, like Gecko) Chrome/108.0.0.0', '2023-11-07 04:51:39', '2023-11-07 04:51:39'),
(1827, '7912d404-44c3-476d-967c-ab7734e25c23', 3, 'Mozilla/5.0 (compatible; YandexRenderResourcesBot/1.0; +http://yandex.com/bots) AppleWebKit/537.36 (KHTML, like Gecko) Chrome/108.0.0.0', '2023-11-07 18:29:19', '2023-11-07 18:29:19'),
(1828, '7e9ae271-b042-4269-9075-64c80df97c32', 3, 'Mozilla/5.0 (compatible; YandexRenderResourcesBot/1.0; +http://yandex.com/bots) AppleWebKit/537.36 (KHTML, like Gecko) Chrome/108.0.0.0', '2023-11-07 19:11:20', '2023-11-07 19:11:20'),
(1829, '1d71cf9d-cd7d-404b-a150-41b7460a10e0', 3, 'Mozilla/5.0 (Macintosh; Intel Mac OS X 10_15_5) AppleWebKit/605.1.15 (KHTML, like Gecko) Version/13.1.1 Safari/605.1.15 (Applebot/0.1; +http://www.apple.com/go/applebot)', '2023-11-07 22:42:48', '2023-11-07 22:42:48'),
(1830, '9d95d65b-2986-4065-afaa-fd438b817f74', 3, 'Mozilla/5.0 (compatible; YandexRenderResourcesBot/1.0; +http://yandex.com/bots) AppleWebKit/537.36 (KHTML, like Gecko) Chrome/108.0.0.0', '2023-11-08 18:23:54', '2023-11-08 18:23:54'),
(1831, 'c177150c-7cb8-4f96-a792-5f7d7c877734', 3, 'Mozilla/5.0 (compatible; YandexRenderResourcesBot/1.0; +http://yandex.com/bots) AppleWebKit/537.36 (KHTML, like Gecko) Chrome/108.0.0.0', '2023-11-08 19:17:48', '2023-11-08 19:17:48'),
(1832, '4537f403-1e0b-47ca-a1da-3014f035987a', 3, 'Mozilla/5.0 (compatible; YandexRenderResourcesBot/1.0; +http://yandex.com/bots) AppleWebKit/537.36 (KHTML, like Gecko) Chrome/108.0.0.0', '2023-11-09 12:19:26', '2023-11-09 12:19:26'),
(1833, '6c2cfe65-42af-4000-9d2f-57fe9a61c2b2', 3, 'Mozilla/5.0 (compatible; YandexRenderResourcesBot/1.0; +http://yandex.com/bots) AppleWebKit/537.36 (KHTML, like Gecko) Chrome/108.0.0.0', '2023-11-10 03:48:30', '2023-11-10 03:48:30'),
(1834, '22b63c10-8d17-4a40-ac2b-4daeb3187515', 3, 'Mozilla/5.0 (Windows NT 10.0; Win64; x64) AppleWebKit/537.36 (KHTML, like Gecko) Chrome/118.0.0.0 Safari/537.36 OPR/104.0.0.0', '2023-11-10 16:00:54', '2023-11-10 16:00:54'),
(1835, '1fbecf67-3758-4abf-906a-159a30f307bb', 3, 'Mozilla/5.0 (X11; Linux x86_64) AppleWebKit/537.36 (KHTML, like Gecko) Chrome/108.0.0.0 YaBrowser/23.1.5.751 Yowser/2.5 Safari/537.36', '2023-11-10 16:00:56', '2023-11-10 16:00:56'),
(1836, 'c0d55fb3-b86e-4050-81b5-e132449a05a5', 3, 'Mozilla/5.0 (compatible; YandexRenderResourcesBot/1.0; +http://yandex.com/bots) AppleWebKit/537.36 (KHTML, like Gecko) Chrome/108.0.0.0', '2023-11-10 20:20:57', '2023-11-10 20:20:57'),
(1837, '89e92314-d08c-4413-9add-35e23b23524e', 3, 'Mozilla/5.0 (Windows NT 10.0; Win64; x64; ) AppleWebKit/537.36 (KHTML, like Gecko) Chrome/119.0.6045.123 Chrome/119.0.6045.123 Not?A_Brand/24  Safari/537.36', '2023-11-11 04:52:36', '2023-11-11 04:52:36'),
(1838, 'd72df298-0875-4005-992c-81a57cff981c', 3, 'Mozilla/5.0 (Macintosh; Intel Mac OS X 10_15_7) AppleWebKit/537.36 (KHTML, like Gecko) Chrome/104.0.5112.79 Safari/537.36', '2023-11-11 15:52:46', '2023-11-11 15:52:46'),
(1839, '0f423e76-279b-4bc5-b6c4-5502f3cd767f', 3, 'Mozilla/5.0 (Linux; Android 6.0.1; Nexus 5X Build/MMB29P) AppleWebKit/537.36 (KHTML, like Gecko) Chrome/119.0.6045.105 Mobile Safari/537.36 (compatible; Googlebot/2.1; +http://www.google.com/bot.html)', '2023-11-12 03:06:53', '2023-11-12 03:06:53'),
(1840, '905cbbb6-0d76-4004-bfba-1bd519b3c47f', 3, 'Mozilla/5.0 AppleWebKit/537.36 (KHTML, like Gecko; compatible; Googlebot/2.1; +http://www.google.com/bot.html) Chrome/119.0.6045.105 Safari/537.36', '2023-11-12 05:03:18', '2023-11-12 05:03:18'),
(1841, 'a403681b-b913-47be-96da-fa53b7a0cb2a', 3, 'Mozilla/5.0 (X11; Linux x86_64) AppleWebKit/537.36 (KHTML, like Gecko) HeadlessChrome/99.0.4844.0 Safari/537.36', '2023-11-12 12:00:11', '2023-11-12 12:00:11'),
(1842, '6e6d3577-fb6a-4e2f-bdac-731fd0b73b24', 3, 'Mozilla/5.0 (compatible; YandexRenderResourcesBot/1.0; +http://yandex.com/bots) AppleWebKit/537.36 (KHTML, like Gecko) Chrome/108.0.0.0', '2023-11-13 08:59:33', '2023-11-13 08:59:33'),
(1843, '586b6901-5723-48c0-8660-819233e7e2d4', 3, 'Mozilla/5.0 (Windows NT 6.1; Win64; x64; ) AppleWebKit/537.36 (KHTML, like Gecko) Chrome/109.0.5414.120 Chrome/109.0.5414.120 Not_A Brand/99  Safari/537.36', '2023-11-14 01:25:46', '2023-11-14 01:25:46'),
(1844, '81fb47f1-d920-47eb-b753-69878a56fa59', 3, 'Mozilla/5.0 (compatible; YandexRenderResourcesBot/1.0; +http://yandex.com/bots) AppleWebKit/537.36 (KHTML, like Gecko) Chrome/108.0.0.0', '2023-11-15 13:33:52', '2023-11-15 13:33:52'),
(1845, '6ec23d1b-a705-4344-a787-42ab7f05f602', 3, 'Mozilla/5.0 (compatible; YandexRenderResourcesBot/1.0; +http://yandex.com/bots) AppleWebKit/537.36 (KHTML, like Gecko) Chrome/108.0.0.0', '2023-11-15 13:42:01', '2023-11-15 13:42:01'),
(1846, 'ebef7250-6a1e-456c-aacf-c7e360919cbf', 3, 'Mozilla/5.0 (Linux; Android 6.0.1; Nexus 5X Build/MMB29P) AppleWebKit/537.36 (KHTML, like Gecko) Chrome/119.0.6045.105 Mobile Safari/537.36 (compatible; Googlebot/2.1; +http://www.google.com/bot.html)', '2023-11-16 08:57:35', '2023-11-16 08:57:35'),
(1847, '7f5e889a-db8f-4258-875a-8c3fa65bc058', 3, 'Mozilla/5.0 AppleWebKit/537.36 (KHTML, like Gecko; compatible; Googlebot/2.1; +http://www.google.com/bot.html) Chrome/119.0.6045.105 Safari/537.36', '2023-11-16 08:57:52', '2023-11-16 08:57:52'),
(1848, 'b08a8c10-2f27-4b18-8229-6244d93a4270', 3, 'Mozilla/5.0 AppleWebKit/537.36 (KHTML, like Gecko; compatible; Googlebot/2.1; +http://www.google.com/bot.html) Chrome/119.0.6045.105 Safari/537.36', '2023-11-16 10:39:09', '2023-11-16 10:39:09'),
(1849, 'd6ef4d9a-c62b-46b6-b262-1cc645738542', 3, 'Mozilla/5.0 (Linux; Android 6.0.1; Nexus 5X Build/MMB29P) AppleWebKit/537.36 (KHTML, like Gecko) Chrome/119.0.6045.105 Mobile Safari/537.36 (compatible; Googlebot/2.1; +http://www.google.com/bot.html)', '2023-11-16 11:27:15', '2023-11-16 11:27:15'),
(1850, '5ea41f8a-85d5-4fed-a2eb-7175b9efe969', 3, 'Mozilla/5.0 (compatible; YandexRenderResourcesBot/1.0; +http://yandex.com/bots) AppleWebKit/537.36 (KHTML, like Gecko) Chrome/108.0.0.0', '2023-11-17 19:32:50', '2023-11-17 19:32:50'),
(1851, 'bf64ad31-08bd-4ee5-a1da-6a47bb88560c', 3, 'Mozilla/5.0 (Macintosh; Intel Mac OS X 10_15_5) AppleWebKit/605.1.15 (KHTML, like Gecko) Version/13.1.1 Safari/605.1.15 (Applebot/0.1; +http://www.apple.com/go/applebot)', '2023-11-17 23:30:29', '2023-11-17 23:30:29'),
(1852, '276c1754-024a-474f-99d4-c52c0f64955c', 3, 'Mozilla/5.0 (Macintosh; Intel Mac OS X 11_0_0) AppleWebKit/537.36 (KHTML, like Gecko) Chrome/87.0.4280.88 Safari/537.36', '2023-11-18 17:31:04', '2023-11-18 17:31:04'),
(1853, '543e2f09-862e-4840-9039-c6684dc765fa', 3, 'Mozilla/5.0 (Macintosh; Intel Mac OS X 10_15_5) AppleWebKit/605.1.15 (KHTML, like Gecko) Version/13.1.1 Safari/605.1.15 (Applebot/0.1; +http://www.apple.com/go/applebot)', '2023-11-19 06:14:17', '2023-11-19 06:14:17'),
(1854, '0986dd8f-d452-4f65-8e52-0564fc2bd7b8', 3, 'Mozilla/5.0 (compatible; YandexRenderResourcesBot/1.0; +http://yandex.com/bots) AppleWebKit/537.36 (KHTML, like Gecko) Chrome/108.0.0.0', '2023-11-20 02:27:38', '2023-11-20 02:27:38'),
(1855, '65707079-276a-4973-93d2-fdeeb37bdddd', 3, 'Mozilla/5.0 (compatible; YandexRenderResourcesBot/1.0; +http://yandex.com/bots) AppleWebKit/537.36 (KHTML, like Gecko) Chrome/108.0.0.0', '2023-11-20 16:05:43', '2023-11-20 16:05:43'),
(1856, '03959d6f-8e62-4f5c-875f-3c82e8582b69', 3, 'Mozilla/5.0 (compatible; YandexRenderResourcesBot/1.0; +http://yandex.com/bots) AppleWebKit/537.36 (KHTML, like Gecko) Chrome/108.0.0.0', '2023-11-20 17:37:05', '2023-11-20 17:37:05'),
(1857, 'd85299d5-c2ed-4aaf-ac8a-5e149623cacf', 3, 'Mozilla/5.0 (Macintosh; Intel Mac OS X 11_0_0) AppleWebKit/537.36 (KHTML, like Gecko) Chrome/87.0.4280.88 Safari/537.36', '2023-11-20 18:00:49', '2023-11-20 18:00:49'),
(1858, '59996400-8d17-49f3-b432-ccc69105adde', 3, 'Mozilla/5.0 (Macintosh; Intel Mac OS X 11_0_0) AppleWebKit/537.36 (KHTML, like Gecko) Chrome/87.0.4280.88 Safari/537.36', '2023-11-20 18:03:16', '2023-11-20 18:03:16'),
(1859, '73dad1bb-5b47-44f4-9e86-b8fd1f8f74ff', 3, 'Mozilla/5.0 (Macintosh; Intel Mac OS X 11_0_0) AppleWebKit/537.36 (KHTML, like Gecko) Chrome/87.0.4280.88 Safari/537.36', '2023-11-20 18:15:58', '2023-11-20 18:15:58'),
(1860, '99d49787-3c8d-4d8e-8e2a-775879e9dd42', 3, 'Mozilla/5.0 (Linux; Android 6.0.1; Nexus 5X Build/MMB29P) AppleWebKit/537.36 (KHTML, like Gecko) Chrome/119.0.6045.123 Mobile Safari/537.36 (compatible; Googlebot/2.1; +http://www.google.com/bot.html)', '2023-11-20 18:22:16', '2023-11-20 18:22:16'),
(1861, '4c610c2e-5167-48a4-b18a-ee5fc653e703', 3, 'Mozilla/5.0 AppleWebKit/537.36 (KHTML, like Gecko; compatible; Googlebot/2.1; +http://www.google.com/bot.html) Chrome/119.0.6045.123 Safari/537.36', '2023-11-20 19:07:13', '2023-11-20 19:07:13'),
(1862, '362eb3c0-7f01-42d1-9f15-49e5bf4a743b', 3, 'Mozilla/5.0 (compatible; YandexRenderResourcesBot/1.0; +http://yandex.com/bots) AppleWebKit/537.36 (KHTML, like Gecko) Chrome/108.0.0.0', '2023-11-20 21:35:53', '2023-11-20 21:35:53'),
(1863, '2f991f58-04c2-40cf-9ad1-1ccbf2fa6704', 3, 'Mozilla/5.0 (compatible; YandexRenderResourcesBot/1.0; +http://yandex.com/bots) AppleWebKit/537.36 (KHTML, like Gecko) Chrome/108.0.0.0', '2023-11-22 15:53:08', '2023-11-22 15:53:08'),
(1864, 'a30b58cc-3e17-4155-add3-0a6fcc4761cf', 3, 'Mozilla/5.0 (compatible; YandexRenderResourcesBot/1.0; +http://yandex.com/bots) AppleWebKit/537.36 (KHTML, like Gecko) Chrome/108.0.0.0', '2023-11-24 06:12:19', '2023-11-24 06:12:19'),
(1865, '1bbfb72a-6c15-43ad-a8bf-f9385822887e', 3, 'Mozilla/5.0 (Macintosh; Intel Mac OS X 11_0_0) AppleWebKit/537.36 (KHTML, like Gecko) Chrome/87.0.4280.88 Safari/537.36', '2023-11-24 14:24:49', '2023-11-24 14:24:49'),
(1866, '4758e45b-d999-4b6f-96e7-78a531c6e2a5', 3, 'Mozilla/5.0 (Macintosh; Intel Mac OS X 11_0_0) AppleWebKit/537.36 (KHTML, like Gecko) Chrome/87.0.4280.88 Safari/537.36', '2023-11-24 14:24:50', '2023-11-24 14:24:50'),
(1867, 'a71a8066-66a2-43c8-8515-d31bddb9ef70', 3, 'Mozilla/5.0 (compatible; YandexRenderResourcesBot/1.0; +http://yandex.com/bots) AppleWebKit/537.36 (KHTML, like Gecko) Chrome/108.0.0.0', '2023-11-25 01:13:16', '2023-11-25 01:13:16'),
(1868, 'e19de7f1-2840-49fe-bcad-468e0c294754', 3, 'Mozilla/5.0 (compatible; YandexRenderResourcesBot/1.0; +http://yandex.com/bots) AppleWebKit/537.36 (KHTML, like Gecko) Chrome/108.0.0.0', '2023-11-25 01:14:18', '2023-11-25 01:14:18'),
(1869, 'ef6bfd58-a733-4db5-a6cc-88ee222f03c7', 3, 'Mozilla/5.0 (compatible; YandexRenderResourcesBot/1.0; +http://yandex.com/bots) AppleWebKit/537.36 (KHTML, like Gecko) Chrome/108.0.0.0', '2023-11-25 01:45:33', '2023-11-25 01:45:33'),
(1870, '4a6ed91d-2ddc-4fb8-9b07-ed54a2a4d5ec', 3, 'Mozilla/5.0 (compatible; YandexRenderResourcesBot/1.0; +http://yandex.com/bots) AppleWebKit/537.36 (KHTML, like Gecko) Chrome/108.0.0.0', '2023-11-25 20:36:38', '2023-11-25 20:36:38'),
(1871, '929973ad-db05-4837-ac76-4d4859104451', 3, 'Mozilla/5.0 (Windows NT 10.0; Win64; x64; rv:120.0) Gecko/20100101 Firefox/120.0', '2023-11-25 21:38:32', '2023-11-25 21:38:33'),
(1872, 'ce66f608-60de-4788-84fc-37129aaafa42', 3, 'Mozilla/5.0 (compatible; YandexRenderResourcesBot/1.0; +http://yandex.com/bots) AppleWebKit/537.36 (KHTML, like Gecko) Chrome/108.0.0.0', '2023-11-26 11:19:09', '2023-11-26 11:19:09'),
(1873, '633b9ca9-c7d6-4c21-ac17-01f0ec2a4144', 3, 'Mozilla/5.0 (Windows NT 6.1; Win64; x64) AppleWebKit/537.36 (KHTML, like Gecko) Chrome/60.0.3112.90 Safari/537.36', '2023-11-26 14:40:53', '2023-11-26 14:40:53'),
(1874, '4f33537e-2e6d-491f-b87e-59bc7366567f', 3, 'Mozilla/5.0 (compatible; YandexRenderResourcesBot/1.0; +http://yandex.com/bots) AppleWebKit/537.36 (KHTML, like Gecko) Chrome/108.0.0.0', '2023-11-27 09:04:32', '2023-11-27 09:04:32'),
(1875, '2c7f0123-1935-440b-9219-541c19f23e6f', 3, 'Mozilla/5.0 (compatible; YandexRenderResourcesBot/1.0; +http://yandex.com/bots) AppleWebKit/537.36 (KHTML, like Gecko) Chrome/108.0.0.0', '2023-11-27 23:16:19', '2023-11-27 23:16:19'),
(1876, '82a7c461-c021-4c99-8548-c6f509593cdb', 3, 'Mozilla/5.0 (Macintosh; Intel Mac OS X 11_0_0) AppleWebKit/537.36 (KHTML, like Gecko) Chrome/87.0.4280.88 Safari/537.36', '2023-11-28 06:33:15', '2023-11-28 06:33:15'),
(1877, 'e8f66ec5-8499-45cc-b483-290ab2000743', 3, 'Mozilla/5.0 (Macintosh; Intel Mac OS X 11_0_0) AppleWebKit/537.36 (KHTML, like Gecko) Chrome/87.0.4280.88 Safari/537.36', '2023-11-28 06:33:37', '2023-11-28 06:33:37'),
(1878, '85ba5a56-e225-4d66-9a79-279a3abb6315', 3, 'Mozilla/5.0 (X11; Linux aarch64) AppleWebKit/537.36 (KHTML, like Gecko) HeadlessChrome/120.0.6099.28 Safari/537.36', '2023-11-29 09:55:54', '2023-11-29 09:55:54'),
(1879, '27e6f5f5-e338-42b0-ab96-a9f8ff1cf590', 3, 'Mozilla/5.0 (X11; Linux x86_64; rv:109.0) Gecko/20100101 Firefox/115.0', '2023-11-29 15:03:21', '2023-11-29 15:03:21'),
(1880, '9744b820-df69-4670-8902-57c389cd53a4', 3, 'Mozilla/5.0 (Linux; Android 6.0.1; Nexus 5X Build/MMB29P) AppleWebKit/537.36 (KHTML, like Gecko) Chrome/119.0.6045.123 Mobile Safari/537.36 (compatible; Googlebot/2.1; +http://www.google.com/bot.html)', '2023-11-30 06:13:23', '2023-11-30 06:13:23'),
(1881, 'edf4e4fa-fcba-4e7c-bc59-449167e52fb8', 3, 'Mozilla/5.0 (compatible; YandexRenderResourcesBot/1.0; +http://yandex.com/bots) AppleWebKit/537.36 (KHTML, like Gecko) Chrome/108.0.0.0', '2023-11-30 14:23:35', '2023-11-30 14:23:35');
INSERT INTO `sessions` (`id`, `token`, `user_id`, `user_agent`, `datetime_create`, `datetime_update`) VALUES
(1882, 'bb9ee5d6-cf62-4e10-9bb1-13aec247de74', 3, 'Mozilla/5.0 (compatible; YandexRenderResourcesBot/1.0; +http://yandex.com/bots) AppleWebKit/537.36 (KHTML, like Gecko) Chrome/108.0.0.0', '2023-12-01 06:24:56', '2023-12-01 06:24:56'),
(1883, 'c470c23d-d070-4961-989e-14110c63b2b4', 3, 'Mozilla/5.0 (Windows NT 6.1; Win64; x64) AppleWebKit/537.36 (KHTML, like Gecko) Chrome/109.0.0.0 Safari/537.36 OPR/95.0.0.0', '2023-12-01 23:15:55', '2023-12-01 23:15:55'),
(1884, 'd8ee29b4-a692-4151-af90-f825dd7817e3', 3, 'Mozilla/5.0 (compatible; YandexRenderResourcesBot/1.0; +http://yandex.com/bots) AppleWebKit/537.36 (KHTML, like Gecko) Chrome/108.0.0.0', '2023-12-02 11:53:47', '2023-12-02 11:53:47'),
(1885, '9a51ce75-9ab9-4f89-8066-c6930d7604e7', 3, 'Mozilla/5.0 (Linux; Android 6.0.1; Nexus 5X Build/MMB29P) AppleWebKit/537.36 (KHTML, like Gecko) Chrome/119.0.6045.159 Mobile Safari/537.36 (compatible; Googlebot/2.1; +http://www.google.com/bot.html)', '2023-12-02 17:12:45', '2023-12-02 17:12:45'),
(1886, 'd5ddd3c9-59c5-4cad-8673-1f16ea12d96c', 1, 'Mozilla/5.0 (Windows NT 10.0; Win64; x64) AppleWebKit/537.36 (KHTML, like Gecko) Chrome/120.0.0.0 Safari/537.36', '2023-12-02 17:14:53', '2023-12-12 18:21:07'),
(1887, 'bddb61b0-f416-4ed6-8bec-d1b0299657fe', 3, 'Mozilla/5.0 (Linux; Android 6.0.1; Nexus 5X Build/MMB29P) AppleWebKit/537.36 (KHTML, like Gecko) Chrome/119.0.6045.159 Mobile Safari/537.36 (compatible; Googlebot/2.1; +http://www.google.com/bot.html)', '2023-12-02 17:49:37', '2023-12-02 17:49:37'),
(1888, 'bf391135-e031-415f-ae13-eb828e652618', 3, 'Mozilla/5.0 (compatible; BitSightBot/1.0)', '2023-12-03 07:20:22', '2023-12-03 07:20:22'),
(1889, '3777af54-1f2d-445a-86fd-e13c509916c3', 3, 'Mozilla/5.0 (compatible; YandexRenderResourcesBot/1.0; +http://yandex.com/bots) AppleWebKit/537.36 (KHTML, like Gecko) Chrome/108.0.0.0', '2023-12-03 21:05:30', '2023-12-03 21:05:30'),
(1890, 'c662ebf8-e2a8-4be1-a4b7-93953a5d9503', 3, 'Mozilla/5.0 (compatible; YandexRenderResourcesBot/1.0; +http://yandex.com/bots) AppleWebKit/537.36 (KHTML, like Gecko) Chrome/108.0.0.0', '2023-12-05 18:16:57', '2023-12-05 18:16:57'),
(1891, '140ae518-fbb8-42f3-b6a9-715b95dd03e2', 3, 'Mozilla/5.0 AppleWebKit/537.36 (KHTML, like Gecko; compatible; Googlebot/2.1; +http://www.google.com/bot.html) Chrome/119.0.6045.199 Safari/537.36', '2023-12-06 01:43:07', '2023-12-06 01:43:07'),
(1892, 'cc0ed0da-81f4-4b3c-bf6e-f6673b0b3bfe', 3, 'Mozilla/5.0 (Linux; Android 6.0.1; Nexus 5X Build/MMB29P) AppleWebKit/537.36 (KHTML, like Gecko) Chrome/119.0.6045.159 Mobile Safari/537.36 (compatible; Googlebot/2.1; +http://www.google.com/bot.html)', '2023-12-06 03:12:29', '2023-12-06 03:12:29'),
(1893, 'f45c5067-41a9-44d7-80ae-415288bdce25', 3, 'Mozilla/5.0 (Macintosh; Intel Mac OS X 11_0_0) AppleWebKit/537.36 (KHTML, like Gecko) Chrome/87.0.4280.88 Safari/537.36', '2023-12-06 16:37:38', '2023-12-06 16:37:38'),
(1894, 'f542a05a-9758-4981-b706-efe3cad71b0f', 3, 'Mozilla/5.0 (Macintosh; Intel Mac OS X 11_0_0) AppleWebKit/537.36 (KHTML, like Gecko) Chrome/87.0.4280.88 Safari/537.36', '2023-12-06 16:37:45', '2023-12-06 16:37:45'),
(1895, '22d2de34-0f93-435a-a57b-eab1111fdc17', 3, 'Mozilla/5.0 (Macintosh; Intel Mac OS X 11_0_0) AppleWebKit/537.36 (KHTML, like Gecko) Chrome/87.0.4280.88 Safari/537.36', '2023-12-06 16:38:22', '2023-12-06 16:38:22'),
(1896, 'd2ca500e-bd53-478c-8e2f-e178878c11e2', 3, 'Mozilla/5.0 (compatible; YandexRenderResourcesBot/1.0; +http://yandex.com/bots) AppleWebKit/537.36 (KHTML, like Gecko) Chrome/108.0.0.0', '2023-12-07 07:08:14', '2023-12-07 07:08:14'),
(1897, '940d5e54-3797-4fe9-bac5-ec8ed21390a0', 3, 'Mozilla/5.0 (compatible; YandexRenderResourcesBot/1.0; +http://yandex.com/bots) AppleWebKit/537.36 (KHTML, like Gecko) Chrome/108.0.0.0', '2023-12-07 10:13:23', '2023-12-07 10:13:23'),
(1898, '374f160c-6462-4382-ba65-a44f15548c01', 3, 'Mozilla/5.0 (compatible; YandexRenderResourcesBot/1.0; +http://yandex.com/bots) AppleWebKit/537.36 (KHTML, like Gecko) Chrome/108.0.0.0', '2023-12-07 12:14:15', '2023-12-07 12:14:15'),
(1899, '75ed702d-b92c-444a-8075-46ce88a1e6bc', 3, 'Mozilla/5.0 (Linux; Android 6.0.1; Nexus 5X Build/MMB29P) AppleWebKit/537.36 (KHTML, like Gecko) Chrome/119.0.6045.199 Mobile Safari/537.36 (compatible; Googlebot/2.1; +http://www.google.com/bot.html)', '2023-12-07 20:44:54', '2023-12-07 20:44:54'),
(1900, '051d1a9a-b65f-4dc4-997c-01e232073e72', 3, 'Mozilla/5.0 (compatible; YandexRenderResourcesBot/1.0; +http://yandex.com/bots) AppleWebKit/537.36 (KHTML, like Gecko) Chrome/108.0.0.0', '2023-12-07 22:42:41', '2023-12-07 22:42:41'),
(1901, 'd749a111-ff27-4de6-b46f-d94107357ead', 3, 'Mozilla/5.0 (iPhone; CPU iPhone OS 17_1_2 like Mac OS X) AppleWebKit/605.1.15 (KHTML, like Gecko) Version/17.1.2 Mobile/15E148 Safari/604.1', '2023-12-08 09:32:43', '2023-12-08 09:32:43'),
(1902, '22553734-a9f7-428a-8fdd-bf75b9558db2', 3, 'Mozilla/5.0 (iPhone; CPU iPhone OS 17_1_2 like Mac OS X) AppleWebKit/605.1.15 (KHTML, like Gecko) Version/17.1.2 Mobile/15E148 Safari/604.1', '2023-12-08 09:33:34', '2023-12-08 09:33:34'),
(1903, '69c5a01d-5c72-4e9a-a8b8-35cd1feb0011', 3, 'Mozilla/5.0 (compatible; YandexRenderResourcesBot/1.0; +http://yandex.com/bots) AppleWebKit/537.36 (KHTML, like Gecko) Chrome/108.0.0.0', '2023-12-08 11:49:05', '2023-12-08 11:49:05'),
(1904, 'e3816481-9364-4e1b-a5d3-ba49be48292d', 3, 'Mozilla/5.0 (Macintosh; Intel Mac OS X 11_0_0) AppleWebKit/537.36 (KHTML, like Gecko) Chrome/87.0.4280.88 Safari/537.36', '2023-12-08 14:26:52', '2023-12-08 14:26:52'),
(1905, '2c628bba-42de-4768-99c1-ca81acf9980d', 3, 'Mozilla/5.0 (compatible; YandexRenderResourcesBot/1.0; +http://yandex.com/bots) AppleWebKit/537.36 (KHTML, like Gecko) Chrome/108.0.0.0', '2023-12-08 18:58:44', '2023-12-08 18:58:44'),
(1906, '91de091e-a885-42f5-af24-0df41ae68168', 3, 'Mozilla/5.0 (Macintosh; Intel Mac OS X 10_15_7) AppleWebKit/605.1.15 (KHTML, like Gecko) Version/16.6 Safari/605.1.15', '2023-12-09 11:46:15', '2023-12-09 11:46:15'),
(1907, '08b70a23-98c2-494e-9785-e3a87ec191f9', 3, 'Mozilla/5.0 (compatible; YandexRenderResourcesBot/1.0; +http://yandex.com/bots) AppleWebKit/537.36 (KHTML, like Gecko) Chrome/108.0.0.0', '2023-12-09 15:24:57', '2023-12-09 15:24:57'),
(1908, 'a3de2e77-73ca-455c-a24b-50aa036de812', 3, 'Mozilla/5.0 (compatible; YandexRenderResourcesBot/1.0; +http://yandex.com/bots) AppleWebKit/537.36 (KHTML, like Gecko) Chrome/108.0.0.0', '2023-12-09 19:44:48', '2023-12-09 19:44:48'),
(1909, '86a507cc-2efe-47df-a7d9-b5381420ce03', 3, 'Mozilla/5.0 (Linux; Android 6.0.1; Nexus 5X Build/MMB29P) AppleWebKit/537.36 (KHTML, like Gecko) Chrome/119.0.6045.199 Mobile Safari/537.36 (compatible; Googlebot/2.1; +http://www.google.com/bot.html)', '2023-12-10 06:35:06', '2023-12-10 06:35:06'),
(1910, 'd26d957b-088c-48a1-a865-d09eacb39784', 3, 'Mozilla/5.0 (Linux; Android 6.0.1; Nexus 5X Build/MMB29P) AppleWebKit/537.36 (KHTML, like Gecko) Chrome/119.0.6045.199 Mobile Safari/537.36 (compatible; Googlebot/2.1; +http://www.google.com/bot.html)', '2023-12-10 06:42:38', '2023-12-10 06:42:38'),
(1911, '8697ece4-d058-41ed-859b-1690069452a0', 3, 'Mozilla/5.0 (Linux; Android 6.0.1; Nexus 5X Build/MMB29P) AppleWebKit/537.36 (KHTML, like Gecko) Chrome/119.0.6045.199 Mobile Safari/537.36 (compatible; Googlebot/2.1; +http://www.google.com/bot.html)', '2023-12-10 07:09:12', '2023-12-10 07:09:12'),
(1912, '13a91492-7058-44aa-be96-ce946e689ae8', 3, 'Mozilla/5.0 (Windows NT 10.0; Win64; x64) AppleWebKit/537.36 (KHTML, like Gecko) Chrome/106.0.0.0 Atom/26.0.0.0 Safari/537.36', '2023-12-10 11:38:47', '2023-12-10 11:38:47'),
(1913, '58fa8f0f-1620-45e5-baa0-307d88101d90', 3, 'Mozilla/5.0 (compatible; YandexRenderResourcesBot/1.0; +http://yandex.com/bots) AppleWebKit/537.36 (KHTML, like Gecko) Chrome/108.0.0.0', '2023-12-10 12:12:05', '2023-12-10 12:12:05'),
(1914, '52bdcc32-efda-4c20-9156-68fb27991393', 3, 'Mozilla/5.0 (compatible; YandexRenderResourcesBot/1.0; +http://yandex.com/bots) AppleWebKit/537.36 (KHTML, like Gecko) Chrome/108.0.0.0', '2023-12-10 12:12:08', '2023-12-10 12:12:08'),
(1915, 'acde05ed-adcd-45a0-bf81-abcd7b902900', 3, 'Mozilla/5.0 (iPhone; CPU iPhone OS 17_1_2 like Mac OS X) AppleWebKit/605.1.15 (KHTML, like Gecko) Version/17.1.2 Mobile/15E148 Safari/604.1', '2023-12-11 17:19:48', '2023-12-11 17:19:48'),
(1916, '0631cc30-1092-4555-a839-14a9e66da57e', 3, 'Mozilla/5.0 (Windows NT 10.0; Win64; x64) AppleWebKit/537.36 (KHTML, like Gecko) Chrome/118.0.5993.731 YaBrowser/23.11.1.731 Yowser/2.5 Safari/537.36', '2023-12-11 20:01:23', '2023-12-11 20:01:23'),
(1917, '3e78028c-954b-43f0-a7bc-ae53018ec120', 3, 'Mozilla/5.0 (Windows NT 10.0; Win64; x64; rv:120.0) Gecko/20100101 Firefox/120.0', '2023-12-11 21:45:12', '2023-12-11 21:45:13'),
(1918, '8ac2b471-5bd5-453b-8f31-f81e6dd0fcee', 3, 'Mozilla/5.0 (X11; Linux x86_64) AppleWebKit/537.36 (KHTML, like Gecko) HeadlessChrome/99.0.4844.0 Safari/537.36', '2023-12-12 02:44:14', '2023-12-12 02:44:14'),
(1919, '18ee42f8-4f6d-452a-befd-264bcd7d5a48', 3, 'Mozilla/5.0 (compatible; YandexRenderResourcesBot/1.0; +http://yandex.com/bots) AppleWebKit/537.36 (KHTML, like Gecko) Chrome/108.0.0.0', '2023-12-12 08:44:50', '2023-12-12 08:44:50'),
(1920, '4b5dc0de-55b4-40b2-a359-6d004a60a5d2', 1, 'Mozilla/5.0 (Macintosh; Intel Mac OS X 10_15_7) AppleWebKit/537.36 (KHTML, like Gecko) Chrome/119.0.0.0 Safari/537.36', '2023-12-12 13:23:09', '2023-12-14 17:38:20'),
(1921, 'e1320f71-f657-432d-aab7-d5fd5083d178', 3, 'Mozilla/5.0 (Macintosh; Intel Mac OS X 10_15_7) AppleWebKit/537.36 (KHTML, like Gecko) Chrome/119.0.0.0 Safari/537.36', '2023-12-12 13:25:53', '2023-12-12 13:25:53'),
(1922, '5a7bdd4f-cd86-4dc2-a277-ece81cd2e44c', 3, 'Mozilla/5.0 (compatible; YandexRenderResourcesBot/1.0; +http://yandex.com/bots) AppleWebKit/537.36 (KHTML, like Gecko) Chrome/108.0.0.0', '2023-12-13 02:37:15', '2023-12-13 02:37:15'),
(1923, 'bc54bf94-c31f-45b4-b0eb-81d663f84827', 3, 'Mozilla/5.0 (Windows NT 10.0; Win64; x64) AppleWebKit/537.36 (KHTML, like Gecko) Chrome/120.0.0.0 Safari/537.36 Edg/120.0.0.0', '2023-12-13 10:02:16', '2023-12-13 10:02:16'),
(1924, '93e26a38-4ef3-4419-9fef-468903e95d34', 3, 'Mozilla/5.0 (Windows NT 10.0.0; Win64; x64; ) AppleWebKit/537.36 (KHTML, like Gecko) Chrome/119.0.6045.200 Chrome/119.0.6045.200 Not?A_Brand/24  Safari/537.36', '2023-12-13 13:58:50', '2023-12-13 13:58:50'),
(1925, '0b0fa8d1-9769-4e0e-bb29-668c59396a93', 3, 'Mozilla/5.0 (compatible; YandexRenderResourcesBot/1.0; +http://yandex.com/bots) AppleWebKit/537.36 (KHTML, like Gecko) Chrome/108.0.0.0', '2023-12-13 17:53:04', '2023-12-13 17:53:04'),
(1926, 'c874f269-e184-43ab-9e51-3b3c79ba4d32', 3, 'Mozilla/5.0 (Windows NT 10.0; Win64; x64) AppleWebKit/537.36 (KHTML, like Gecko) Chrome/118.0.0.0 YaBrowser/23.11.0.0 Safari/537.36', '2023-12-14 07:34:02', '2023-12-14 07:34:02'),
(1927, '6230c52c-77a5-4140-8360-fd4c3e332543', 3, 'Mozilla/5.0 (compatible; YandexRenderResourcesBot/1.0; +http://yandex.com/bots) AppleWebKit/537.36 (KHTML, like Gecko) Chrome/108.0.0.0', '2023-12-14 09:58:44', '2023-12-14 09:58:44'),
(1928, 'd2799c3b-2dd6-480e-841d-078ce05a6204', 3, 'Mozilla/5.0 (compatible; YandexRenderResourcesBot/1.0; +http://yandex.com/bots) AppleWebKit/537.36 (KHTML, like Gecko) Chrome/108.0.0.0', '2023-12-14 13:36:37', '2023-12-14 13:36:37'),
(1929, 'cd036bef-58b0-4747-adef-424b16da90c4', 3, 'Mozilla/5.0 (compatible; YandexRenderResourcesBot/1.0; +http://yandex.com/bots) AppleWebKit/537.36 (KHTML, like Gecko) Chrome/108.0.0.0', '2023-12-14 15:41:54', '2023-12-14 15:41:54'),
(1930, '133fa98d-a36a-494a-9940-792887fd358d', 3, 'Mozilla/5.0 (compatible; YandexRenderResourcesBot/1.0; +http://yandex.com/bots) AppleWebKit/537.36 (KHTML, like Gecko) Chrome/108.0.0.0', '2023-12-14 15:42:27', '2023-12-14 15:42:27'),
(1931, '03fba36c-d6af-4a08-a6f7-2bb1e4ebee6b', 3, 'Mozilla/5.0 (compatible; YandexRenderResourcesBot/1.0; +http://yandex.com/bots) AppleWebKit/537.36 (KHTML, like Gecko) Chrome/108.0.0.0', '2023-12-14 15:45:15', '2023-12-14 15:45:15'),
(1932, '92c26b1a-9d28-4e5a-a651-7b39a5f1d487', 3, 'Mozilla/5.0 (compatible; YandexRenderResourcesBot/1.0; +http://yandex.com/bots) AppleWebKit/537.36 (KHTML, like Gecko) Chrome/108.0.0.0', '2023-12-14 15:45:22', '2023-12-14 15:45:22'),
(1933, 'b22fc257-1dff-40b7-ac7c-d34466dc8060', 3, 'Mozilla/5.0 (compatible; YandexRenderResourcesBot/1.0; +http://yandex.com/bots) AppleWebKit/537.36 (KHTML, like Gecko) Chrome/108.0.0.0', '2023-12-14 20:15:28', '2023-12-14 20:15:28'),
(1934, '0b8762ed-b72b-48b1-bf67-7134719f4253', 3, 'Mozilla/5.0 (Linux; Android 6.0.1; Nexus 5X Build/MMB29P) AppleWebKit/537.36 (KHTML, like Gecko) Chrome/120.0.6099.71 Mobile Safari/537.36 (compatible; Googlebot/2.1; +http://www.google.com/bot.html)', '2023-12-15 05:23:08', '2023-12-15 05:23:08'),
(1935, 'e5c18616-9343-407e-a7de-98e70a04ed09', 3, 'Mozilla/5.0 (compatible; YandexRenderResourcesBot/1.0; +http://yandex.com/bots) AppleWebKit/537.36 (KHTML, like Gecko) Chrome/108.0.0.0', '2023-12-15 05:48:58', '2023-12-15 05:48:58'),
(1936, '93a46ba2-ea27-42f3-a429-5a9841207980', 3, 'Mozilla/5.0 (Macintosh; Intel Mac OS X 11_0_0) AppleWebKit/537.36 (KHTML, like Gecko) Chrome/87.0.4280.88 Safari/537.36', '2023-12-15 06:14:51', '2023-12-15 06:14:51'),
(1937, '131238a5-9381-4fd0-a2e3-4dfd7a03b075', 3, 'Mozilla/5.0 (Macintosh; Intel Mac OS X 11_0_0) AppleWebKit/537.36 (KHTML, like Gecko) Chrome/87.0.4280.88 Safari/537.36', '2023-12-15 06:14:52', '2023-12-15 06:14:52'),
(1938, 'd738fc71-5401-41cd-a1b5-84ed51a5ecfa', 3, 'Mozilla/5.0 (Macintosh; Intel Mac OS X 11_0_0) AppleWebKit/537.36 (KHTML, like Gecko) Chrome/87.0.4280.88 Safari/537.36', '2023-12-15 06:15:09', '2023-12-15 06:15:09'),
(1939, '5af0c26e-231d-4f7b-9fcd-4cca80373edf', 3, 'Mozilla/5.0 (Macintosh; Intel Mac OS X 11_0_0) AppleWebKit/537.36 (KHTML, like Gecko) Chrome/87.0.4280.88 Safari/537.36', '2023-12-15 06:15:11', '2023-12-15 06:15:11'),
(1940, 'cb761c1e-1758-44d3-9c7e-6f33e56e9ece', 3, 'Mozilla/5.0 (compatible; YandexRenderResourcesBot/1.0; +http://yandex.com/bots) AppleWebKit/537.36 (KHTML, like Gecko) Chrome/108.0.0.0', '2023-12-15 07:39:00', '2023-12-15 07:39:00'),
(1941, '51b80169-05da-4275-8bfa-bf203e3cbbea', 3, 'Mozilla/5.0 (Windows NT 10.0.0; Win64; x64; ) AppleWebKit/537.36 (KHTML, like Gecko) Chrome/120.0.6099.71 Chrome/120.0.6099.71 Not_A Brand/8  Safari/537.36', '2023-12-15 08:24:24', '2023-12-15 08:24:24'),
(1942, 'feabe079-b3cf-4276-88bf-d5d64b983110', 3, 'Mozilla/5.0 (compatible; YandexRenderResourcesBot/1.0; +http://yandex.com/bots) AppleWebKit/537.36 (KHTML, like Gecko) Chrome/108.0.0.0', '2023-12-15 08:27:27', '2023-12-15 08:27:27'),
(1943, '634f996d-fda8-4999-9add-f44f401dca95', 3, 'Mozilla/5.0 (Windows NT 10.0.0; Win64; x64; ) AppleWebKit/537.36 (KHTML, like Gecko) Chrome/120.0.6099.71 Chrome/120.0.6099.71 Not_A Brand/8  Safari/537.36', '2023-12-15 15:38:46', '2023-12-15 15:38:46'),
(1944, '60b59420-1290-4395-b17b-61920949493f', 3, 'Mozilla/5.0 (iPhone; CPU iPhone OS 17_1_2 like Mac OS X) AppleWebKit/605.1.15 (KHTML, like Gecko) Version/17.1.2 Mobile/15E148 Safari/604.1', '2023-12-15 18:08:04', '2023-12-15 18:08:04'),
(1945, '6f22f615-189d-4d0a-8178-ba13a92648a4', 3, 'Mozilla/5.0 (Windows NT 10.0; Win64; x64) AppleWebKit/537.36 (KHTML, like Gecko) Chrome/118.0.5993.731 YaBrowser/23.11.1.731 Yowser/2.5 Safari/537.36', '2023-12-15 20:44:15', '2023-12-15 20:44:15'),
(1946, '8e29ce71-8f00-406a-9f33-6b2de2973319', 3, 'Mozilla/5.0 (compatible; YandexRenderResourcesBot/1.0; +http://yandex.com/bots) AppleWebKit/537.36 (KHTML, like Gecko) Chrome/108.0.0.0', '2023-12-15 23:11:49', '2023-12-15 23:11:49'),
(1947, '85d455bc-31f5-447c-8f7f-981d88702238', 3, 'Mozilla/5.0 (compatible; YandexRenderResourcesBot/1.0; +http://yandex.com/bots) AppleWebKit/537.36 (KHTML, like Gecko) Chrome/108.0.0.0', '2023-12-16 17:36:01', '2023-12-16 17:36:01'),
(1948, 'a8804ed2-e2b1-436e-b3fb-773010ecd83b', 3, 'Mozilla/5.0 (compatible; YandexRenderResourcesBot/1.0; +http://yandex.com/bots) AppleWebKit/537.36 (KHTML, like Gecko) Chrome/108.0.0.0', '2023-12-16 18:23:01', '2023-12-16 18:23:01'),
(1949, 'c9204ab8-135a-466e-84a0-61d5dd7cad08', 3, 'Mozilla/5.0 (Windows NT 10.0; Win64; x64) AppleWebKit/537.36 (KHTML, like Gecko) Chrome/109.0.0.0 Safari/537.36', '2023-12-16 19:40:59', '2023-12-16 19:40:59'),
(1950, 'f25d63fe-58e1-4169-9bca-8305c4c7712e', 3, 'Mozilla/5.0 (Windows NT 10.0; Win64; x64) AppleWebKit/537.36 (KHTML, like Gecko) Chrome/120.0.0.0 Safari/537.36 Edg/120.0.0.0', '2023-12-17 10:55:24', '2023-12-17 10:55:24'),
(1951, '12fd7fa3-ee58-433b-ba53-fd0952c56dc0', 3, 'Mozilla/5.0 (Windows NT 10.0; Win64; x64) AppleWebKit/537.36 (KHTML, like Gecko) Chrome/118.0.5993.732 YaBrowser/23.11.1.732 Yowser/2.5 Safari/537.36', '2023-12-17 17:00:21', '2023-12-17 17:00:21'),
(1952, '3e1be186-0e88-4e58-8f2d-e3f965d35c50', 3, 'Mozilla/5.0 (compatible; YandexRenderResourcesBot/1.0; +http://yandex.com/bots) AppleWebKit/537.36 (KHTML, like Gecko) Chrome/108.0.0.0', '2023-12-17 18:33:09', '2023-12-17 18:33:09'),
(1953, '9f317870-2fd8-43c3-a485-8289631ff2ce', 3, 'Mozilla/5.0 AppleWebKit/537.36 (KHTML, like Gecko; compatible; Googlebot/2.1; +http://www.google.com/bot.html) Chrome/120.0.6099.71 Safari/537.36', '2023-12-17 19:46:36', '2023-12-17 19:46:36'),
(1954, '2b778ed7-5c62-4cce-ae00-2413c7a9d759', 3, 'Mozilla/5.0 (X11; Linux x86_64) AppleWebKit/537.36 (KHTML, like Gecko) HeadlessChrome/111.0.5563.8 Safari/537.36', '2023-12-18 01:35:09', '2023-12-18 01:35:09'),
(1955, 'ef5d140d-bc0a-4059-aed5-0df95e20af9f', 3, 'Mozilla/5.0 (compatible; YandexRenderResourcesBot/1.0; +http://yandex.com/bots) AppleWebKit/537.36 (KHTML, like Gecko) Chrome/108.0.0.0', '2023-12-18 08:39:01', '2023-12-18 08:39:01'),
(1956, 'cba4ed9d-267a-4d57-8bf4-2dbc6290220c', 3, 'Mozilla/5.0 (compatible; YandexRenderResourcesBot/1.0; +http://yandex.com/bots) AppleWebKit/537.36 (KHTML, like Gecko) Chrome/108.0.0.0', '2023-12-18 08:40:39', '2023-12-18 08:40:39'),
(1957, 'e7a8712c-ec9c-49fe-a30c-d16ce2a3d384', 3, 'Mozilla/5.0 (iPhone; CPU iPhone OS 17_1_2 like Mac OS X) AppleWebKit/605.1.15 (KHTML, like Gecko) Version/17.1.2 Mobile/15E148 Safari/604.1', '2023-12-19 05:48:51', '2023-12-19 05:48:51'),
(1958, 'aa895ff5-b19a-4be0-ba1c-21703ecab0d3', 3, 'Mozilla/5.0 (compatible; YandexRenderResourcesBot/1.0; +http://yandex.com/bots) AppleWebKit/537.36 (KHTML, like Gecko) Chrome/108.0.0.0', '2023-12-19 14:21:05', '2023-12-19 14:21:05'),
(1959, '38b18acb-5979-4864-8572-e3e7eac6407a', 3, 'Mozilla/5.0 (Windows NT 10.0; Win64; x64) AppleWebKit/537.36 (KHTML, like Gecko) Chrome/118.0.5993.731 YaBrowser/23.11.1.731 Yowser/2.5 Safari/537.36', '2023-12-19 15:45:45', '2023-12-19 15:45:45'),
(1960, '6539a8a8-3839-4d56-a450-daf231b2c4f9', 3, 'Mozilla/5.0 (Windows NT 10.0; Win64; x64) AppleWebKit/537.36 (KHTML, like Gecko) Chrome/120.0.0.0 Safari/537.36 Edg/120.0.0.0', '2023-12-19 21:17:02', '2023-12-19 21:17:02'),
(1961, '9738ea5b-c57d-499e-afd6-554d256cc842', 3, 'Mozilla/5.0 (compatible; YandexRenderResourcesBot/1.0; +http://yandex.com/bots) AppleWebKit/537.36 (KHTML, like Gecko) Chrome/108.0.0.0', '2023-12-20 03:11:44', '2023-12-20 03:11:44'),
(1962, 'b08ef534-dd20-4aa9-8e40-391f7caf59df', 3, 'Mozilla/5.0 (compatible; YandexRenderResourcesBot/1.0; +http://yandex.com/bots) AppleWebKit/537.36 (KHTML, like Gecko) Chrome/108.0.0.0', '2023-12-20 10:50:23', '2023-12-20 10:50:23'),
(1963, '6bdddc49-c57a-4e09-876f-ec5b3e568a04', 3, 'Mozilla/5.0 (compatible; YandexRenderResourcesBot/1.0; +http://yandex.com/bots) AppleWebKit/537.36 (KHTML, like Gecko) Chrome/108.0.0.0', '2023-12-20 14:57:48', '2023-12-20 14:57:48'),
(1964, 'db94f922-7c1f-4180-8b9a-12f539e1167e', 3, 'Mozilla/5.0 (compatible; YandexRenderResourcesBot/1.0; +http://yandex.com/bots) AppleWebKit/537.36 (KHTML, like Gecko) Chrome/108.0.0.0', '2023-12-20 15:18:11', '2023-12-20 15:18:11'),
(1965, '59fa125a-c1fa-45e8-9b77-c08a66bf8089', 3, 'Mozilla/5.0 (compatible; YandexRenderResourcesBot/1.0; +http://yandex.com/bots) AppleWebKit/537.36 (KHTML, like Gecko) Chrome/108.0.0.0', '2023-12-20 16:32:25', '2023-12-20 16:32:25'),
(1966, '7ebec6d5-eca9-447f-b7cf-d13960f5442c', 3, 'Mozilla/5.0 (Windows NT 10.0; Win64; x64) AppleWebKit/537.36 (KHTML, like Gecko) Chrome/118.0.0.0 Safari/537.36 OPR/104.0.0.0 (Edition Yx GX)', '2023-12-20 23:48:08', '2023-12-20 23:48:08'),
(1967, '3a5ef139-95cc-4227-bb2a-467b830e9a51', 3, 'Mozilla/5.0 (compatible; YandexRenderResourcesBot/1.0; +http://yandex.com/bots) AppleWebKit/537.36 (KHTML, like Gecko) Chrome/108.0.0.0', '2023-12-21 02:45:19', '2023-12-21 02:45:19'),
(1968, 'a153ee89-f338-48be-8689-5bc9a987f3cc', 3, 'Mozilla/5.0 (Linux; Android 6.0.1; Nexus 5X Build/MMB29P) AppleWebKit/537.36 (KHTML, like Gecko) Chrome/120.0.6099.71 Mobile Safari/537.36 (compatible; Googlebot/2.1; +http://www.google.com/bot.html)', '2023-12-21 07:50:55', '2023-12-21 07:50:55'),
(1969, 'a5ebf7a5-b8b3-4f79-a032-153e13168d25', 3, 'Mozilla/5.0 (compatible; YandexRenderResourcesBot/1.0; +http://yandex.com/bots) AppleWebKit/537.36 (KHTML, like Gecko) Chrome/108.0.0.0', '2023-12-21 08:01:03', '2023-12-21 08:01:03'),
(1970, 'e6d59ba7-c4f1-49f1-a323-43621bf07d75', 3, 'Mozilla/5.0 (compatible; YandexRenderResourcesBot/1.0; +http://yandex.com/bots) AppleWebKit/537.36 (KHTML, like Gecko) Chrome/108.0.0.0', '2023-12-21 09:13:06', '2023-12-21 09:13:06'),
(1971, '04a5b3e2-27dc-42fd-a127-0b80e8a019b1', 3, 'Mozilla/5.0 (compatible; YandexRenderResourcesBot/1.0; +http://yandex.com/bots) AppleWebKit/537.36 (KHTML, like Gecko) Chrome/108.0.0.0', '2023-12-21 12:24:11', '2023-12-21 12:24:11'),
(1972, '66eb08ca-9a54-48ff-8945-8c0712210559', 3, 'Mozilla/5.0 (Linux; Android 6.0.1; Nexus 5X Build/MMB29P) AppleWebKit/537.36 (KHTML, like Gecko) Chrome/120.0.6099.71 Mobile Safari/537.36 (compatible; Googlebot/2.1; +http://www.google.com/bot.html)', '2023-12-21 17:32:06', '2023-12-21 17:32:06'),
(1973, 'db32301b-8ddb-474b-9953-373c1b2c77e2', 3, 'Mozilla/5.0 (Linux; Android 6.0.1; Nexus 5X Build/MMB29P) AppleWebKit/537.36 (KHTML, like Gecko) Chrome/120.0.6099.71 Mobile Safari/537.36 (compatible; Googlebot/2.1; +http://www.google.com/bot.html)', '2023-12-21 18:49:59', '2023-12-21 18:49:59'),
(1974, 'cd051fa4-bd1c-4cc1-9bd8-93fb218a8205', 3, 'Mozilla/5.0 (compatible; YandexRenderResourcesBot/1.0; +http://yandex.com/bots) AppleWebKit/537.36 (KHTML, like Gecko) Chrome/108.0.0.0', '2023-12-22 07:40:12', '2023-12-22 07:40:12'),
(1975, 'b9735c8a-f22c-45bb-81b0-7ba01f540382', 3, 'Mozilla/5.0 (compatible; YandexRenderResourcesBot/1.0; +http://yandex.com/bots) AppleWebKit/537.36 (KHTML, like Gecko) Chrome/108.0.0.0', '2023-12-23 06:52:25', '2023-12-23 06:52:25'),
(1976, '84f7dc0e-fa71-4e48-90e2-bf23cb330f1f', 3, 'Mozilla/5.0 (Windows NT 10.0; Win64; x64) AppleWebKit/537.36 (KHTML, like Gecko) Chrome/114.0.0.0 Safari/537.36', '2023-12-23 09:07:30', '2023-12-23 09:07:30'),
(1977, '19cf35f9-a065-4b72-9cdf-e8c498f25fb4', 3, 'Mozilla/5.0 (Macintosh; Intel Mac OS X 10_15_7) AppleWebKit/537.36 (KHTML, like Gecko) Chrome/104.0.5112.79 Safari/537.36', '2023-12-23 10:57:42', '2023-12-23 10:57:42'),
(1978, 'bdb27838-06f4-4cb8-ba9d-449b714a51c2', 3, 'Mozilla/5.0 (Macintosh; Intel Mac OS X 10_15_7) AppleWebKit/537.36 (KHTML, like Gecko) Chrome/104.0.5112.79 Safari/537.36', '2023-12-23 11:18:01', '2023-12-23 11:18:01'),
(1979, '89e9eae6-15d3-4f8a-bada-c2a05b5c67de', 3, 'Mozilla/5.0 (Windows NT 10.0; Win64; x64) AppleWebKit/537.36 (KHTML, like Gecko) Chrome/118.0.5993.771 YaBrowser/23.11.2.771 Yowser/2.5 Safari/537.36', '2023-12-23 16:39:56', '2023-12-23 16:39:56'),
(1980, '8541c132-24ba-41b7-96fd-160078fbbebe', 3, 'Mozilla/5.0 (compatible; YandexRenderResourcesBot/1.0; +http://yandex.com/bots) AppleWebKit/537.36 (KHTML, like Gecko) Chrome/108.0.0.0', '2023-12-23 20:40:36', '2023-12-23 20:40:36'),
(1981, '2995c476-c9cc-48d4-93fd-8ae713982044', 3, 'Mozilla/5.0 (Windows NT 10.0; Win64; x64) AppleWebKit/537.36 (KHTML, like Gecko) Chrome/118.0.5993.771 YaBrowser/23.11.2.771 Yowser/2.5 Safari/537.36', '2023-12-24 04:01:29', '2023-12-24 04:01:29'),
(1982, 'd086f3f7-9cb2-4984-8fab-375d37eb5e55', 1, 'Mozilla/5.0 (Windows NT 10.0; Win64; x64) AppleWebKit/537.36 (KHTML, like Gecko) Chrome/120.0.0.0 Safari/537.36', '2023-12-24 18:13:29', '2023-12-24 18:13:42'),
(1983, '1d0239b5-f841-4ff4-96d6-d7255f0b3fd4', 1, 'Mozilla/5.0 (Windows NT 10.0; Win64; x64) AppleWebKit/537.36 (KHTML, like Gecko) Chrome/120.0.0.0 Safari/537.36', '2023-12-24 20:58:54', '2023-12-24 20:59:02'),
(1984, 'f8476243-e02c-49ee-9dfc-0a8d295ec147', 3, 'Mozilla/5.0 (Linux; Android 6.0.1; Nexus 5X Build/MMB29P) AppleWebKit/537.36 (KHTML, like Gecko) Chrome/120.0.6099.71 Mobile Safari/537.36 (compatible; Googlebot/2.1; +http://www.google.com/bot.html)', '2023-12-24 21:11:13', '2023-12-24 21:11:13'),
(1985, 'f249648d-6527-415e-ab90-1175bb2dbafe', 3, 'Mozilla/5.0 (compatible; YandexRenderResourcesBot/1.0; +http://yandex.com/bots) AppleWebKit/537.36 (KHTML, like Gecko) Chrome/108.0.0.0', '2023-12-25 10:47:31', '2023-12-25 10:47:31'),
(1986, '318cf9ce-3836-44a0-a9bd-6f1768391259', 3, 'Mozilla/5.0 (compatible; YandexRenderResourcesBot/1.0; +http://yandex.com/bots) AppleWebKit/537.36 (KHTML, like Gecko) Chrome/108.0.0.0', '2023-12-25 15:41:11', '2023-12-25 15:41:11'),
(1987, 'e0e3fb90-0737-48fe-92b3-08462fd85456', 3, 'Mozilla/5.0 (compatible; YandexRenderResourcesBot/1.0; +http://yandex.com/bots) AppleWebKit/537.36 (KHTML, like Gecko) Chrome/108.0.0.0', '2023-12-25 15:47:52', '2023-12-25 15:47:52'),
(1988, '5e2f01ba-3db5-4017-a402-207e3299d68d', 3, 'Mozilla/5.0 (X11; Linux x86_64) AppleWebKit/537.36 (KHTML, like Gecko) SamsungBrowser/21.0 Chrome/110.0.5481.154 Safari/537.36', '2023-12-25 15:52:13', '2023-12-25 15:52:13'),
(1989, '6b77125b-13b8-40c8-9b4f-acfbce844d13', 3, 'Mozilla/5.0 (X11; Linux x86_64) AppleWebKit/537.36 (KHTML, like Gecko) Chrome/88.0.4324.111 YaBrowser/21.2.1.94 (beta) Yowser/2.5 Safari/537.36', '2023-12-25 15:52:15', '2023-12-25 15:52:15'),
(1990, '00be8a26-48b8-4984-b833-db5afa3a67cd', 3, 'Mozilla/5.0 (compatible; YandexRenderResourcesBot/1.0; +http://yandex.com/bots) AppleWebKit/537.36 (KHTML, like Gecko) Chrome/108.0.0.0', '2023-12-26 00:44:38', '2023-12-26 00:44:38'),
(1991, '6995106b-8a88-44af-8419-8545033bdb91', 3, 'Mozilla/5.0 (compatible; YandexRenderResourcesBot/1.0; +http://yandex.com/bots) AppleWebKit/537.36 (KHTML, like Gecko) Chrome/108.0.0.0', '2023-12-26 12:46:07', '2023-12-26 12:46:07'),
(1992, 'f5365e33-313d-4b55-b02a-94c2c8b57984', 3, 'Mozilla/5.0 (Windows NT 10.0; Win64; x64) AppleWebKit/537.36 (KHTML, like Gecko) Chrome/120.0.0.0 Safari/537.36', '2023-12-26 19:36:09', '2023-12-26 19:36:09'),
(1993, 'e4df3243-ddcb-4e25-81ad-4dd972518a81', 3, 'Mozilla/5.0 (Linux; Android 6.0.1; Nexus 5X Build/MMB29P) AppleWebKit/537.36 (KHTML, like Gecko) Chrome/120.0.6099.71 Mobile Safari/537.36 (compatible; Googlebot/2.1; +http://www.google.com/bot.html)', '2023-12-27 02:59:28', '2023-12-27 02:59:28'),
(1994, '12235999-54c3-4ff0-afb4-7ea25c717322', 3, 'Mozilla/5.0 (Linux; Android 6.0.1; Nexus 5X Build/MMB29P) AppleWebKit/537.36 (KHTML, like Gecko) Chrome/120.0.6099.71 Mobile Safari/537.36 (compatible; Googlebot/2.1; +http://www.google.com/bot.html)', '2023-12-27 03:44:27', '2023-12-27 03:44:27'),
(1995, 'd5732114-69be-4e05-91be-44d341e59b3b', 3, 'Mozilla/5.0 (compatible; YandexRenderResourcesBot/1.0; +http://yandex.com/bots) AppleWebKit/537.36 (KHTML, like Gecko) Chrome/108.0.0.0', '2023-12-27 10:28:10', '2023-12-27 10:28:10'),
(1996, 'e3ffd725-74e3-449a-827d-83e9d1b38788', 3, 'Mozilla/5.0 (compatible; YandexRenderResourcesBot/1.0; +http://yandex.com/bots) AppleWebKit/537.36 (KHTML, like Gecko) Chrome/108.0.0.0', '2023-12-27 10:42:11', '2023-12-27 10:42:11'),
(1997, '987c78f1-bc41-4000-bf56-06d8ca9662a9', 3, 'Mozilla/5.0 (compatible; YandexRenderResourcesBot/1.0; +http://yandex.com/bots) AppleWebKit/537.36 (KHTML, like Gecko) Chrome/108.0.0.0', '2023-12-28 18:14:31', '2023-12-28 18:14:31'),
(1998, '06626f2d-2550-40fe-acca-17c85e5e7597', 3, 'Mozilla/5.0 (Windows NT 10.0; Win64; x64) AppleWebKit/537.36 (KHTML, like Gecko) Chrome/120.0.0.0 Safari/537.36', '2023-12-28 20:07:42', '2023-12-28 20:07:42'),
(1999, 'b0fe9f5b-3687-4251-860b-28b5347ff845', 3, 'Mozilla/5.0 (Linux; Android 6.0.1; Nexus 5X Build/MMB29P) AppleWebKit/537.36 (KHTML, like Gecko) Chrome/120.0.6099.71 Mobile Safari/537.36 (compatible; Googlebot/2.1; +http://www.google.com/bot.html)', '2023-12-29 14:56:11', '2023-12-29 14:56:11'),
(2000, '5b408295-7502-4d25-b240-152aa1b3af10', 3, 'Mozilla/5.0 (compatible; YandexRenderResourcesBot/1.0; +http://yandex.com/bots) AppleWebKit/537.36 (KHTML, like Gecko) Chrome/108.0.0.0', '2023-12-29 17:25:21', '2023-12-29 17:25:21'),
(2001, '5fe9fd63-a8cc-403c-bb80-aae1a25cfd7b', 3, 'Mozilla/5.0 (compatible; YandexRenderResourcesBot/1.0; +http://yandex.com/bots) AppleWebKit/537.36 (KHTML, like Gecko) Chrome/108.0.0.0', '2023-12-29 21:34:03', '2023-12-29 21:34:03'),
(2002, '140823f7-e6bb-4459-9206-0e4816c423ed', 3, 'Mozilla/5.0 (Windows NT 10.0; Win64; x64; rv:121.0) Gecko/20100101 Firefox/121.0', '2023-12-30 08:49:50', '2023-12-30 08:49:50'),
(2003, '359d20d3-6050-423d-9b94-ce64622b56c5', 3, 'Mozilla/5.0 (compatible; YandexRenderResourcesBot/1.0; +http://yandex.com/bots) AppleWebKit/537.36 (KHTML, like Gecko) Chrome/108.0.0.0', '2023-12-30 22:36:03', '2023-12-30 22:36:03'),
(2004, 'a1440cb9-159f-451e-a42a-dde3b8f749a9', 3, 'Mozilla/5.0 (compatible; YandexRenderResourcesBot/1.0; +http://yandex.com/bots) AppleWebKit/537.36 (KHTML, like Gecko) Chrome/108.0.0.0', '2023-12-30 22:37:52', '2023-12-30 22:37:52'),
(2005, '4303c001-075b-481b-b656-c20946e48c8f', 3, 'Mozilla/5.0 (Linux; Android 6.0.1; Nexus 5X Build/MMB29P) AppleWebKit/537.36 (KHTML, like Gecko) Chrome/120.0.6099.71 Mobile Safari/537.36 (compatible; Googlebot/2.1; +http://www.google.com/bot.html)', '2023-12-31 02:52:15', '2023-12-31 02:52:15'),
(2006, '0f0b774c-5012-4fa9-9c1b-c06595f9af68', 3, 'Mozilla/5.0 AppleWebKit/537.36 (KHTML, like Gecko; compatible; Googlebot/2.1; +http://www.google.com/bot.html) Chrome/120.0.6099.71 Safari/537.36', '2023-12-31 14:06:16', '2023-12-31 14:06:16'),
(2007, '8eb78d66-338d-4357-a774-398c6d831be9', 3, 'Mozilla/5.0 (Linux; Android 6.0.1; Nexus 5X Build/MMB29P) AppleWebKit/537.36 (KHTML, like Gecko) Chrome/120.0.6099.71 Mobile Safari/537.36 (compatible; Googlebot/2.1; +http://www.google.com/bot.html)', '2023-12-31 14:06:17', '2023-12-31 14:06:17'),
(2008, '1ed8cec3-2879-48b1-82ca-f60e0869e94d', 3, 'Mozilla/5.0 (Windows NT 10.0.0; Win64; x64; ) AppleWebKit/537.36 (KHTML, like Gecko) Chrome/118.0.5993.159 Not=A?Brand/99 YaBrowser/23.11.3.935 Yowser/2.5  Safari/537.36', '2024-01-01 02:34:33', '2024-01-01 02:34:33'),
(2009, '2425cf45-5d61-4c63-83f5-20bd1638ea24', 3, 'Mozilla/5.0 (Linux; Android 6.0.1; Nexus 5X Build/MMB29P) AppleWebKit/537.36 (KHTML, like Gecko) Chrome/120.0.6099.71 Mobile Safari/537.36 (compatible; Googlebot/2.1; +http://www.google.com/bot.html)', '2024-01-01 04:22:32', '2024-01-01 04:22:32'),
(2010, '1450fa10-e653-4cec-b5c7-23fa03f90243', 3, 'Mozilla/5.0 (compatible; YandexRenderResourcesBot/1.0; +http://yandex.com/bots) AppleWebKit/537.36 (KHTML, like Gecko) Chrome/108.0.0.0', '2024-01-01 20:55:08', '2024-01-01 20:55:08'),
(2011, '48b75780-b64d-4104-985c-f3e3f2b545df', 3, 'Mozilla/5.0 (Windows NT 10.0; Win64; x64; ) AppleWebKit/537.36 (KHTML, like Gecko) Chrome/118.0.5993.159 Not=A?Brand/99 YaBrowser/23.11.3.935 Yowser/2.5  Safari/537.36', '2024-01-02 10:32:11', '2024-01-02 10:32:11'),
(2012, 'a0ad6644-719c-442a-bcc6-ddefe248a8b9', 3, 'Mozilla/5.0 (compatible; YandexRenderResourcesBot/1.0; +http://yandex.com/bots) AppleWebKit/537.36 (KHTML, like Gecko) Chrome/108.0.0.0', '2024-01-02 20:41:13', '2024-01-02 20:41:13'),
(2013, '0fadee9b-7cb4-494a-8450-b192744f165d', 3, 'Mozilla/5.0 (compatible; YandexRenderResourcesBot/1.0; +http://yandex.com/bots) AppleWebKit/537.36 (KHTML, like Gecko) Chrome/108.0.0.0', '2024-01-03 16:02:07', '2024-01-03 16:02:07'),
(2014, '12e1c8f5-f102-485b-a87e-2d02be8b7057', 3, 'Mozilla/5.0 (Linux; Android 6.0.1; Nexus 5X Build/MMB29P) AppleWebKit/537.36 (KHTML, like Gecko) Chrome/120.0.6099.71 Mobile Safari/537.36 (compatible; Googlebot/2.1; +http://www.google.com/bot.html)', '2024-01-03 16:13:10', '2024-01-03 16:13:10'),
(2015, '7738d6f4-6a34-4c49-9ef1-ddfbcfb975b6', 3, 'Mozilla/5.0 (Linux; Android 6.0.1; Nexus 5X Build/MMB29P) AppleWebKit/537.36 (KHTML, like Gecko) Chrome/120.0.6099.71 Mobile Safari/537.36 (compatible; Googlebot/2.1; +http://www.google.com/bot.html)', '2024-01-03 17:20:35', '2024-01-03 17:20:35'),
(2016, '7de2c7aa-8e87-41e7-8b3d-d259ae01e02d', 3, 'Mozilla/5.0 (Windows NT 15.0.0; Win64; x64; ) AppleWebKit/537.36 (KHTML, like Gecko) Chrome/118.0.5993.159 Not=A?Brand/99 YaBrowser/23.11.3.935 Yowser/2.5  Safari/537.36', '2024-01-03 23:55:11', '2024-01-03 23:55:11'),
(2017, 'fd280635-4554-4e5d-b3ae-4b6e9617ba6b', 3, 'Mozilla/5.0 (compatible; YandexRenderResourcesBot/1.0; +http://yandex.com/bots) AppleWebKit/537.36 (KHTML, like Gecko) Chrome/108.0.0.0', '2024-01-04 14:38:42', '2024-01-04 14:38:42'),
(2018, 'a84e7e7c-613c-4d65-97e5-12f16b54c2dd', 3, 'Mozilla/5.0 (compatible; YandexRenderResourcesBot/1.0; +http://yandex.com/bots) AppleWebKit/537.36 (KHTML, like Gecko) Chrome/108.0.0.0', '2024-01-04 17:50:52', '2024-01-04 17:50:52'),
(2019, '1e4967ba-6816-49d5-9e36-7a416b64a2ea', 3, 'Mozilla/5.0 (compatible; YandexRenderResourcesBot/1.0; +http://yandex.com/bots) AppleWebKit/537.36 (KHTML, like Gecko) Chrome/108.0.0.0', '2024-01-05 00:13:25', '2024-01-05 00:13:25'),
(2020, '831914c0-d87f-4a10-b34b-4d712498c27a', 3, 'Mozilla/5.0 (Macintosh; Intel Mac OS X 11_0_0) AppleWebKit/537.36 (KHTML, like Gecko) Chrome/87.0.4280.88 Safari/537.36', '2024-01-05 01:34:06', '2024-01-05 01:34:06'),
(2021, '458e83bc-2529-4014-8469-79d15660d940', 3, 'Mozilla/5.0 (Macintosh; Intel Mac OS X 11_0_0) AppleWebKit/537.36 (KHTML, like Gecko) Chrome/87.0.4280.88 Safari/537.36', '2024-01-05 01:34:24', '2024-01-05 01:34:24'),
(2022, 'd527da8a-50b9-4aba-b1d1-6137295650de', 3, 'Mozilla/5.0 (compatible; YandexRenderResourcesBot/1.0; +http://yandex.com/bots) AppleWebKit/537.36 (KHTML, like Gecko) Chrome/108.0.0.0', '2024-01-06 06:14:12', '2024-01-06 06:14:12'),
(2023, 'ed39efa5-d321-4c76-8662-23cbfe38103f', 3, 'Mozilla/5.0 (compatible; YandexRenderResourcesBot/1.0; +http://yandex.com/bots) AppleWebKit/537.36 (KHTML, like Gecko) Chrome/108.0.0.0', '2024-01-06 06:16:02', '2024-01-06 06:16:03'),
(2024, 'f705bebd-c248-40b3-81f4-8fad2daf3021', 3, 'Mozilla/5.0 (compatible; YandexRenderResourcesBot/1.0; +http://yandex.com/bots) AppleWebKit/537.36 (KHTML, like Gecko) Chrome/108.0.0.0', '2024-01-06 06:16:02', '2024-01-06 06:16:02'),
(2025, '2a7ffaa1-a304-44b9-b6a3-b6c77ad3cc66', 3, 'Mozilla/5.0 (compatible; YandexRenderResourcesBot/1.0; +http://yandex.com/bots) AppleWebKit/537.36 (KHTML, like Gecko) Chrome/108.0.0.0', '2024-01-06 06:16:02', '2024-01-06 06:16:03'),
(2026, '7f815773-7593-4673-a362-55af226a5ee3', 3, 'Mozilla/5.0 (compatible; YandexRenderResourcesBot/1.0; +http://yandex.com/bots) AppleWebKit/537.36 (KHTML, like Gecko) Chrome/108.0.0.0', '2024-01-06 06:16:04', '2024-01-06 06:16:04'),
(2027, 'd5f98d5c-2666-451b-bca2-50661d40d7e7', 3, 'Mozilla/5.0 (compatible; YandexRenderResourcesBot/1.0; +http://yandex.com/bots) AppleWebKit/537.36 (KHTML, like Gecko) Chrome/108.0.0.0', '2024-01-06 06:16:11', '2024-01-06 06:16:11'),
(2028, 'e0849e48-546a-4089-91b9-a78da8be9e90', 3, 'Mozilla/5.0 (compatible; YandexRenderResourcesBot/1.0; +http://yandex.com/bots) AppleWebKit/537.36 (KHTML, like Gecko) Chrome/108.0.0.0', '2024-01-06 06:16:38', '2024-01-06 06:16:38'),
(2029, 'fc6d3c09-b428-43f3-985c-939577f0694c', 3, 'Mozilla/5.0 (compatible; YandexRenderResourcesBot/1.0; +http://yandex.com/bots) AppleWebKit/537.36 (KHTML, like Gecko) Chrome/108.0.0.0', '2024-01-06 06:17:20', '2024-01-06 06:17:20'),
(2030, '33276661-b3d1-4cf5-a543-990880ce245f', 3, 'Mozilla/5.0 (compatible; YandexRenderResourcesBot/1.0; +http://yandex.com/bots) AppleWebKit/537.36 (KHTML, like Gecko) Chrome/108.0.0.0', '2024-01-06 06:18:19', '2024-01-06 06:18:19'),
(2031, '2e91a0a0-49f7-4876-a207-364ed51aa351', 3, 'Mozilla/5.0 (compatible; YandexRenderResourcesBot/1.0; +http://yandex.com/bots) AppleWebKit/537.36 (KHTML, like Gecko) Chrome/108.0.0.0', '2024-01-06 10:17:41', '2024-01-06 10:17:41');

-- --------------------------------------------------------

--
-- Структура таблицы `slot_category_type`
--

CREATE TABLE `slot_category_type` (
  `id` bigint UNSIGNED NOT NULL,
  `title` varchar(50) COLLATE utf8mb3_unicode_ci DEFAULT NULL,
  `description` text COLLATE utf8mb3_unicode_ci,
  `icon` varchar(50) COLLATE utf8mb3_unicode_ci DEFAULT NULL,
  `bg_color` varchar(10) COLLATE utf8mb3_unicode_ci DEFAULT NULL
) ENGINE=InnoDB DEFAULT CHARSET=utf8mb3 COLLATE=utf8mb3_unicode_ci COMMENT='Словарь категорий услуг';

--
-- Дамп данных таблицы `slot_category_type`
--

INSERT INTO `slot_category_type` (`id`, `title`, `description`, `icon`, `bg_color`) VALUES
(1, 'Персонал', 'Сотрудники клиники.', NULL, NULL),
(2, 'Размещение', 'Палаты и зоны отдыха клиники', NULL, NULL),
(3, 'Вид родов', 'Различные типы родовспоможения, в воду, кесарево и пр пр ', NULL, NULL),
(4, 'Дополнительные услуги', 'Фото видео и пр вещи которые может предоставить роддом', NULL, NULL),
(5, 'Эко', 'Услуги относящиеся к оплодотворению вне тела', NULL, NULL),
(6, 'Многоплодная беременность', 'Услуги относящиеся к беременности с несколькими плодами', NULL, NULL),
(7, 'Онлайн консультации', 'Услуги по оказанию консультаций без очного визита к врачу', NULL, NULL),
(8, 'Ведение беременности', 'Услуги по ведению и поддержке беременных', NULL, NULL);

-- --------------------------------------------------------

--
-- Структура таблицы `telegram_subscribes`
--

CREATE TABLE `telegram_subscribes` (
  `id` bigint UNSIGNED NOT NULL,
  `chat_id` varchar(50) COLLATE utf8mb3_unicode_ci NOT NULL,
  `datetime_create` timestamp NOT NULL DEFAULT CURRENT_TIMESTAMP,
  `datetime_update` timestamp NOT NULL DEFAULT CURRENT_TIMESTAMP ON UPDATE CURRENT_TIMESTAMP
) ENGINE=InnoDB DEFAULT CHARSET=utf8mb3 COLLATE=utf8mb3_unicode_ci;

-- --------------------------------------------------------

--
-- Структура таблицы `trimester`
--

CREATE TABLE `trimester` (
  `id` int NOT NULL,
  `name` varchar(50) CHARACTER SET utf8mb3 COLLATE utf8mb3_unicode_ci NOT NULL,
  `title` varchar(50) CHARACTER SET utf32 COLLATE utf32_unicode_ci NOT NULL,
  `description` text CHARACTER SET utf8mb3 COLLATE utf8mb3_unicode_ci NOT NULL,
  `icon` varchar(150) CHARACTER SET utf8mb3 COLLATE utf8mb3_unicode_ci DEFAULT NULL,
  `bg_color` varchar(50) CHARACTER SET utf8mb3 COLLATE utf8mb3_unicode_ci DEFAULT NULL,
  `article_id` int DEFAULT NULL
) ENGINE=InnoDB DEFAULT CHARSET=latin1;

--
-- Дамп данных таблицы `trimester`
--

INSERT INTO `trimester` (`id`, `name`, `title`, `description`, `icon`, `bg_color`, `article_id`) VALUES
(1, 'first', 'Первый триместер', '', NULL, NULL, NULL),
(2, 'second', 'Второй триместер', '', NULL, NULL, NULL),
(3, 'third', 'Третий триметр', '', NULL, NULL, NULL);

-- --------------------------------------------------------

--
-- Структура таблицы `users`
--

CREATE TABLE `users` (
  `id` bigint UNSIGNED NOT NULL COMMENT 'id',
  `active` tinyint(1) NOT NULL DEFAULT '0' COMMENT 'статус активности юзера',
  `login` varchar(50) COLLATE utf8mb3_unicode_ci NOT NULL COMMENT 'логин',
  `password` varchar(50) COLLATE utf8mb3_unicode_ci DEFAULT NULL COMMENT 'пароль',
  `role` bigint UNSIGNED NOT NULL COMMENT 'роль в системе (привилегии)',
  `activation` varchar(50) COLLATE utf8mb3_unicode_ci DEFAULT NULL COMMENT 'активационный код(для активации учетки при регистрации)',
  `first_name` varchar(50) COLLATE utf8mb3_unicode_ci DEFAULT NULL,
  `last_name` varchar(50) COLLATE utf8mb3_unicode_ci DEFAULT NULL,
  `patronymic` varchar(50) COLLATE utf8mb3_unicode_ci DEFAULT NULL,
  `photo_id` bigint UNSIGNED DEFAULT NULL,
  `status_type` int DEFAULT NULL COMMENT 'статус пользователя  (планирует , выбирает , беременна, родила ...)',
  `multi_pregnant` tinyint(1) DEFAULT '0' COMMENT 'многоплодная беременность',
  `client_birthday_datetime` timestamp NULL DEFAULT NULL COMMENT 'дата рождения клиента',
  `conception_datetime` timestamp NULL DEFAULT NULL COMMENT 'дата зачатия ребенка если беременна',
  `has_problems` tinyint(1) NOT NULL DEFAULT '0' COMMENT 'осложнения',
  `phone` varchar(50) COLLATE utf8mb3_unicode_ci DEFAULT NULL,
  `email` varchar(150) COLLATE utf8mb3_unicode_ci DEFAULT NULL,
  `skype` varchar(150) COLLATE utf8mb3_unicode_ci DEFAULT NULL,
  `ch_skype` tinyint(1) NOT NULL DEFAULT '0' COMMENT 'предпочитаемый канал связи',
  `ch_phone` tinyint(1) NOT NULL DEFAULT '0' COMMENT 'предпочитаемый канал связи',
  `ch_viber` tinyint(1) NOT NULL DEFAULT '0' COMMENT 'предпочитаемый канал связи',
  `ch_whatsapp` tinyint(1) NOT NULL DEFAULT '0' COMMENT 'предпочитаемый канал связи',
  `ch_telegram` tinyint(1) NOT NULL DEFAULT '0' COMMENT 'предпочитаемый канал связи',
  `ch_email` tinyint(1) NOT NULL DEFAULT '0' COMMENT 'предпочитаемый канал связи',
  `height` int DEFAULT NULL COMMENT 'Рост',
  `weight` int DEFAULT NULL COMMENT 'Вес',
  `clothes_size` int UNSIGNED DEFAULT NULL COMMENT 'Размер одежды',
  `shoes_size` int UNSIGNED DEFAULT NULL COMMENT 'Размер обуви',
  `datetime_update` timestamp NOT NULL DEFAULT CURRENT_TIMESTAMP,
  `datetime_create` timestamp NOT NULL DEFAULT CURRENT_TIMESTAMP
) ENGINE=InnoDB DEFAULT CHARSET=utf8mb3 COLLATE=utf8mb3_unicode_ci;

--
-- Дамп данных таблицы `users`
--

INSERT INTO `users` (`id`, `active`, `login`, `password`, `role`, `activation`, `first_name`, `last_name`, `patronymic`, `photo_id`, `status_type`, `multi_pregnant`, `client_birthday_datetime`, `conception_datetime`, `has_problems`, `phone`, `email`, `skype`, `ch_skype`, `ch_phone`, `ch_viber`, `ch_whatsapp`, `ch_telegram`, `ch_email`, `height`, `weight`, `clothes_size`, `shoes_size`, `datetime_update`, `datetime_create`) VALUES
(1, 1, 'admin', '21232f297a57a5a743894a0e4a801fc3', 7, NULL, 'Сергей', 'Савин', 'Владимирович', 46, 1, 0, NULL, NULL, 0, '89171215000', 'alter4444@gmail.com', 'exclusive_login', 0, 0, 0, 1, 1, 0, NULL, NULL, NULL, NULL, '2021-08-23 16:55:02', '2021-08-16 20:35:44'),
(3, 1, 'guest', NULL, 1, NULL, NULL, NULL, NULL, NULL, NULL, NULL, NULL, NULL, 0, NULL, NULL, NULL, 0, 0, 0, 0, 0, 0, NULL, NULL, NULL, NULL, '2021-08-23 16:55:08', '2021-08-17 12:52:35'),
(19, 1, 'EgorenkovOV', 'f9202cc7caf572f0c160379f17e325eb', 6, '55c6f51c-9992-4d77-9323-e6fa1562ad52', 'Олег', 'Егоренков', NULL, NULL, NULL, NULL, NULL, NULL, 0, NULL, NULL, NULL, 0, 0, 0, 0, 0, 0, NULL, NULL, NULL, NULL, '2021-08-26 08:06:40', '2021-08-26 08:04:34'),
(20, 1, 'testuser', '5f4dcc3b5aa765d61d8327deb882cf99', 2, NULL, 'Анна', 'Протасова', NULL, NULL, 0, 0, NULL, NULL, 0, NULL, NULL, NULL, 0, 0, 0, 0, 0, 0, NULL, NULL, NULL, NULL, '2021-12-28 09:44:16', '2021-12-28 09:44:16'),
(21, 1, 'user', 'ee11cbb19052e40b07aac0ca060c23ee', 2, 'c643e8d3-d5ea-4d9f-b231-e72facbc5cb7', 'Лана', 'Кужедуб', NULL, NULL, NULL, 0, NULL, NULL, 0, NULL, NULL, NULL, 0, 0, 0, 0, 0, 0, NULL, NULL, NULL, NULL, '2021-12-30 11:38:02', '2021-12-30 11:38:02');

-- --------------------------------------------------------

--
-- Структура таблицы `user_status_type`
--

CREATE TABLE `user_status_type` (
  `id` bigint UNSIGNED NOT NULL,
  `title` varchar(50) COLLATE utf8mb3_unicode_ci DEFAULT NULL,
  `description` text COLLATE utf8mb3_unicode_ci,
  `icon` varchar(50) COLLATE utf8mb3_unicode_ci DEFAULT NULL,
  `bg_color` varchar(10) COLLATE utf8mb3_unicode_ci DEFAULT NULL
) ENGINE=InnoDB DEFAULT CHARSET=utf8mb3 COLLATE=utf8mb3_unicode_ci COMMENT='Словарь категорий услуг';

--
-- Дамп данных таблицы `user_status_type`
--

INSERT INTO `user_status_type` (`id`, `title`, `description`, `icon`, `bg_color`) VALUES
(1, 'Интересуюсь', NULL, NULL, NULL),
(2, 'Планирую', NULL, NULL, NULL),
(3, 'Беременна', NULL, NULL, NULL),
(4, 'Родила', NULL, NULL, NULL);

-- --------------------------------------------------------

--
-- Структура таблицы `votes`
--

CREATE TABLE `votes` (
  `id` bigint UNSIGNED NOT NULL,
  `vote_slug` varchar(20) COLLATE utf8mb3_unicode_ci NOT NULL,
  `feedback_id` bigint UNSIGNED NOT NULL,
  `rate` int NOT NULL,
  `datetime_update` timestamp NOT NULL DEFAULT CURRENT_TIMESTAMP ON UPDATE CURRENT_TIMESTAMP,
  `datetime_create` timestamp NOT NULL DEFAULT CURRENT_TIMESTAMP
) ENGINE=InnoDB DEFAULT CHARSET=utf8mb3 COLLATE=utf8mb3_unicode_ci;

--
-- Дамп данных таблицы `votes`
--

INSERT INTO `votes` (`id`, `vote_slug`, `feedback_id`, `rate`, `datetime_update`, `datetime_create`) VALUES
(1, 'comfort', 1, 5, '2023-07-16 15:06:35', '2023-07-16 15:06:35'),
(2, 'food', 1, 5, '2023-07-16 15:06:35', '2023-07-16 15:06:35'),
(3, 'personal', 1, 5, '2023-07-16 15:06:35', '2023-07-16 15:06:35'),
(4, 'PTC', 1, 5, '2023-07-16 15:06:35', '2023-07-16 15:06:35'),
(5, 'facilities', 1, 5, '2023-07-16 15:06:35', '2023-07-16 15:06:35'),
(6, 'cleaness', 1, 5, '2023-07-16 15:06:35', '2023-07-16 15:06:35'),
(7, 'placement', 1, 5, '2023-07-16 15:06:35', '2023-07-16 15:06:35'),
(22, 'food', 6, 5, '2023-07-17 13:51:19', '2023-07-17 13:51:19'),
(23, 'cleaness', 6, 5, '2023-07-17 13:51:19', '2023-07-17 13:51:19'),
(24, 'personal', 6, 5, '2023-07-17 13:51:19', '2023-07-17 13:51:19'),
(25, 'facilities', 6, 5, '2023-07-17 13:51:19', '2023-07-17 13:51:19'),
(26, 'placement', 6, 5, '2023-07-17 13:51:19', '2023-07-17 13:51:19'),
(27, 'comfort', 6, 5, '2023-07-17 13:51:19', '2023-07-17 13:51:19'),
(28, 'PTC', 6, 5, '2023-07-17 13:51:19', '2023-07-17 13:51:19'),
(155, 'PTC', 25, 5, '2023-07-18 17:34:14', '2023-07-18 17:34:14'),
(156, 'food', 25, 5, '2023-07-18 17:34:14', '2023-07-18 17:34:14'),
(157, 'cleaness', 25, 5, '2023-07-18 17:34:14', '2023-07-18 17:34:14'),
(158, 'comfort', 25, 5, '2023-07-18 17:34:14', '2023-07-18 17:34:14'),
(159, 'placement', 25, 5, '2023-07-18 17:34:14', '2023-07-18 17:34:14'),
(160, 'personal', 25, 5, '2023-07-18 17:34:14', '2023-07-18 17:34:14'),
(161, 'facilities', 25, 5, '2023-07-18 17:34:14', '2023-07-18 17:34:14'),
(162, 'placement', 26, 5, '2023-07-18 17:40:55', '2023-07-18 17:40:55'),
(163, 'PTC', 26, 5, '2023-07-18 17:40:55', '2023-07-18 17:40:55'),
(164, 'food', 26, 5, '2023-07-18 17:40:55', '2023-07-18 17:40:55'),
(165, 'facilities', 26, 5, '2023-07-18 17:40:55', '2023-07-18 17:40:55'),
(166, 'comfort', 26, 5, '2023-07-18 17:40:55', '2023-07-18 17:40:55'),
(167, 'cleaness', 26, 5, '2023-07-18 17:40:55', '2023-07-18 17:40:55'),
(168, 'personal', 26, 5, '2023-07-18 17:40:55', '2023-07-18 17:40:55'),
(169, 'cleaness', 27, 5, '2023-07-18 17:43:42', '2023-07-18 17:43:42'),
(170, 'PTC', 27, 5, '2023-07-18 17:43:42', '2023-07-18 17:43:42'),
(171, 'placement', 27, 5, '2023-07-18 17:43:42', '2023-07-18 17:43:42'),
(172, 'comfort', 27, 5, '2023-07-18 17:43:42', '2023-07-18 17:43:42'),
(173, 'personal', 27, 5, '2023-07-18 17:43:42', '2023-07-18 17:43:42'),
(174, 'facilities', 27, 5, '2023-07-18 17:43:42', '2023-07-18 17:43:42'),
(175, 'food', 27, 5, '2023-07-18 17:43:42', '2023-07-18 17:43:42'),
(253, 'placement', 28, 1, '2023-07-19 16:20:34', '2023-07-19 16:20:34'),
(254, 'comfort', 28, 1, '2023-07-19 16:20:34', '2023-07-19 16:20:34'),
(255, 'cleaness', 28, 1, '2023-07-19 16:20:34', '2023-07-19 16:20:34'),
(256, 'PTC', 28, 1, '2023-07-19 16:20:34', '2023-07-19 16:20:34'),
(257, 'food', 28, 1, '2023-07-19 16:20:34', '2023-07-19 16:20:34'),
(258, 'personal', 28, 1, '2023-07-19 16:20:34', '2023-07-19 16:20:34'),
(259, 'facilities', 28, 1, '2023-07-19 16:20:34', '2023-07-19 16:20:34'),
(274, 'PTC', 30, 2, '2023-08-15 17:14:19', '2023-08-15 17:14:19'),
(275, 'comfort', 30, 3, '2023-08-15 17:14:19', '2023-08-15 17:14:19'),
(276, 'food', 30, 3, '2023-08-15 17:14:19', '2023-08-15 17:14:19'),
(277, 'cleaness', 30, 3, '2023-08-15 17:14:19', '2023-08-15 17:14:19'),
(278, 'personal', 30, 5, '2023-08-15 17:14:19', '2023-08-15 17:14:19'),
(279, 'facilities', 30, 2, '2023-08-15 17:14:19', '2023-08-15 17:14:19'),
(280, 'placement', 30, 3, '2023-08-15 17:14:19', '2023-08-15 17:14:19'),
(330, 'comfort', 38, 5, '2023-09-08 16:14:46', '2023-09-08 16:14:46'),
(331, 'facilities', 38, 5, '2023-09-08 16:14:46', '2023-09-08 16:14:46'),
(332, 'food', 38, 5, '2023-09-08 16:14:46', '2023-09-08 16:14:46'),
(333, 'PTC', 38, 5, '2023-09-08 16:14:46', '2023-09-08 16:14:46'),
(334, 'cleaness', 38, 5, '2023-09-08 16:14:46', '2023-09-08 16:14:46'),
(335, 'placement', 38, 5, '2023-09-08 16:14:46', '2023-09-08 16:14:46'),
(336, 'personal', 38, 5, '2023-09-08 16:14:46', '2023-09-08 16:14:46'),
(337, 'PTC', 39, 5, '2023-09-08 16:14:57', '2023-09-08 16:14:57'),
(338, 'cleaness', 39, 5, '2023-09-08 16:14:57', '2023-09-08 16:14:57'),
(339, 'food', 39, 5, '2023-09-08 16:14:57', '2023-09-08 16:14:57'),
(340, 'facilities', 39, 5, '2023-09-08 16:14:57', '2023-09-08 16:14:57'),
(341, 'comfort', 39, 5, '2023-09-08 16:14:57', '2023-09-08 16:14:57'),
(342, 'placement', 39, 5, '2023-09-08 16:14:57', '2023-09-08 16:14:57'),
(343, 'personal', 39, 5, '2023-09-08 16:14:57', '2023-09-08 16:14:57'),
(344, 'food', 40, 5, '2023-09-08 16:15:12', '2023-09-08 16:15:12'),
(345, 'cleaness', 40, 5, '2023-09-08 16:15:12', '2023-09-08 16:15:12'),
(346, 'PTC', 40, 5, '2023-09-08 16:15:12', '2023-09-08 16:15:12'),
(347, 'facilities', 40, 5, '2023-09-08 16:15:12', '2023-09-08 16:15:12'),
(348, 'comfort', 40, 5, '2023-09-08 16:15:12', '2023-09-08 16:15:12'),
(349, 'placement', 40, 5, '2023-09-08 16:15:12', '2023-09-08 16:15:12'),
(350, 'personal', 40, 5, '2023-09-08 16:15:12', '2023-09-08 16:15:12'),
(351, 'cleaness', 41, 5, '2023-09-08 16:15:22', '2023-09-08 16:15:22'),
(352, 'PTC', 41, 5, '2023-09-08 16:15:22', '2023-09-08 16:15:22'),
(353, 'food', 41, 5, '2023-09-08 16:15:22', '2023-09-08 16:15:22'),
(354, 'facilities', 41, 5, '2023-09-08 16:15:22', '2023-09-08 16:15:22'),
(355, 'comfort', 41, 5, '2023-09-08 16:15:22', '2023-09-08 16:15:22'),
(356, 'placement', 41, 5, '2023-09-08 16:15:22', '2023-09-08 16:15:22'),
(357, 'personal', 41, 5, '2023-09-08 16:15:22', '2023-09-08 16:15:22'),
(358, 'comfort', 42, 5, '2023-09-08 16:15:39', '2023-09-08 16:15:39'),
(359, 'facilities', 42, 5, '2023-09-08 16:15:39', '2023-09-08 16:15:39'),
(360, 'food', 42, 5, '2023-09-08 16:15:39', '2023-09-08 16:15:39'),
(361, 'PTC', 42, 5, '2023-09-08 16:15:39', '2023-09-08 16:15:39'),
(362, 'cleaness', 42, 5, '2023-09-08 16:15:39', '2023-09-08 16:15:39'),
(363, 'personal', 42, 5, '2023-09-08 16:15:39', '2023-09-08 16:15:39'),
(364, 'placement', 42, 5, '2023-09-08 16:15:39', '2023-09-08 16:15:39'),
(449, 'food', 55, 5, '2023-09-08 17:50:25', '2023-09-08 17:50:25'),
(450, 'PTC', 55, 5, '2023-09-08 17:50:25', '2023-09-08 17:50:25'),
(451, 'cleaness', 55, 5, '2023-09-08 17:50:25', '2023-09-08 17:50:25'),
(452, 'facilities', 55, 5, '2023-09-08 17:50:25', '2023-09-08 17:50:25'),
(453, 'comfort', 55, 5, '2023-09-08 17:50:25', '2023-09-08 17:50:25'),
(454, 'placement', 55, 5, '2023-09-08 17:50:25', '2023-09-08 17:50:25'),
(455, 'personal', 55, 5, '2023-09-08 17:50:25', '2023-09-08 17:50:25'),
(470, 'food', 57, 1, '2023-09-08 17:54:48', '2023-09-08 17:54:48'),
(471, 'placement', 57, 1, '2023-09-08 17:54:48', '2023-09-08 17:54:48'),
(472, 'personal', 57, 1, '2023-09-08 17:54:48', '2023-09-08 17:54:48'),
(473, 'comfort', 57, 1, '2023-09-08 17:54:48', '2023-09-08 17:54:48'),
(474, 'cleaness', 57, 1, '2023-09-08 17:54:48', '2023-09-08 17:54:48'),
(475, 'PTC', 57, 1, '2023-09-08 17:54:48', '2023-09-08 17:54:48'),
(476, 'facilities', 57, 1, '2023-09-08 17:54:48', '2023-09-08 17:54:48'),
(477, 'PTC', 58, 5, '2023-09-09 19:38:57', '2023-09-09 19:38:57'),
(478, 'food', 58, 4, '2023-09-09 19:38:57', '2023-09-09 19:38:57'),
(479, 'facilities', 58, 4, '2023-09-09 19:38:57', '2023-09-09 19:38:57'),
(480, 'comfort', 58, 3, '2023-09-09 19:38:57', '2023-09-09 19:38:57'),
(481, 'placement', 58, 4, '2023-09-09 19:38:57', '2023-09-09 19:38:57'),
(482, 'personal', 58, 3, '2023-09-09 19:38:57', '2023-09-09 19:38:57'),
(483, 'cleaness', 58, 3, '2023-09-09 19:38:57', '2023-09-09 19:38:57'),
(484, 'comfort', 59, 5, '2023-09-09 19:50:09', '2023-09-09 19:50:09'),
(485, 'cleaness', 59, 5, '2023-09-09 19:50:09', '2023-09-09 19:50:09'),
(486, 'food', 59, 5, '2023-09-09 19:50:09', '2023-09-09 19:50:09'),
(487, 'PTC', 59, 5, '2023-09-09 19:50:09', '2023-09-09 19:50:09'),
(488, 'facilities', 59, 5, '2023-09-09 19:50:09', '2023-09-09 19:50:09'),
(489, 'placement', 59, 5, '2023-09-09 19:50:09', '2023-09-09 19:50:09'),
(490, 'personal', 59, 5, '2023-09-09 19:50:09', '2023-09-09 19:50:09'),
(491, 'comfort', 60, 5, '2023-09-09 19:50:31', '2023-09-09 19:50:31'),
(492, 'facilities', 60, 5, '2023-09-09 19:50:31', '2023-09-09 19:50:31'),
(493, 'food', 60, 5, '2023-09-09 19:50:31', '2023-09-09 19:50:31'),
(494, 'PTC', 60, 5, '2023-09-09 19:50:31', '2023-09-09 19:50:31'),
(495, 'cleaness', 60, 5, '2023-09-09 19:50:31', '2023-09-09 19:50:31'),
(496, 'personal', 60, 5, '2023-09-09 19:50:31', '2023-09-09 19:50:31'),
(497, 'placement', 60, 5, '2023-09-09 19:50:31', '2023-09-09 19:50:31'),
(498, 'PTC', 61, 5, '2023-09-09 19:53:49', '2023-09-09 19:53:49'),
(499, 'food', 61, 5, '2023-09-09 19:53:49', '2023-09-09 19:53:49'),
(500, 'cleaness', 61, 5, '2023-09-09 19:53:49', '2023-09-09 19:53:49'),
(501, 'facilities', 61, 5, '2023-09-09 19:53:49', '2023-09-09 19:53:49'),
(502, 'comfort', 61, 5, '2023-09-09 19:53:49', '2023-09-09 19:53:49'),
(503, 'placement', 61, 5, '2023-09-09 19:53:49', '2023-09-09 19:53:49'),
(504, 'personal', 61, 5, '2023-09-09 19:53:49', '2023-09-09 19:53:49'),
(519, 'PTC', 63, 5, '2023-09-09 20:57:57', '2023-09-09 20:57:57'),
(520, 'cleaness', 63, 5, '2023-09-09 20:57:57', '2023-09-09 20:57:57'),
(521, 'food', 63, 5, '2023-09-09 20:57:57', '2023-09-09 20:57:57'),
(522, 'facilities', 63, 5, '2023-09-09 20:57:57', '2023-09-09 20:57:57'),
(523, 'comfort', 63, 5, '2023-09-09 20:57:57', '2023-09-09 20:57:57'),
(524, 'placement', 63, 5, '2023-09-09 20:57:57', '2023-09-09 20:57:57'),
(525, 'personal', 63, 5, '2023-09-09 20:57:57', '2023-09-09 20:57:57'),
(526, 'PTC', 64, 5, '2023-09-13 15:41:31', '2023-09-13 15:41:31'),
(527, 'cleaness', 64, 5, '2023-09-13 15:41:31', '2023-09-13 15:41:31'),
(528, 'food', 64, 5, '2023-09-13 15:41:31', '2023-09-13 15:41:31'),
(529, 'facilities', 64, 5, '2023-09-13 15:41:31', '2023-09-13 15:41:31'),
(530, 'comfort', 64, 5, '2023-09-13 15:41:31', '2023-09-13 15:41:31'),
(531, 'placement', 64, 5, '2023-09-13 15:41:31', '2023-09-13 15:41:31'),
(532, 'personal', 64, 5, '2023-09-13 15:41:31', '2023-09-13 15:41:31');

-- --------------------------------------------------------

--
-- Структура таблицы `vote_type`
--

CREATE TABLE `vote_type` (
  `id` bigint NOT NULL,
  `slug` varchar(50) CHARACTER SET utf8mb3 COLLATE utf8mb3_unicode_ci DEFAULT NULL,
  `title` varchar(50) CHARACTER SET utf8mb3 COLLATE utf8mb3_unicode_ci NOT NULL,
  `feedback_entity_type` varchar(20) CHARACTER SET utf8mb3 COLLATE utf8mb3_unicode_ci DEFAULT NULL,
  `section` varchar(150) CHARACTER SET utf8mb3 COLLATE utf8mb3_unicode_ci DEFAULT NULL,
  `slot_category_type` bigint UNSIGNED DEFAULT NULL,
  `description` text CHARACTER SET utf8mb3 COLLATE utf8mb3_unicode_ci
) ENGINE=InnoDB DEFAULT CHARSET=utf8mb3 COLLATE=utf8mb3_unicode_ci;

--
-- Дамп данных таблицы `vote_type`
--

INSERT INTO `vote_type` (`id`, `slug`, `title`, `feedback_entity_type`, `section`, `slot_category_type`, `description`) VALUES
(3, 'comfort', 'Комфорт', 'company', 'clinic', NULL, NULL),
(4, 'facilities', 'Удобства', 'company', 'clinic', NULL, NULL),
(5, 'food', 'Питание', 'company', 'clinic', NULL, NULL),
(6, 'PTC', 'Цена/Качество', 'company', 'clinic', NULL, NULL),
(7, 'cleaness', 'Чистота', 'company', 'clinic', NULL, NULL),
(8, 'personal', 'Персонал', 'company', 'clinic', NULL, NULL),
(9, 'placement', 'Расположение', 'company', 'clinic', NULL, NULL);

--
-- Индексы сохранённых таблиц
--

--
-- Индексы таблицы `birthtype`
--
ALTER TABLE `birthtype`
  ADD PRIMARY KEY (`id`),
  ADD KEY `image_id` (`image_id`);

--
-- Индексы таблицы `bot_messages`
--
ALTER TABLE `bot_messages`
  ADD UNIQUE KEY `id` (`id`),
  ADD KEY `type` (`type`),
  ADD KEY `status` (`status`);

--
-- Индексы таблицы `bot_messages_status_type`
--
ALTER TABLE `bot_messages_status_type`
  ADD PRIMARY KEY (`id`),
  ADD UNIQUE KEY `id` (`id`),
  ADD UNIQUE KEY `slug` (`slug`);

--
-- Индексы таблицы `bot_messages_type_type`
--
ALTER TABLE `bot_messages_type_type`
  ADD PRIMARY KEY (`id`),
  ADD UNIQUE KEY `id` (`id`),
  ADD UNIQUE KEY `slug` (`slug`);

--
-- Индексы таблицы `clinics`
--
ALTER TABLE `clinics`
  ADD PRIMARY KEY (`id`),
  ADD KEY `ref` (`contragent`);

--
-- Индексы таблицы `clinic_specialities_containers`
--
ALTER TABLE `clinic_specialities_containers`
  ADD PRIMARY KEY (`id`);

--
-- Индексы таблицы `clinic_specialities_containers_repo`
--
ALTER TABLE `clinic_specialities_containers_repo`
  ADD PRIMARY KEY (`id`),
  ADD UNIQUE KEY `id` (`id`);

--
-- Индексы таблицы `clinic_specialities_type`
--
ALTER TABLE `clinic_specialities_type`
  ADD PRIMARY KEY (`id`);

--
-- Индексы таблицы `comments`
--
ALTER TABLE `comments`
  ADD PRIMARY KEY (`id`),
  ADD UNIQUE KEY `id` (`id`),
  ADD KEY `user_id` (`user_id`),
  ADD KEY `comment_id` (`comment_id`),
  ADD KEY `type` (`type`),
  ADD KEY `comments_ibfk_1` (`feedback_id`),
  ADD KEY `status` (`status`);

--
-- Индексы таблицы `comment_status_type`
--
ALTER TABLE `comment_status_type`
  ADD PRIMARY KEY (`id`),
  ADD UNIQUE KEY `id` (`id`),
  ADD UNIQUE KEY `slug` (`slug`);

--
-- Индексы таблицы `comment_type`
--
ALTER TABLE `comment_type`
  ADD PRIMARY KEY (`id`),
  ADD UNIQUE KEY `id` (`id`),
  ADD UNIQUE KEY `slug` (`slug`);

--
-- Индексы таблицы `consultation`
--
ALTER TABLE `consultation`
  ADD PRIMARY KEY (`id`),
  ADD KEY `ref` (`contragent`);

--
-- Индексы таблицы `contragents`
--
ALTER TABLE `contragents`
  ADD PRIMARY KEY (`id`),
  ADD KEY `image_id` (`image_id`);

--
-- Индексы таблицы `dislikes`
--
ALTER TABLE `dislikes`
  ADD PRIMARY KEY (`id`),
  ADD UNIQUE KEY `id` (`id`),
  ADD KEY `user_id` (`user_id`),
  ADD KEY `feedback_id` (`target_id`),
  ADD KEY `target_type` (`target_type`),
  ADD KEY `status` (`status`);

--
-- Индексы таблицы `districts`
--
ALTER TABLE `districts`
  ADD PRIMARY KEY (`id`),
  ADD UNIQUE KEY `id` (`id`);

--
-- Индексы таблицы `doctors`
--
ALTER TABLE `doctors`
  ADD PRIMARY KEY (`id`),
  ADD KEY `category` (`category`),
  ADD KEY `position` (`position`),
  ADD KEY `image_id` (`image_id`);

--
-- Индексы таблицы `doctor_category_type`
--
ALTER TABLE `doctor_category_type`
  ADD PRIMARY KEY (`id`);

--
-- Индексы таблицы `doctor_position_type`
--
ALTER TABLE `doctor_position_type`
  ADD PRIMARY KEY (`id`);

--
-- Индексы таблицы `entity_type`
--
ALTER TABLE `entity_type`
  ADD PRIMARY KEY (`id`),
  ADD UNIQUE KEY `id` (`id`);

--
-- Индексы таблицы `facilities_containers`
--
ALTER TABLE `facilities_containers`
  ADD PRIMARY KEY (`id`);

--
-- Индексы таблицы `facilities_containers_repo`
--
ALTER TABLE `facilities_containers_repo`
  ADD PRIMARY KEY (`id`),
  ADD UNIQUE KEY `id` (`id`);

--
-- Индексы таблицы `facilities_type`
--
ALTER TABLE `facilities_type`
  ADD PRIMARY KEY (`id`);

--
-- Индексы таблицы `feedback`
--
ALTER TABLE `feedback`
  ADD PRIMARY KEY (`id`),
  ADD UNIQUE KEY `id` (`id`),
  ADD KEY `section` (`section`),
  ADD KEY `status` (`status`),
  ADD KEY `user_id` (`user_id`);

--
-- Индексы таблицы `feedback_entity_type`
--
ALTER TABLE `feedback_entity_type`
  ADD PRIMARY KEY (`id`),
  ADD UNIQUE KEY `id` (`id`),
  ADD UNIQUE KEY `slug` (`slug`);

--
-- Индексы таблицы `feedback_rate`
--
ALTER TABLE `feedback_rate`
  ADD KEY `entity_key` (`entity_key`),
  ADD KEY `entity_id` (`entity_id`);

--
-- Индексы таблицы `feedback_status_type`
--
ALTER TABLE `feedback_status_type`
  ADD PRIMARY KEY (`id`),
  ADD UNIQUE KEY `id` (`id`),
  ADD UNIQUE KEY `slug` (`slug`);

--
-- Индексы таблицы `files`
--
ALTER TABLE `files`
  ADD PRIMARY KEY (`id`),
  ADD UNIQUE KEY `id` (`id`);

--
-- Индексы таблицы `images`
--
ALTER TABLE `images`
  ADD UNIQUE KEY `id` (`id`),
  ADD KEY `file_id` (`file_id`);

--
-- Индексы таблицы `likes`
--
ALTER TABLE `likes`
  ADD PRIMARY KEY (`id`),
  ADD UNIQUE KEY `id` (`id`),
  ADD KEY `user_id` (`user_id`),
  ADD KEY `feedback_id` (`target_id`),
  ADD KEY `target_type` (`target_type`),
  ADD KEY `status` (`status`);

--
-- Индексы таблицы `like_type`
--
ALTER TABLE `like_type`
  ADD PRIMARY KEY (`id`),
  ADD UNIQUE KEY `id` (`id`),
  ADD UNIQUE KEY `slug` (`slug`);

--
-- Индексы таблицы `lk_permissions`
--
ALTER TABLE `lk_permissions`
  ADD PRIMARY KEY (`id`),
  ADD UNIQUE KEY `id` (`id`),
  ADD KEY `user_id` (`user_id`),
  ADD KEY `permission_id` (`permission_id`);

--
-- Индексы таблицы `lk_permission_type`
--
ALTER TABLE `lk_permission_type`
  ADD PRIMARY KEY (`id`);

--
-- Индексы таблицы `orders`
--
ALTER TABLE `orders`
  ADD PRIMARY KEY (`id`),
  ADD UNIQUE KEY `id` (`id`),
  ADD KEY `user_id` (`user_id`),
  ADD KEY `refferer` (`refferer`),
  ADD KEY `status` (`status`),
  ADD KEY `session_id` (`session_id`);

--
-- Индексы таблицы `order_contacts`
--
ALTER TABLE `order_contacts`
  ADD PRIMARY KEY (`id`);

--
-- Индексы таблицы `order_status_type`
--
ALTER TABLE `order_status_type`
  ADD UNIQUE KEY `slug` (`slug`);

--
-- Индексы таблицы `phones`
--
ALTER TABLE `phones`
  ADD PRIMARY KEY (`id`),
  ADD UNIQUE KEY `id` (`id`),
  ADD KEY `section` (`section`);

--
-- Индексы таблицы `phones_containers_repo`
--
ALTER TABLE `phones_containers_repo`
  ADD PRIMARY KEY (`id`),
  ADD UNIQUE KEY `id` (`id`);

--
-- Индексы таблицы `phone_containers`
--
ALTER TABLE `phone_containers`
  ADD PRIMARY KEY (`id`);

--
-- Индексы таблицы `roles`
--
ALTER TABLE `roles`
  ADD PRIMARY KEY (`id`),
  ADD UNIQUE KEY `id` (`id`),
  ADD UNIQUE KEY `slug` (`slug`);

--
-- Индексы таблицы `search`
--
ALTER TABLE `search`
  ADD UNIQUE KEY `hash` (`hash`);

--
-- Индексы таблицы `section_type`
--
ALTER TABLE `section_type`
  ADD UNIQUE KEY `id` (`id`),
  ADD UNIQUE KEY `slug` (`slug`);

--
-- Индексы таблицы `services`
--
ALTER TABLE `services`
  ADD PRIMARY KEY (`id`),
  ADD KEY `slot_category_type` (`slot_category_type`),
  ADD KEY `image_id` (`image_id`);

--
-- Индексы таблицы `services_containers_repo`
--
ALTER TABLE `services_containers_repo`
  ADD PRIMARY KEY (`id`),
  ADD UNIQUE KEY `id` (`id`);

--
-- Индексы таблицы `service_containers`
--
ALTER TABLE `service_containers`
  ADD PRIMARY KEY (`id`),
  ADD UNIQUE KEY `id` (`id`);

--
-- Индексы таблицы `service_slot`
--
ALTER TABLE `service_slot`
  ADD PRIMARY KEY (`id`),
  ADD UNIQUE KEY `id` (`id`),
  ADD KEY `entity_type` (`entity_type`),
  ADD KEY `slot_category_type` (`slot_category_type`),
  ADD KEY `service_id` (`service_id`),
  ADD KEY `image_id` (`image_id`),
  ADD KEY `section` (`section`),
  ADD KEY `contragent_id` (`contragent_id`);

--
-- Индексы таблицы `sessions`
--
ALTER TABLE `sessions`
  ADD PRIMARY KEY (`id`),
  ADD UNIQUE KEY `id` (`id`),
  ADD KEY `user_id` (`user_id`);

--
-- Индексы таблицы `slot_category_type`
--
ALTER TABLE `slot_category_type`
  ADD PRIMARY KEY (`id`);

--
-- Индексы таблицы `telegram_subscribes`
--
ALTER TABLE `telegram_subscribes`
  ADD UNIQUE KEY `id` (`id`);

--
-- Индексы таблицы `trimester`
--
ALTER TABLE `trimester`
  ADD PRIMARY KEY (`id`);

--
-- Индексы таблицы `users`
--
ALTER TABLE `users`
  ADD PRIMARY KEY (`id`),
  ADD UNIQUE KEY `id` (`id`),
  ADD KEY `role` (`role`),
  ADD KEY `photo_id` (`photo_id`);

--
-- Индексы таблицы `user_status_type`
--
ALTER TABLE `user_status_type`
  ADD PRIMARY KEY (`id`);

--
-- Индексы таблицы `votes`
--
ALTER TABLE `votes`
  ADD PRIMARY KEY (`id`),
  ADD UNIQUE KEY `id` (`id`),
  ADD KEY `votes_ibfk_1` (`feedback_id`),
  ADD KEY `votes_ibfk_2` (`vote_slug`);

--
-- Индексы таблицы `vote_type`
--
ALTER TABLE `vote_type`
  ADD PRIMARY KEY (`id`),
  ADD UNIQUE KEY `slug` (`slug`),
  ADD KEY `section` (`section`),
  ADD KEY `slot_category_type` (`slot_category_type`),
  ADD KEY `feedback_entity_type` (`feedback_entity_type`);

--
-- AUTO_INCREMENT для сохранённых таблиц
--

--
-- AUTO_INCREMENT для таблицы `birthtype`
--
ALTER TABLE `birthtype`
  MODIFY `id` int NOT NULL AUTO_INCREMENT, AUTO_INCREMENT=8;

--
-- AUTO_INCREMENT для таблицы `bot_messages`
--
ALTER TABLE `bot_messages`
  MODIFY `id` bigint UNSIGNED NOT NULL AUTO_INCREMENT, AUTO_INCREMENT=5;

--
-- AUTO_INCREMENT для таблицы `bot_messages_status_type`
--
ALTER TABLE `bot_messages_status_type`
  MODIFY `id` bigint UNSIGNED NOT NULL AUTO_INCREMENT, AUTO_INCREMENT=7;

--
-- AUTO_INCREMENT для таблицы `bot_messages_type_type`
--
ALTER TABLE `bot_messages_type_type`
  MODIFY `id` bigint UNSIGNED NOT NULL AUTO_INCREMENT, AUTO_INCREMENT=2;

--
-- AUTO_INCREMENT для таблицы `clinics`
--
ALTER TABLE `clinics`
  MODIFY `id` int NOT NULL AUTO_INCREMENT, AUTO_INCREMENT=37;

--
-- AUTO_INCREMENT для таблицы `clinic_specialities_containers`
--
ALTER TABLE `clinic_specialities_containers`
  MODIFY `id` int NOT NULL AUTO_INCREMENT, AUTO_INCREMENT=7;

--
-- AUTO_INCREMENT для таблицы `clinic_specialities_containers_repo`
--
ALTER TABLE `clinic_specialities_containers_repo`
  MODIFY `id` bigint UNSIGNED NOT NULL AUTO_INCREMENT, AUTO_INCREMENT=2;

--
-- AUTO_INCREMENT для таблицы `clinic_specialities_type`
--
ALTER TABLE `clinic_specialities_type`
  MODIFY `id` int NOT NULL AUTO_INCREMENT, AUTO_INCREMENT=7;

--
-- AUTO_INCREMENT для таблицы `comments`
--
ALTER TABLE `comments`
  MODIFY `id` bigint UNSIGNED NOT NULL AUTO_INCREMENT, AUTO_INCREMENT=28;

--
-- AUTO_INCREMENT для таблицы `comment_status_type`
--
ALTER TABLE `comment_status_type`
  MODIFY `id` bigint UNSIGNED NOT NULL AUTO_INCREMENT, AUTO_INCREMENT=9;

--
-- AUTO_INCREMENT для таблицы `comment_type`
--
ALTER TABLE `comment_type`
  MODIFY `id` bigint UNSIGNED NOT NULL AUTO_INCREMENT, AUTO_INCREMENT=4;

--
-- AUTO_INCREMENT для таблицы `consultation`
--
ALTER TABLE `consultation`
  MODIFY `id` int NOT NULL AUTO_INCREMENT, AUTO_INCREMENT=43;

--
-- AUTO_INCREMENT для таблицы `contragents`
--
ALTER TABLE `contragents`
  MODIFY `id` bigint UNSIGNED NOT NULL AUTO_INCREMENT, AUTO_INCREMENT=62;

--
-- AUTO_INCREMENT для таблицы `dislikes`
--
ALTER TABLE `dislikes`
  MODIFY `id` bigint UNSIGNED NOT NULL AUTO_INCREMENT, AUTO_INCREMENT=32;

--
-- AUTO_INCREMENT для таблицы `districts`
--
ALTER TABLE `districts`
  MODIFY `id` bigint UNSIGNED NOT NULL AUTO_INCREMENT, AUTO_INCREMENT=10;

--
-- AUTO_INCREMENT для таблицы `doctors`
--
ALTER TABLE `doctors`
  MODIFY `id` int NOT NULL AUTO_INCREMENT, AUTO_INCREMENT=103;

--
-- AUTO_INCREMENT для таблицы `doctor_category_type`
--
ALTER TABLE `doctor_category_type`
  MODIFY `id` bigint UNSIGNED NOT NULL AUTO_INCREMENT, AUTO_INCREMENT=9;

--
-- AUTO_INCREMENT для таблицы `doctor_position_type`
--
ALTER TABLE `doctor_position_type`
  MODIFY `id` bigint UNSIGNED NOT NULL AUTO_INCREMENT, AUTO_INCREMENT=6;

--
-- AUTO_INCREMENT для таблицы `entity_type`
--
ALTER TABLE `entity_type`
  MODIFY `id` bigint UNSIGNED NOT NULL AUTO_INCREMENT, AUTO_INCREMENT=3;

--
-- AUTO_INCREMENT для таблицы `facilities_containers`
--
ALTER TABLE `facilities_containers`
  MODIFY `id` int NOT NULL AUTO_INCREMENT, AUTO_INCREMENT=157;

--
-- AUTO_INCREMENT для таблицы `facilities_containers_repo`
--
ALTER TABLE `facilities_containers_repo`
  MODIFY `id` bigint UNSIGNED NOT NULL AUTO_INCREMENT, AUTO_INCREMENT=6;

--
-- AUTO_INCREMENT для таблицы `facilities_type`
--
ALTER TABLE `facilities_type`
  MODIFY `id` int NOT NULL AUTO_INCREMENT, AUTO_INCREMENT=20;

--
-- AUTO_INCREMENT для таблицы `feedback`
--
ALTER TABLE `feedback`
  MODIFY `id` bigint UNSIGNED NOT NULL AUTO_INCREMENT, AUTO_INCREMENT=65;

--
-- AUTO_INCREMENT для таблицы `feedback_entity_type`
--
ALTER TABLE `feedback_entity_type`
  MODIFY `id` bigint UNSIGNED NOT NULL AUTO_INCREMENT, AUTO_INCREMENT=4;

--
-- AUTO_INCREMENT для таблицы `feedback_status_type`
--
ALTER TABLE `feedback_status_type`
  MODIFY `id` bigint UNSIGNED NOT NULL AUTO_INCREMENT, AUTO_INCREMENT=8;

--
-- AUTO_INCREMENT для таблицы `files`
--
ALTER TABLE `files`
  MODIFY `id` bigint UNSIGNED NOT NULL AUTO_INCREMENT, AUTO_INCREMENT=191;

--
-- AUTO_INCREMENT для таблицы `images`
--
ALTER TABLE `images`
  MODIFY `id` bigint UNSIGNED NOT NULL AUTO_INCREMENT, AUTO_INCREMENT=191;

--
-- AUTO_INCREMENT для таблицы `likes`
--
ALTER TABLE `likes`
  MODIFY `id` bigint UNSIGNED NOT NULL AUTO_INCREMENT, AUTO_INCREMENT=38;

--
-- AUTO_INCREMENT для таблицы `like_type`
--
ALTER TABLE `like_type`
  MODIFY `id` bigint UNSIGNED NOT NULL AUTO_INCREMENT, AUTO_INCREMENT=3;

--
-- AUTO_INCREMENT для таблицы `lk_permissions`
--
ALTER TABLE `lk_permissions`
  MODIFY `id` bigint UNSIGNED NOT NULL AUTO_INCREMENT, AUTO_INCREMENT=11;

--
-- AUTO_INCREMENT для таблицы `lk_permission_type`
--
ALTER TABLE `lk_permission_type`
  MODIFY `id` bigint UNSIGNED NOT NULL AUTO_INCREMENT, AUTO_INCREMENT=4;

--
-- AUTO_INCREMENT для таблицы `orders`
--
ALTER TABLE `orders`
  MODIFY `id` bigint UNSIGNED NOT NULL AUTO_INCREMENT, AUTO_INCREMENT=80;

--
-- AUTO_INCREMENT для таблицы `order_contacts`
--
ALTER TABLE `order_contacts`
  MODIFY `id` bigint UNSIGNED NOT NULL AUTO_INCREMENT, AUTO_INCREMENT=2;

--
-- AUTO_INCREMENT для таблицы `phones`
--
ALTER TABLE `phones`
  MODIFY `id` bigint UNSIGNED NOT NULL AUTO_INCREMENT, AUTO_INCREMENT=14;

--
-- AUTO_INCREMENT для таблицы `phones_containers_repo`
--
ALTER TABLE `phones_containers_repo`
  MODIFY `id` bigint UNSIGNED NOT NULL AUTO_INCREMENT, AUTO_INCREMENT=21;

--
-- AUTO_INCREMENT для таблицы `phone_containers`
--
ALTER TABLE `phone_containers`
  MODIFY `id` int NOT NULL AUTO_INCREMENT, AUTO_INCREMENT=132;

--
-- AUTO_INCREMENT для таблицы `roles`
--
ALTER TABLE `roles`
  MODIFY `id` bigint UNSIGNED NOT NULL AUTO_INCREMENT, AUTO_INCREMENT=8;

--
-- AUTO_INCREMENT для таблицы `section_type`
--
ALTER TABLE `section_type`
  MODIFY `id` bigint NOT NULL AUTO_INCREMENT, AUTO_INCREMENT=3;

--
-- AUTO_INCREMENT для таблицы `services`
--
ALTER TABLE `services`
  MODIFY `id` int NOT NULL AUTO_INCREMENT, AUTO_INCREMENT=30;

--
-- AUTO_INCREMENT для таблицы `services_containers_repo`
--
ALTER TABLE `services_containers_repo`
  MODIFY `id` bigint UNSIGNED NOT NULL AUTO_INCREMENT, AUTO_INCREMENT=5;

--
-- AUTO_INCREMENT для таблицы `service_containers`
--
ALTER TABLE `service_containers`
  MODIFY `id` bigint UNSIGNED NOT NULL AUTO_INCREMENT, AUTO_INCREMENT=15;

--
-- AUTO_INCREMENT для таблицы `service_slot`
--
ALTER TABLE `service_slot`
  MODIFY `id` bigint UNSIGNED NOT NULL AUTO_INCREMENT, AUTO_INCREMENT=493;

--
-- AUTO_INCREMENT для таблицы `sessions`
--
ALTER TABLE `sessions`
  MODIFY `id` bigint UNSIGNED NOT NULL AUTO_INCREMENT, AUTO_INCREMENT=2032;

--
-- AUTO_INCREMENT для таблицы `slot_category_type`
--
ALTER TABLE `slot_category_type`
  MODIFY `id` bigint UNSIGNED NOT NULL AUTO_INCREMENT, AUTO_INCREMENT=9;

--
-- AUTO_INCREMENT для таблицы `telegram_subscribes`
--
ALTER TABLE `telegram_subscribes`
  MODIFY `id` bigint UNSIGNED NOT NULL AUTO_INCREMENT;

--
-- AUTO_INCREMENT для таблицы `trimester`
--
ALTER TABLE `trimester`
  MODIFY `id` int NOT NULL AUTO_INCREMENT, AUTO_INCREMENT=4;

--
-- AUTO_INCREMENT для таблицы `users`
--
ALTER TABLE `users`
  MODIFY `id` bigint UNSIGNED NOT NULL AUTO_INCREMENT COMMENT 'id', AUTO_INCREMENT=22;

--
-- AUTO_INCREMENT для таблицы `user_status_type`
--
ALTER TABLE `user_status_type`
  MODIFY `id` bigint UNSIGNED NOT NULL AUTO_INCREMENT, AUTO_INCREMENT=5;

--
-- AUTO_INCREMENT для таблицы `votes`
--
ALTER TABLE `votes`
  MODIFY `id` bigint UNSIGNED NOT NULL AUTO_INCREMENT, AUTO_INCREMENT=533;

--
-- AUTO_INCREMENT для таблицы `vote_type`
--
ALTER TABLE `vote_type`
  MODIFY `id` bigint NOT NULL AUTO_INCREMENT, AUTO_INCREMENT=10;

--
-- Ограничения внешнего ключа сохраненных таблиц
--

--
-- Ограничения внешнего ключа таблицы `birthtype`
--
ALTER TABLE `birthtype`
  ADD CONSTRAINT `birthtype_ibfk_1` FOREIGN KEY (`image_id`) REFERENCES `images` (`id`) ON DELETE RESTRICT ON UPDATE RESTRICT;

--
-- Ограничения внешнего ключа таблицы `bot_messages`
--
ALTER TABLE `bot_messages`
  ADD CONSTRAINT `bot_messages_ibfk_1` FOREIGN KEY (`type`) REFERENCES `bot_messages_type_type` (`slug`) ON DELETE RESTRICT ON UPDATE RESTRICT,
  ADD CONSTRAINT `bot_messages_ibfk_2` FOREIGN KEY (`status`) REFERENCES `bot_messages_status_type` (`slug`) ON DELETE RESTRICT ON UPDATE RESTRICT;

--
-- Ограничения внешнего ключа таблицы `clinics`
--
ALTER TABLE `clinics`
  ADD CONSTRAINT `clinics_ibfk_1` FOREIGN KEY (`contragent`) REFERENCES `contragents` (`id`) ON DELETE RESTRICT ON UPDATE RESTRICT;

--
-- Ограничения внешнего ключа таблицы `comments`
--
ALTER TABLE `comments`
  ADD CONSTRAINT `comments_ibfk_1` FOREIGN KEY (`feedback_id`) REFERENCES `feedback` (`id`) ON DELETE CASCADE ON UPDATE CASCADE,
  ADD CONSTRAINT `comments_ibfk_2` FOREIGN KEY (`user_id`) REFERENCES `users` (`id`) ON DELETE RESTRICT ON UPDATE RESTRICT,
  ADD CONSTRAINT `comments_ibfk_3` FOREIGN KEY (`comment_id`) REFERENCES `comments` (`id`) ON DELETE RESTRICT ON UPDATE RESTRICT,
  ADD CONSTRAINT `comments_ibfk_5` FOREIGN KEY (`type`) REFERENCES `comment_type` (`slug`) ON DELETE RESTRICT ON UPDATE RESTRICT,
  ADD CONSTRAINT `comments_ibfk_6` FOREIGN KEY (`status`) REFERENCES `comment_status_type` (`slug`) ON DELETE RESTRICT ON UPDATE RESTRICT;

--
-- Ограничения внешнего ключа таблицы `dislikes`
--
ALTER TABLE `dislikes`
  ADD CONSTRAINT `dislikes_ibfk_1` FOREIGN KEY (`user_id`) REFERENCES `users` (`id`) ON DELETE RESTRICT ON UPDATE RESTRICT,
  ADD CONSTRAINT `dislikes_ibfk_2` FOREIGN KEY (`target_type`) REFERENCES `like_type` (`slug`) ON DELETE RESTRICT ON UPDATE RESTRICT;

--
-- Ограничения внешнего ключа таблицы `doctors`
--
ALTER TABLE `doctors`
  ADD CONSTRAINT `doctors_ibfk_1` FOREIGN KEY (`category`) REFERENCES `doctor_category_type` (`id`) ON DELETE RESTRICT ON UPDATE RESTRICT,
  ADD CONSTRAINT `doctors_ibfk_2` FOREIGN KEY (`position`) REFERENCES `doctor_position_type` (`id`) ON DELETE RESTRICT ON UPDATE RESTRICT,
  ADD CONSTRAINT `doctors_ibfk_3` FOREIGN KEY (`image_id`) REFERENCES `images` (`id`) ON DELETE RESTRICT ON UPDATE RESTRICT;

--
-- Ограничения внешнего ключа таблицы `feedback`
--
ALTER TABLE `feedback`
  ADD CONSTRAINT `feedback_ibfk_1` FOREIGN KEY (`section`) REFERENCES `section_type` (`slug`) ON DELETE CASCADE ON UPDATE CASCADE,
  ADD CONSTRAINT `feedback_ibfk_2` FOREIGN KEY (`status`) REFERENCES `feedback_status_type` (`slug`) ON DELETE CASCADE ON UPDATE CASCADE,
  ADD CONSTRAINT `feedback_ibfk_3` FOREIGN KEY (`user_id`) REFERENCES `users` (`id`) ON DELETE CASCADE ON UPDATE CASCADE;

--
-- Ограничения внешнего ключа таблицы `images`
--
ALTER TABLE `images`
  ADD CONSTRAINT `images_ibfk_1` FOREIGN KEY (`file_id`) REFERENCES `files` (`id`) ON DELETE RESTRICT ON UPDATE RESTRICT;

--
-- Ограничения внешнего ключа таблицы `likes`
--
ALTER TABLE `likes`
  ADD CONSTRAINT `likes_ibfk_1` FOREIGN KEY (`user_id`) REFERENCES `users` (`id`) ON DELETE RESTRICT ON UPDATE RESTRICT,
  ADD CONSTRAINT `likes_ibfk_2` FOREIGN KEY (`target_type`) REFERENCES `like_type` (`slug`) ON DELETE RESTRICT ON UPDATE RESTRICT;

--
-- Ограничения внешнего ключа таблицы `lk_permissions`
--
ALTER TABLE `lk_permissions`
  ADD CONSTRAINT `lk_permissions_ibfk_1` FOREIGN KEY (`user_id`) REFERENCES `users` (`id`) ON DELETE RESTRICT ON UPDATE RESTRICT,
  ADD CONSTRAINT `lk_permissions_ibfk_2` FOREIGN KEY (`permission_id`) REFERENCES `lk_permission_type` (`id`) ON DELETE RESTRICT ON UPDATE RESTRICT;

--
-- Ограничения внешнего ключа таблицы `orders`
--
ALTER TABLE `orders`
  ADD CONSTRAINT `orders_ibfk_1` FOREIGN KEY (`user_id`) REFERENCES `users` (`id`) ON DELETE RESTRICT ON UPDATE RESTRICT,
  ADD CONSTRAINT `orders_ibfk_2` FOREIGN KEY (`refferer`) REFERENCES `users` (`id`) ON DELETE RESTRICT ON UPDATE RESTRICT,
  ADD CONSTRAINT `orders_ibfk_3` FOREIGN KEY (`status`) REFERENCES `order_status_type` (`slug`) ON DELETE RESTRICT ON UPDATE RESTRICT,
  ADD CONSTRAINT `orders_ibfk_4` FOREIGN KEY (`session_id`) REFERENCES `sessions` (`id`) ON DELETE RESTRICT ON UPDATE RESTRICT;

--
-- Ограничения внешнего ключа таблицы `phones`
--
ALTER TABLE `phones`
  ADD CONSTRAINT `phones_ibfk_1` FOREIGN KEY (`section`) REFERENCES `section_type` (`slug`) ON DELETE RESTRICT ON UPDATE RESTRICT;

--
-- Ограничения внешнего ключа таблицы `services`
--
ALTER TABLE `services`
  ADD CONSTRAINT `services_ibfk_1` FOREIGN KEY (`slot_category_type`) REFERENCES `slot_category_type` (`id`) ON DELETE RESTRICT ON UPDATE RESTRICT,
  ADD CONSTRAINT `services_ibfk_2` FOREIGN KEY (`image_id`) REFERENCES `images` (`id`) ON DELETE RESTRICT ON UPDATE RESTRICT;

--
-- Ограничения внешнего ключа таблицы `service_slot`
--
ALTER TABLE `service_slot`
  ADD CONSTRAINT `service_slot_ibfk_1` FOREIGN KEY (`entity_type`) REFERENCES `entity_type` (`id`) ON DELETE RESTRICT ON UPDATE RESTRICT,
  ADD CONSTRAINT `service_slot_ibfk_2` FOREIGN KEY (`slot_category_type`) REFERENCES `slot_category_type` (`id`) ON DELETE RESTRICT ON UPDATE RESTRICT,
  ADD CONSTRAINT `service_slot_ibfk_3` FOREIGN KEY (`image_id`) REFERENCES `images` (`id`) ON DELETE RESTRICT ON UPDATE RESTRICT,
  ADD CONSTRAINT `service_slot_ibfk_4` FOREIGN KEY (`section`) REFERENCES `section_type` (`slug`) ON DELETE RESTRICT ON UPDATE RESTRICT,
  ADD CONSTRAINT `service_slot_ibfk_5` FOREIGN KEY (`contragent_id`) REFERENCES `contragents` (`id`) ON DELETE RESTRICT ON UPDATE RESTRICT;

--
-- Ограничения внешнего ключа таблицы `sessions`
--
ALTER TABLE `sessions`
  ADD CONSTRAINT `sessions_ibfk_1` FOREIGN KEY (`user_id`) REFERENCES `users` (`id`) ON DELETE RESTRICT ON UPDATE RESTRICT;

--
-- Ограничения внешнего ключа таблицы `users`
--
ALTER TABLE `users`
  ADD CONSTRAINT `users_ibfk_1` FOREIGN KEY (`role`) REFERENCES `roles` (`id`) ON DELETE RESTRICT ON UPDATE RESTRICT,
  ADD CONSTRAINT `users_ibfk_2` FOREIGN KEY (`photo_id`) REFERENCES `images` (`id`) ON DELETE RESTRICT ON UPDATE RESTRICT;

--
-- Ограничения внешнего ключа таблицы `votes`
--
ALTER TABLE `votes`
  ADD CONSTRAINT `votes_ibfk_1` FOREIGN KEY (`feedback_id`) REFERENCES `feedback` (`id`) ON DELETE CASCADE ON UPDATE CASCADE,
  ADD CONSTRAINT `votes_ibfk_2` FOREIGN KEY (`vote_slug`) REFERENCES `vote_type` (`slug`) ON DELETE CASCADE ON UPDATE CASCADE;

--
-- Ограничения внешнего ключа таблицы `vote_type`
--
ALTER TABLE `vote_type`
  ADD CONSTRAINT `vote_type_ibfk_1` FOREIGN KEY (`section`) REFERENCES `section_type` (`slug`) ON DELETE SET NULL ON UPDATE SET NULL,
  ADD CONSTRAINT `vote_type_ibfk_2` FOREIGN KEY (`slot_category_type`) REFERENCES `slot_category_type` (`id`) ON DELETE SET NULL ON UPDATE SET NULL,
  ADD CONSTRAINT `vote_type_ibfk_3` FOREIGN KEY (`feedback_entity_type`) REFERENCES `feedback_entity_type` (`slug`) ON DELETE SET NULL ON UPDATE SET NULL;
COMMIT;

/*!40101 SET CHARACTER_SET_CLIENT=@OLD_CHARACTER_SET_CLIENT */;
/*!40101 SET CHARACTER_SET_RESULTS=@OLD_CHARACTER_SET_RESULTS */;
/*!40101 SET COLLATION_CONNECTION=@OLD_COLLATION_CONNECTION */;
