-- phpMyAdmin SQL Dump
-- version 5.1.3
-- https://www.phpmyadmin.net/
--
-- Хост: 185.178.46.248
-- Время создания: Май 10 2022 г., 09:17
-- Версия сервера: 8.0.29-0ubuntu0.20.04.3
-- Версия PHP: 8.0.16

SET SQL_MODE = "NO_AUTO_VALUE_ON_ZERO";
START TRANSACTION;
SET time_zone = "+00:00";


/*!40101 SET @OLD_CHARACTER_SET_CLIENT=@@CHARACTER_SET_CLIENT */;
/*!40101 SET @OLD_CHARACTER_SET_RESULTS=@@CHARACTER_SET_RESULTS */;
/*!40101 SET @OLD_COLLATION_CONNECTION=@@COLLATION_CONNECTION */;
/*!40101 SET NAMES utf8mb4 */;

--
-- База данных: `birthhelper`
--

-- --------------------------------------------------------

--
-- Структура таблицы `birthtype`
--

CREATE TABLE `birthtype` (
  `id` int NOT NULL,
  `icon` varchar(50) COLLATE utf8_unicode_ci DEFAULT NULL,
  `title` varchar(50) COLLATE utf8_unicode_ci DEFAULT NULL,
  `description` text COLLATE utf8_unicode_ci,
  `description_ext1` text COLLATE utf8_unicode_ci,
  `description_ext2` text COLLATE utf8_unicode_ci,
  `advantage` text COLLATE utf8_unicode_ci,
  `lack` text COLLATE utf8_unicode_ci,
  `motivator` varchar(150) COLLATE utf8_unicode_ci DEFAULT NULL,
  `bg_color` varchar(10) COLLATE utf8_unicode_ci DEFAULT NULL,
  `image_id` bigint UNSIGNED DEFAULT NULL
) ENGINE=InnoDB DEFAULT CHARSET=utf8mb3 COLLATE=utf8_unicode_ci COMMENT='Виды родов';

--
-- Дамп данных таблицы `birthtype`
--

INSERT INTO `birthtype` (`id`, `icon`, `title`, `description`, `description_ext1`, `description_ext2`, `advantage`, `lack`, `motivator`, `bg_color`, `image_id`) VALUES
(1, NULL, 'Естественные', 'Естественные роды проходят в три последовательных этапа — период схваток, затем потуги и отхождение последа. Вариантов проведения всех этих трех этапов много, равно как и подходов к появлению на свет крохи. Все это разработано для того, чтобы облегчить родовой процесс матери и сделать рождение малыша максимально естественным, быстрым и легким. \n\nПреимущества\n\nМедицинский контроль за вашим состоянием.\nТщательный контроль за состоянием плода.\nВозможность экстренной медицинской помощи.\nПрисутствие педиатра на родах.\nСоблюдение санитарно-гигиенических норм.\nНедостатки\n\nНепривычная обстановка.\nИногда необоснованное назначение лекарств.', NULL, NULL, 'Тест преимуществ', 'Тест недостатков', NULL, NULL, 9),
(2, NULL, 'Кесарево сечение', 'Кесарево сечение выполняется в экстренных случаях или по следующим показаниям:\n\nЖизнь плода находится под угрозой. Например, врач определил замедленное сердцебиение или нестабильную работу органа, выделение первородного канала (разрыв плодного пузыря) и пр.;\nСуществует риск для жизни женщины, например, открывшееся кровотечение, высокое давление;\nНаблюдается механическое препятствие, не позволяющее плоду родиться: большой вес, искривление&#x2F;узкие родовые пути. Физиологические особенности таза девушки определяется гинекологом на этапе постановки на учет. Если размеры таза слишком узкие, беременность строго контролируется;\nСлабая родовая деятельность (слабые схватки, их отсутствие, плод не передвигается по родовым путям);\nЕсли предыдущие роды проходили при хирургическом вмешательстве, то повторные проводятся аналогично;\nПредлежание плаценты – состояние, при котором к выходу предлежит не голова&#x2F;таз малыша, а плацента;\nТазовое или поперечное предлежание плода;\nНаличие заболеваний у женщины, например, киста;\nГенитальный герпес, кондиломы;\nНаличие заболеваний (повышенный сахар в крови, плохое зрение и пр.);\nКесарево сечение также проводится, если мать вынашивает два и более плода;\nВИЧ-инфекция также служит показанием к проведению операции.\nПреимущества и недостатки кесарева сечения\nКесарево сечение имеет ряд плюсов, к которым относятся:\n\nОтсутствие осложнений для женского организма, которые возможны при обычных родах.\nРоженица во процессе родов не испытывает боли. Однако, женщина подвержена паническому страху, что в негативном ключе воздействует на психологическое состояние.\nТак как механическое давление на промежность отсутствует, не наблюдается разрывов, которые являются частыми спутниками обычных родов.\nИсключены риски образования геморроя.\nТакже этот вид хирургического вмешательства имеет ряд недостатков:\n\nПосле операции, когда действие анестетиков сходит на нет, женщина испытывает сильные болезненные ощущения.\nОтносительно длительное восстановление.\nМама не имеет возможности быть рядом с малышом, так как поднимать тяжелое запрещено.\nВ некоторых случаях возможна потеря психоэмоциональной связи с ребенком.\nПосле операции не рекомендуется интимная близость в течение нескольких месяцев.\nПри повторной беременности естественные роды исключены.\nПослеродовая депрессия в острой форме.', NULL, NULL, NULL, NULL, NULL, NULL, NULL),
(3, NULL, 'Мягкие', 'В развитии методики максимальной естественности при традиционных родах многие акушеры пошли далее обычной комфортной палаты и индивидуального родзала. Так появилась методика Лебойе или мягкие, комфортные роды. В них создается особая атмосфера, предрасполагающая к снятию стресса и расслаблению, приглушается свет, звук и создаются особые духовные «матрицы», подчеркиваются естественные связи матери и только что рожденного ребенка. Умиротворяющая музыка, мягкий теплый свет помогают сделать встречу младенца с мамой особенной и незабываемой, чтобы кроха не ощущал родового стресса.', NULL, NULL, NULL, NULL, NULL, NULL, NULL),
(5, NULL, 'В воде', 'Основа метода в том, что вода изменяет вес тела и ощущения, что уменьшает неприятные ощущения от схваток, расслабляет, снижает напряжение и облегчает боль. За счет воды происходит облегчение схваток, они легче переносятся, вода проводит своеобразный массаж тела, помогает снять напряжение. Если же в воде происходят и роды, считается, что ребенок попадает в более естественную для него среду, аналогичную той, что окружала его все предыдущее время. От этого родовой стресс для него не такой тяжелый.', NULL, NULL, NULL, NULL, NULL, NULL, NULL),
(7, NULL, 'Вертикальные', 'При вертикальных родах процесс схваток аналогичен естественным традиционным родам. Но сами потуги проводятся в положении женщины на коленях или коленно-локтевой позиции, либо сидя на специальном стульчике с выемкой посередине. Это помогает ребенку проще родиться за счет силы тяжести, влияющей на родовые пути. Потуги проходят быстрее, кроха рождается несколько проще.\n\nПреимущества\n\nРоженица ощущает меньший дискомфорт.\nЛегче тужиться.\nУменьшается боль.\nУменьшается продолжительность второго периода родов.\nУ ребенка снижается количество внутричерепных травм.\nНедостатки\n\nВрачам неудобно наблюдать за процессом, поэтому чаще случаются глубокие разрывы промежности.\nТрудно проводить наблюдение за состоянием плода.\nДля проведения родов в вертикальном положении требуются специальные кровати.', NULL, NULL, NULL, NULL, NULL, NULL, NULL);

-- --------------------------------------------------------

--
-- Структура таблицы `clinics`
--

CREATE TABLE `clinics` (
  `id` int NOT NULL,
  `contragent` bigint UNSIGNED DEFAULT NULL,
  `status_iho` tinyint(1) DEFAULT NULL,
  `has_oms` tinyint(1) DEFAULT NULL,
  `has_dms` tinyint(1) DEFAULT NULL,
  `has_reanimation` tinyint(1) DEFAULT NULL,
  `stat_male` int DEFAULT '0',
  `stat_female` int NOT NULL DEFAULT '0',
  `foreign_service` tinyint(1) DEFAULT NULL,
  `mom_with_baby` tinyint(1) DEFAULT NULL,
  `free_meets` tinyint(1) DEFAULT NULL,
  `facilities_type` int DEFAULT NULL,
  `specialities_type` int DEFAULT NULL
) ENGINE=InnoDB DEFAULT CHARSET=utf8mb3 COLLATE=utf8_unicode_ci;

--
-- Дамп данных таблицы `clinics`
--

INSERT INTO `clinics` (`id`, `contragent`, `status_iho`, `has_oms`, `has_dms`, `has_reanimation`, `stat_male`, `stat_female`, `foreign_service`, `mom_with_baby`, `free_meets`, `facilities_type`, `specialities_type`) VALUES
(1, 1, NULL, 1, 1, 1, 1225, 667, NULL, 1, 0, 1, 1),
(2, 2, NULL, 1, 1, 1, 645, 666, NULL, 1, 1, 1, 1),
(3, 3, 1, 1, 1, NULL, 777, 666, NULL, 1, NULL, 1, 2),
(4, 4, NULL, 1, 1, NULL, 777, 666, NULL, 1, NULL, 1, 1),
(5, 5, NULL, NULL, NULL, NULL, 0, 0, NULL, NULL, NULL, 1, 1),
(6, 6, NULL, NULL, NULL, NULL, 0, 0, NULL, NULL, NULL, 1, 1),
(7, 7, 1, 1, 1, 1, 777, 666, NULL, 1, 1, 1, 1),
(8, 8, 1, 1, 1, NULL, 777, 666, NULL, 1, NULL, 1, 1),
(9, 9, 1, 1, 1, 1, 777, 666, NULL, 1, NULL, 1, 1),
(10, 10, NULL, 1, 1, 1, 777, 666, NULL, NULL, NULL, 1, 1),
(11, 11, NULL, 1, 1, 1, 777, 666, NULL, 1, 1, 1, 1),
(12, 12, NULL, 1, 1, NULL, 777, 666, NULL, NULL, NULL, 1, 1),
(13, 13, 1, 1, 1, 0, 777, 666, NULL, 1, NULL, 1, 1),
(14, 14, 1, 1, 1, 1, 777, 666, NULL, 1, NULL, 1, 1),
(15, 15, NULL, 1, 1, 1, 777, 666, NULL, 1, 1, 1, 1),
(18, 18, NULL, 1, 1, 1, 777, 666, NULL, 1, 1, 1, 1),
(19, 19, NULL, 1, 1, 0, 777, 666, NULL, NULL, NULL, 1, 1),
(20, 20, 1, 1, 1, NULL, 777, 666, NULL, 1, 0, 1, 1),
(21, 21, NULL, NULL, NULL, NULL, 0, 0, NULL, NULL, NULL, 1, 2),
(22, 22, NULL, NULL, NULL, NULL, 0, 0, NULL, NULL, NULL, 1, 2),
(23, 23, 1, 1, 1, 1, 777, 666, NULL, 1, NULL, 1, 1),
(24, 24, NULL, NULL, NULL, NULL, 0, 0, NULL, NULL, NULL, 1, 2),
(25, 25, 1, 1, 1, 1, 777, 666, NULL, 1, 1, 1, 1),
(26, 26, 1, 1, 1, 1, 777, 666, NULL, 1, 1, 1, 1),
(27, 27, 1, 1, 1, 0, 777, 666, NULL, 1, NULL, 1, 1),
(28, 28, NULL, NULL, NULL, NULL, 0, 0, NULL, NULL, NULL, 1, 2),
(29, 29, 1, 1, 1, NULL, 777, 666, NULL, 1, NULL, 1, 1),
(30, 30, NULL, 1, 1, 1, 777, 666, NULL, NULL, NULL, 1, 1),
(32, 32, NULL, 1, 1, NULL, 777, 666, NULL, 1, NULL, 1, 1),
(33, 33, NULL, 1, 1, 1, 777, 666, NULL, NULL, NULL, 1, 1),
(34, 34, NULL, NULL, NULL, NULL, 0, 0, NULL, NULL, NULL, 1, 1);

-- --------------------------------------------------------

--
-- Структура таблицы `clinic_specialities_containers`
--

CREATE TABLE `clinic_specialities_containers` (
  `id` int NOT NULL,
  `container_id` int NOT NULL,
  `speciality_id` int NOT NULL,
  `overrided_title` varchar(50) COLLATE utf8_unicode_ci DEFAULT NULL,
  `overrided_description` text COLLATE utf8_unicode_ci,
  `comment` text COLLATE utf8_unicode_ci
) ENGINE=InnoDB DEFAULT CHARSET=utf8mb3 COLLATE=utf8_unicode_ci;

--
-- Дамп данных таблицы `clinic_specialities_containers`
--

INSERT INTO `clinic_specialities_containers` (`id`, `container_id`, `speciality_id`, `overrided_title`, `overrided_description`, `comment`) VALUES
(1, 1, 2, NULL, NULL, NULL),
(2, 1, 1, NULL, NULL, NULL),
(3, 1, 3, NULL, NULL, NULL),
(4, 1, 4, NULL, NULL, NULL),
(5, 1, 5, NULL, NULL, NULL),
(6, 1, 6, NULL, NULL, NULL);

-- --------------------------------------------------------

--
-- Структура таблицы `clinic_specialities_containers_repo`
--

CREATE TABLE `clinic_specialities_containers_repo` (
  `id` bigint UNSIGNED NOT NULL,
  `title` varchar(50) COLLATE utf8_unicode_ci DEFAULT NULL,
  `description` text COLLATE utf8_unicode_ci,
  `comment` text COLLATE utf8_unicode_ci
) ENGINE=InnoDB DEFAULT CHARSET=utf8mb3 COLLATE=utf8_unicode_ci;

--
-- Дамп данных таблицы `clinic_specialities_containers_repo`
--

INSERT INTO `clinic_specialities_containers_repo` (`id`, `title`, `description`, `comment`) VALUES
(1, 'Полная', 'Все специализации в одном месте', NULL);

-- --------------------------------------------------------

--
-- Структура таблицы `clinic_specialities_type`
--

CREATE TABLE `clinic_specialities_type` (
  `id` int NOT NULL,
  `icon` varchar(50) CHARACTER SET utf8mb3 COLLATE utf8_unicode_ci DEFAULT NULL,
  `title` varchar(50) CHARACTER SET utf8mb3 COLLATE utf8_unicode_ci DEFAULT NULL,
  `description` text CHARACTER SET utf8mb3 COLLATE utf8_unicode_ci,
  `bg_color` varchar(10) CHARACTER SET utf8mb3 COLLATE utf8_unicode_ci DEFAULT NULL
) ENGINE=InnoDB DEFAULT CHARSET=latin1;

--
-- Дамп данных таблицы `clinic_specialities_type`
--

INSERT INTO `clinic_specialities_type` (`id`, `icon`, `title`, `description`, `bg_color`) VALUES
(1, NULL, 'Инфекционные заболевания ', '(в том числе гепатиты, капельные инфекции)', NULL),
(2, NULL, 'Заболевания крови AB0- и Rh- сенсибилизация', NULL, NULL),
(3, NULL, 'Патология мочевыводящей системы', NULL, NULL),
(4, NULL, 'Заболевания сердечнососудистой системы', NULL, NULL),
(5, NULL, 'Патология сосудов', NULL, NULL),
(6, NULL, 'Сахарный диабет', NULL, NULL);

-- --------------------------------------------------------

--
-- Структура таблицы `consultation`
--

CREATE TABLE `consultation` (
  `id` int NOT NULL,
  `contragent` bigint UNSIGNED DEFAULT NULL,
  `avo` tinyint(1) DEFAULT NULL,
  `anemy` tinyint(1) DEFAULT NULL,
  `anomaly_evolution` tinyint(1) DEFAULT NULL,
  `gestos` tinyint(1) DEFAULT NULL,
  `foreign_service` tinyint(1) DEFAULT NULL,
  `hypoxy` tinyint(1) DEFAULT NULL,
  `mioms` tinyint(1) DEFAULT NULL,
  `onko` tinyint(1) DEFAULT NULL,
  `home_visit` tinyint(1) DEFAULT NULL
) ENGINE=InnoDB DEFAULT CHARSET=utf8mb3 COLLATE=utf8_unicode_ci;

--
-- Дамп данных таблицы `consultation`
--

INSERT INTO `consultation` (`id`, `contragent`, `avo`, `anemy`, `anomaly_evolution`, `gestos`, `foreign_service`, `hypoxy`, `mioms`, `onko`, `home_visit`) VALUES
(21, 35, 1, NULL, NULL, NULL, NULL, NULL, 1, 1, 0),
(24, 37, 1, 1, 1, 1, NULL, 1, 1, 1, 1),
(25, 36, 1, 1, 1, 1, NULL, 1, 1, 1, 1),
(27, 39, NULL, NULL, NULL, NULL, NULL, NULL, NULL, NULL, 1);

-- --------------------------------------------------------

--
-- Структура таблицы `contragents`
--

CREATE TABLE `contragents` (
  `id` bigint UNSIGNED NOT NULL,
  `active` tinyint(1) DEFAULT '1',
  `address_str` text COLLATE utf8_unicode_ci NOT NULL,
  `city` varchar(150) COLLATE utf8_unicode_ci NOT NULL,
  `country` varchar(150) COLLATE utf8_unicode_ci NOT NULL,
  `position_lat` float NOT NULL,
  `position_lon` float NOT NULL,
  `phone_container_id` int DEFAULT NULL,
  `title` varchar(50) COLLATE utf8_unicode_ci NOT NULL,
  `description` mediumtext COLLATE utf8_unicode_ci,
  `image_id` bigint UNSIGNED DEFAULT NULL,
  `licence` varchar(150) COLLATE utf8_unicode_ci DEFAULT NULL,
  `section_clinic` tinyint(1) NOT NULL DEFAULT '0',
  `section_consultation` tinyint(1) NOT NULL DEFAULT '0'
) ENGINE=InnoDB DEFAULT CHARSET=utf8mb3 COLLATE=utf8_unicode_ci;

--
-- Дамп данных таблицы `contragents`
--

INSERT INTO `contragents` (`id`, `active`, `address_str`, `city`, `country`, `position_lat`, `position_lon`, `phone_container_id`, `title`, `description`, `image_id`, `licence`, `section_clinic`, `section_consultation`) VALUES
(1, 1, 'г Москва, ул Верхняя Первомайская, д 57', 'Москва', 'Россия', 55.7998, 37.8021, 14, 'Родильный дом №20 филиал ГКБ им. Д.Д.Плетнёва', 'Родильный дом городской клинической больницы имени Д.Д. Плетнёва – одно из ведущих медицинских учреждений столицы, где получают помощь женщины и новорожденные малыши. После полной реконструкции роддома, которая длилась целых девять лет, клинику можно по праву назвать современной, комфортной и отлично оснащенной. Ведение беременности и роды проходят здесь под наблюдением опытных врачей акушеров-гинекологов. ', 29, 'ЛО-77-01-012-830', 1, 1),
(2, 1, 'г Москва, ул Вешняковская, д 23', 'Москва', 'Россия', 55.7308, 37.8335, 14, 'Родильный дом ГКБ №15 им. О.М. Филатова', 'Родильный дом ГКБ №15 им. О.М. Филатова – неотъемлемая часть крупнейшей многопрофильной больницы Москвы с ее возможностями: специалистами различных профилей и доступностью ультразвукового, рентгенологического обследований и лабораторных исследований.\n\nРоддом славится современными подходами в акушерстве и гинекологии. Например, именно здесь впервые была внедрена практика совместного пребывания матери и ребенка.\n\nПосле того, как в 2010 году роддом ГКБ №15 был открыт после масштабной реконструкции, это прекрасно оснащенный акушерский стационар, где женщины и их малыши получают плановую и экстренную акушерскую помощь.', 93, NULL, 1, 0),
(3, 1, 'г Москва, ул Фортунатовская, д 1 к 2', 'Москва', 'Россия', 55.7915, 37.7394, 1, 'Родильный дом ГКБ №36 им. Ф.И. Иноземцева', 'Полностью обновленный Акушерско-гинекологический центр ГКБ имени Ф.И. Иноземцева был открыт после капитального ремонта 1 апреля 2015 года. Будущих мам ждут уютные палаты, опытные и доброжелательные специалисты, современное оборудование, позволяющее принимать роды любой сложности.\n\nВ индивидуальных родильных боксах, оснащенных по всем стандартам акушерской помощи, вы будете чувствовать себя спокойно и уверенно, а потрясающий вид на Москву из послеродового отделения сделает дни, проведенные здесь, незабываемыми.', 96, NULL, 1, 0),
(4, 1, 'г Москва, Федеративный пр-кт, д 17', 'Москва', 'Россия', 55.7556, 37.8137, 1, 'Перинатальный центр ГКБ №70 им. Е.О. Мухина ', 'Перинатальный центр московской больницы № 70 им. Е.О. Мухина – современный медицинский центр, где женщины и дети могут получить весь спектр услуг в области как акушерства, гинекологии и педиатрии, так и диагностики, реабилитации.\n\nВ Центре специализируются на помощи женщинам с проблемой невынашивания беременности и сердечно-сосудистыми патологиями.\n\nМать и дитя здесь круглосуточно находятся вместе, за исключением случаев, когда ребенку требуется особая забота врачей. В отделении реабилитации проводится дополнительное обследование детей первого года жизни, а мамы обучаются навыкам помощи своим малышам.', NULL, NULL, 1, 0),
(5, 0, 'г Москва, ул 8-я Соколиной Горы, д 15', 'Москва', 'Россия', 55.7704, 37.7408, 1, 'Родильный дом при инфекционной больнице №2', '&quot;тест&quot; &lt;sfsdfds&gt;', NULL, NULL, 1, 0),
(6, 0, 'г Москва, ул Барболина, д 3', 'Москва', 'Россия', 55.788, 37.6876, 1, 'Родильный дом при туберкулезной больнице №7', '&lt;тест&gt; &quot;test&quot;', NULL, NULL, 1, 0),
(7, 1, 'г Москва, ул Таймырская, д 6', 'Москва', 'Россия', 55.8849, 37.7055, 1, 'Родильный дом ГКБ № 40', 'Полностью реконструированный роддом ГКБ №40 в Лосиноостровском районе Москвы начал работу 10 августа 2017 года.\n\nРоддом оснащен согласно всем современным стандартам оказания акушерской помощи. Уютные палаты и оборудованные всем необходимым родильные боксы обеспечат комфортное пребывание рожениц.\n\nМы хотим, чтобы вы сохранили только лучшие воспоминания о родах. Наша цель — закрепить за собой репутацию одного из лучших родильных домов города. Мы стремимся к тому, чтобы женщины приходили рожать к нам снова.', NULL, NULL, 1, 0),
(8, 1, 'г Москва, ул Костромская, д 3', 'Москва', 'Россия', 55.8879, 37.5933, 1, 'Родильный дом №11 при ГКБ им.А.К.Ерамишанцева', 'На данный момент это единственное отделение во всех государственных роддомах Москвы с условиями повышенной комфортности, не уступающими частным родильным домам по разумным ценам! Это единственное отделение замкнутого цикла, в котором будущая мамочка находится с момента поступления на роды или операцию до комфортного размещения в послеродовых палатах разного уровня, в которых возможно круглосуточное проживание с родственниками!\n\nОтделение оборудовано по самому последнему слову науки и техники, аппаратура соответствует передовым медицинским технологиям. Мы имеем возможность предложить Вам самые последние тенденции современного акушерства, такие как мягкое кесарево сечение, вертикальные роды, роды в воду, роды с доулами, индивидуальными акушерками и монистрис, домашние роды в комфортной обстановке с приглушенным светом, музыкой и аромосвечами. Мы предоставим Вам возможность рожать самостоятельно с рубцом на матке и в тазовом предлежании. Ну и самое главное, что все наши специалисты - врачи высокого уровня высшей категории, кандидаты наук, c большим стажем и опытом!', NULL, NULL, 1, 0),
(9, 1, 'г Москва, ул Ленская, д 15 к 1', 'Москва', 'Россия', 55.8655, 37.6636, 1, 'Родильный дом ГКБ №20 имени А.К. Ерамишанцева', 'Родильный дом ГКБ им. А.К. Ерамишанцева открылся после капитального ремонта всего 5 лет назад.\n\nСегодня этот московский роддом на Ленской улице радует будущих мам и их близких комфортными условиями и современным подходом, отвечая высоким требованиям безопасного акушерства. Здесь принимают рожениц с заболеваниями почек, а также ведут роды у пациенток с экстрагенитальными патологиями.\n\nИндивидуальные родовые боксы в родильном доме №1 оснащены всем необходимым, включая системы круглосуточного наблюдения за состоянием роженицы. Каждый из сотрудников роддома всегда готов помочь женщине и поддержать ее на таком важном этапе жизни.', NULL, NULL, 1, 0),
(10, 1, 'г Москва, ул Нежинская, д 3', 'Москва', 'Россия', 55.717, 37.477, 1, 'Родильный дом №3 ЦПСиР филиал №4', 'Родильный дом №3 Центра Планирования семьи и Репродукции (ЦПСиР) — многопрофильная клиника Москвы, специалисты которой имеют огромный практический опыт акушерской помощи.\n\nПринципы нашей работы: европейские стандарты комфорта, качественная медицинская помощь, бережное отношение к новорожденным, готовность в любой ситуации помочь пациенткам. Родильный дом был полностью реконструирован в 2015 году. От старого роддома остались только стены.\n\nВрачи роддома № 3 сделают все возможное, чтобы мама и малыш были здоровы и счастливы!', NULL, NULL, 1, 0),
(11, 1, 'г Москва, ул Маршала Тимошенко, д 15', 'Москва', 'Россия', 55.7495, 37.3898, 1, 'Родильный дом при ЦКБ Управления Делами Президента', 'Центр акушерства, гинекологии и вспомогательных репродуктивных технологий ФГБУ «ЦКБ с поликлиникой» УД президента РФ (роддом ЦКБ) расположен на территории многопрофильной больницы в зеленой парковой зоне города Москвы.\nПомимо оперативного блока, родовых блоков, послеродовых палат, включая палаты совместного пребывания «мать и дитя» и палат для новорожденных с отделением реанимации, в корпусе имеются отделения хирургической репродуктивной гинекологии и вспомогательных репродуктивных технологий.\n\nВозможности расположения корпуса в составе многопрофильной больницы позволяют всесторонне обследовать беременную женщину и оценить ее готовность к родоразрешению как через естественные родовые пути, так и путем кесарева сечения.', NULL, NULL, 1, 0),
(12, 1, 'г Москва, ул 800-летия Москвы, д 22 к 2', 'Москва', 'Россия', 55.8792, 37.5565, 1, 'Роддом №17 ГКБ им. В.В. Вересаева', 'Родильный дом ГКБ им. В.В. Вересаева входит в число лучших столичных роддомов. Он открыл свои двери для будущих мам 23 декабря 1993 г., разместившись в просторном семиэтажном здании.\n\nРоддом на улице 800-летия Москвы - одно из подразделений многопрофильного стационара, а значит, пациентки могут получить консультации ведущих специалистов больницы имени В.В. Вересаева. Здесь всегда готовы оказать женщинам и детям своевременную высококвалифицированную медицинскую помощь.\n\nВ работе роддома успешно сочетаются традиции акушерской помощи и самые современные технологии родовспоможения.', NULL, NULL, 1, 0),
(13, 1, 'г Москва, Коптевский б-р, д 5', 'Москва', 'Россия', 55.8297, 37.5284, 1, 'Роддом №27 ГКБ им С.И. Спасокукоцкого', 'Родильный дом ГКБ им. С.И. Спасокукоцкого — место с большой историей, которая началась еще в 1947 году. А в 1982 году при роддоме открылся первый в Москве Центр перинатальной диагностики. Именно здесь женщинам впервые начали делать УЗИ.\n\nВ 2014 году началась реконструкция родильного дома, которая длилась 4 года. В марте 2018 года был открыт новый, полностью отвечающий мировым стандартам, с новым оборудованием и высококвалифицированными специалистами. Так роддом получил второе рождение.\n\nСегодня родильный дом ГКБ им. С.И. Спасокукоцкого — современный акушерский стационар, оснащенный согласно всем современным стандартам оказания акушерской помощи. Уютные палаты, оборудованные всем необходимым родильные боксы, внимательные и опытные специалисты - залог нашей успешной работы и гарантия того, что вам здесь будет хорошо.', NULL, NULL, 1, 0),
(14, 1, 'г Москва, 4-й Вятский пер, д 39', 'Москва', 'Россия', 55.7995, 37.5695, 1, 'Перинатальный центр при ГКБ №24', 'Перинатальный центр больницы №24 на Севере столицы – единая, четко и слаженно работающая система помощи малышам и их мамам. Именно этот роддом когда-то стал первым крупным специализированным учреждением в огромной стране, где помогали в случаях угрозы прерывания беременности и выхаживали самых слабеньких младенцев, разрабатывали и внедряли новые медицинские методы.\n\nСегодня Перинатальный центр ГКБ №24 остается одним из самых крупных в России акушерско-педиатрических комплексов со специализацией «преждевременные роды», но это вовсе не значит, что рожать здесь могут лишь пациентки с патологией. Двери Перинатального центра открыты для всех желающих!', NULL, NULL, 1, 0),
(15, 1, 'г Москва, ул Правды, д 15 стр 1', 'Москва', 'Россия', 55.7864, 37.5775, 1, 'Родильный дом ЕМС', 'Родильный дом Европейского медицинского центра соответствует высочайшим мировым стандартам: мы гармонично соединили лучшее в современном акушерстве и неонатологии. Родильный дом ЕМС — логичное продолжение нашей работы в области гинекологии, ЭКО, ведения беременности и педиатрии, которые всегда были в числе приоритетов клиники.\nРождение ребенка — самое счастливое и волнующее событие в жизни женщины. Поэтому мы позаботились о том, чтобы создать уютную домашнюю атмосферу в стенах суперсовременной высокотехнологичной клиники. В перинатальном центре ЕМС есть все для абсолютной безопасности малыша: детская реанимация, отделения патологии новорожденных и неонатологии.', 34, NULL, 1, 0),
(18, 1, 'г Москва, ул 3-я Красногвардейская, д 1 стр 1', 'Москва', 'Россия', 55.7577, 37.5411, 1, 'Клиника акушерства им. В.Ф. Снегирева', 'В клинике акушерства и гинекологии им. В.Ф. Снегирева оказывается высококвалифицированная акушерско-гинекологическая помощь, проводится современное оперативное лечение любой сложности, в том числе с сохранением репродуктивной функции, реконструктивно-пластические операции на матке и придатках. В составе клиники работает отделение вспомогательных репродуктивных технологий.', NULL, NULL, 1, 0),
(19, 1, 'г Москва, ул.Покровка, 22А', 'Москва', 'Россия', 55.7592, 37.6482, 14, 'Родильный дом при ГБУЗ МО МОНИИАГ', 'Родильный дом МОНИИАГ оснащен современным оборудованием и обеспечен всеми условиями для оказания экстренной помощи роженицам и новорожденным. В его работе успешно сочетаются традиции акушерской помощи и самые современные технологии родовспоможения, а ведение беременности и роды проходят под наблюдением ведущих специалистов мира — врачей первой и высшей категорий, кандидатов и докторов медицинских наук, профессоров, членов Российской Академии Наук, лауреатов государственных премий Российской Федерации.', 102, NULL, 1, 0),
(20, 1, 'г. Москва, ул. Самаркандский бульвар, д. 3', 'Москва', 'Россия', 55.7035, 37.8283, 14, 'Родильный дом №8 при ГКБ имени В. П. Демихова', 'Родильный дом №8 ГКБ им. В.П. Демихова — один из крупнейших в Москве. Ежегодно здесь появляется на свет более 6 000 малышей.\nРоддом оснащен самым современным оборудованием. В комфортных послеродовых палатах созданы отличные условия для естественных родов и грудного вскармливания. Врачи — настоящие профессионалы, любящие свое дело.', 103, NULL, 1, 0),
(21, NULL, '', '', '', 0, 0, 1, 'ЗАКРЫТ Родильный дом №13 ', '', NULL, NULL, 1, 0),
(22, NULL, '', '', '', 0, 0, 1, 'ЗАКРЫТ Родильный дом №18', '', NULL, NULL, 1, 0),
(23, 1, 'г. Москва, Госпитальная площадь, д. 2', 'Москва', 'Россия', 55.7679, 37.7035, 14, 'Родильный дом при ГКБ №29 им. Н.Э. Баумана', 'Один из крупнейших и современных роддомов Москвы, с учетом самых высоких мировых санитарно-эпидемиологических норм и Европейских стандартов комфорта.', 104, NULL, 1, 0),
(24, 1, 'г. Москва, ул. Самаркандский бульвар, д. 3', 'Москва', 'Россия', 55.7035, 37.8283, 14, 'Роддом № 8 при ГКБ имени Демихова', 'Родильный дом №8 ГКБ им. В.П. Демихова — один из крупнейших в Москве. Ежегодно здесь появляется на свет более 6 000 малышей.\nРоддом оснащен самым современным оборудованием. В комфортных послеродовых палатах созданы отличные условия для естественных родов и грудного вскармливания. Врачи — настоящие профессионалы, любящие свое дело.', 110, NULL, 1, 0),
(25, 1, 'Московская область, Одинцовский городской округ, Лапино, 1-ое Успенское шоссе, д. 111', 'Московская область', 'Россия', 55.6817, 37.1485, 14, 'Перинатальный медицинский центр Мать и дитя', 'Родильные дома Мать и Дитя сочетают в себе традиции классического акушерства и высокие медицинские технологии, заботу о будущей матери и ребенке, индивидуальный подход к родам.\nРоддома КГ Лапино и Перинатального медицинского центра включают отделения анестезиологии и реанимации для женщины, отделения реанимации новорожденных, патологии новорожденных и выхаживания недоношенных детей; собственные лаборатории, позволяющие проводить круглосуточные функциональные и лабораторные исследования – все это позволяет нам гарантировать женщине рождение здорового ребенка.', 106, NULL, 1, 0),
(26, 1, 'г. Москва, ул. Академика Опарина, д. 4', 'Москва', 'Россия', 55.6442, 37.4999, 14, 'ФГБУ «НМИЦ АГП им. В.И. Кулакова»', 'НАЦИОНАЛЬНЫЙ ЦЕНТР ИМ. В.И. КУЛАКОВА – КРУПНЕЙШЕЕ В СТРАНЕ И УНИКАЛЬНОЕ НЕ ТОЛЬКО ПО ОТЕЧЕСТВЕННЫМ, НО И МИРОВЫМ МЕРКАМ, ГОЛОВНОЕ РОССИЙСКОЕ НАУЧНОЕ, ЛЕЧЕБНОЕ И УЧЕБНОЕ УЧРЕЖДЕНИЕ, ЯВЛЯЮЩЕЕСЯ БАЗОЙ ДЛЯ РЕАЛИЗАЦИИ ГОСУДАРСТВЕННЫХ ПРОГРАММ ПО СОХРАНЕНИЮ ЗДОРОВЬЯ ЖЕНЩИНЫ, МАТЕРИ И РЕБЕНКА. ЦЕНТР ЯВЛЯЕТСЯ СВЯЗУЮЩИМ ОБЩЕФЕДЕРАЛЬНЫМ УЧРЕЖДЕНИЕМ, АККУМУЛИРУЮЩИМ НАУЧНЫЕ ДОСТИЖЕНИЯ ОТЕЧЕСТВЕННЫХ И ЗАРУБЕЖНЫХ СПЕЦИАЛИСТОВ В ЭТОЙ ОБЛАСТИ МЕДИЦИНСКОЙ НАУКИ И КООРДИНИРУЮЩИМ РАБОТУ РЕГИОНАЛЬНЫХ ЦЕНТРОВ', 111, NULL, 1, 0),
(27, 1, 'г. Москва, ул. Новаторов, 3', 'Москва', 'Россия', 55.6622, 37.526, 1, 'Родильный дом №4 ГКБ им. В.В. Виноградова', 'Родильный дом №4 ГКБ им. В.В. Виноградова — это лечебное учреждение со своими традициями, историей и судьбой. Бережное отношение к здоровью женщины и ребенка — главный принцип нашей работы, а бережно — значит естественно. Более 30 лет назад мы начали проводить вертикальные роды. Наши специалисты имеют огромный опыт помощи при родах в удобном и безопасном вертикальном положении.', 113, NULL, 1, 0),
(28, 0, '', '', '', 0, 0, 1, 'Родильный дом №10 на Каховке закрыт (см. ЦПСиР)', 'Филиал № 1 Родильный дом № 10 Государственного бюджетного учреждения здравоохранения города Москвы Центр планирования семьи и репродукции Департамента здравоохранения города Москвы\n\nhttps:&#x2F;&#x2F;cps-moscow.ru&#x2F;platnye-uslugi&#x2F;', NULL, NULL, 1, 0),
(29, 1, 'г. Москва, ул. Фотиевой, д. 6', 'Москва', 'Россия', 55.7016, 37.563, 14, 'Родильный дом №25 ГКБ №1 им. Н.И. Пирогова', 'В 2005 г. по инициативе ВОЗ и ЮНИСЕФ за успешную организацию работы по охране, поощрению и поддержке грудного вскармливания Родильный дом № 252 награжден Международной премией Больница доброжелательная к ребенку с вручением Диплома Министерства здравоохранения и социального развития РФ. В конце 2012 г. Родильный дом № 25 подтвердил высокое международное звание Больница доброжелательная к ребенку.', 114, NULL, 1, 0),
(30, 1, 'г.Москва, Волоколамское ш., 63, стр. 2', 'Москва', 'Россия', 55.8169, 37.4552, 14, 'Родильный дом при инфекционной КБ №1  (ЗАКРЫТ)', 'есть еще при КБ2 Роды бесплатные', NULL, NULL, 1, 0),
(32, 1, 'г. Москва, ул. Вилиса Лациса, д.4', 'Москва', 'Россия', 55.8658, 37.4309, 14, 'Родильный дом №1 ГКБ №67 им. Л.А. Ворохобова', 'Родильный дом №1 ГКБ им. Л.А. Ворохобова находится на Северо-Западе Москвы. Это одно из ведущих медицинских учреждений столицы в сфере акушерства, гинекологии и неонатологии, обладающее статусом перинатального центра.\n\nОснащенность современным реанимационным и диагностическим оборудованием, комфортные условия пребывания, сплоченная команда профессионалов и, наконец, фантастический вид из окна делают роддом №1 местом, куда обязательно захочется вернуться еще за одним малышом.\n\nПеринатальный центр ГКБ им. Л.А. Ворохобова не раз одерживал победу как лучший роддом страны, а его сотрудники награждались почетными грамотами московского Правительства.', 115, NULL, 1, 0),
(33, 1, '', '', '', 0, 0, 1, 'Родильный дом ГКБ №52', 'Родильный дом ГКБ №52 был открыт после капитального ремонта в декабре 2015 года. Сегодня это современная клиника, где женщинам и новорожденным оказывают диагностическую и лечебную помощь на всех этапах беременности.', NULL, NULL, 1, 0),
(34, 0, '', '', '', 0, 0, 1, 'Родильный дом №67', 'Евромед ', NULL, NULL, 1, 0),
(35, 1, 'г Москва, Кавказский б-р, д 45', 'Москва', 'Россия', 55.6276, 37.6502, 19, 'Женская консультация при ГБУЗ ГКБ им СС Юдина ', NULL, 112, NULL, 1, 1),
(36, 1, 'г. Москва, ул. Щепкина, д. 35', 'Москва', 'Россия', 55.7819, 37.6293, 17, 'Женская консультация при EMC Щепкина ', 'Ведение беременности и родов любой сложности: у пациенток с сопутствующими заболеваниями, с рубцом на матке или  при многоплодной беременности.\nКоманда врачей с опытом работы в клиниках Европы, США и Израиля.\nКомфорт и удовольствие от пребывания: делюкс и люкс-студии, семейные люкс-апартаменты.', 116, 'ЛО-77-01-020774 от 26 ноября 2020 г.', 1, 1),
(37, 1, 'г. Москва, Спиридоньевский пер., д. 5&#x2F;1', 'Москва', 'Россия', 55.7621, 37.5932, 17, 'Женская консультация при EMC Спиридоньевский', NULL, 118, 'Лицензия № ЛО-77-01-020774 от 26 ноября 2020 г.', 1, 1),
(39, 1, 'поселение Внуковское, улица Лётчика Грицевца, 5, 1 этаж', 'Москва,', 'Россия', 55.6237, 37.3054, 20, 'Медок Солнцево', 'Женская консультация в Солнцево находится по адресу: город Москва, улица Летчика Грицевца, дом 5. В непосредственной близости от женской консультации располагается остановка «Микрорайон Солнцево-парк». Через эту остановку проходит маршрут автобусов №374 и 579. От остановки нужно будет пройти всего 70 метров. При желании к зданию, где размещается наш медицинский центр, можно легко подъехать на собственном автотранспорте. Для удобной парковки здесь предусмотрены специальные площадки, где практически всегда есть свободные места, куда можно без каких-либо проблем поставить свой автомобиль. Наши консультанты всегда готовы подробно ответить на все вопросы о том, как можно быстро добраться до нашего медицинского центра. Они помогут подобрать оптимальный маршрут, учитывая пожелания каждого клиента, решившего посетить наш медицинский центр. Чтобы получить всю дополнительную информацию, достаточно позвонить нашим консультантам по телефону или отправить сообщение в специальном разделе нашего сайта.', 120, 'ЛО-77-01-017450', 1, 1),
(41, 1, 'Москва', 'Москва', 'Россия', 25165, 156456, 20, 'Сеть женских консультаций 9 месяцев', NULL, NULL, 'ЛО 156151651', 1, 1);

-- --------------------------------------------------------

--
-- Структура таблицы `districts`
--

CREATE TABLE `districts` (
  `id` bigint UNSIGNED NOT NULL,
  `name` varchar(20) COLLATE utf8_unicode_ci NOT NULL,
  `title` text COLLATE utf8_unicode_ci NOT NULL,
  `title_short` text COLLATE utf8_unicode_ci NOT NULL
) ENGINE=InnoDB DEFAULT CHARSET=utf8mb3 COLLATE=utf8_unicode_ci;

--
-- Дамп данных таблицы `districts`
--

INSERT INTO `districts` (`id`, `name`, `title`, `title_short`) VALUES
(2, 'szao', 'Северо-западный автономный округ', 'СЗАО'),
(3, 'vao', 'Восточный автономный округ', 'ВАО'),
(4, 'zao', 'Западный автономный округ', 'ЗАО'),
(5, 'sao', 'Северный автономный округ', 'САО'),
(6, 'cao', 'Центральный автономный округ', 'ЦАО'),
(7, 'uvao', 'Юго - восточный автономный округ', 'ЮВАО'),
(8, 'uzao', 'Юго - западный автономный округ', 'ЮЗАО'),
(9, 'svao', 'Северо - восточный автономный округ', 'СВАО');

-- --------------------------------------------------------

--
-- Структура таблицы `doctors`
--

CREATE TABLE `doctors` (
  `id` int NOT NULL,
  `full_name` varchar(50) COLLATE utf8_unicode_ci DEFAULT NULL,
  `short_name` varchar(50) COLLATE utf8_unicode_ci DEFAULT NULL,
  `patronymic` varchar(50) COLLATE utf8_unicode_ci DEFAULT NULL,
  `experience` varchar(50) COLLATE utf8_unicode_ci DEFAULT NULL COMMENT 'стаж',
  `count` int DEFAULT NULL COMMENT 'количество родов',
  `description_education` text COLLATE utf8_unicode_ci COMMENT 'образование',
  `description_experience` text COLLATE utf8_unicode_ci COMMENT 'проф навыки, сильные стороны',
  `description_pro` text COLLATE utf8_unicode_ci,
  `description_services` text COLLATE utf8_unicode_ci,
  `category` bigint UNSIGNED DEFAULT NULL,
  `position` bigint UNSIGNED DEFAULT NULL COMMENT 'специализация врача',
  `clinic_id` int DEFAULT NULL COMMENT 'Прикреплен к клинике (ID)',
  `image_id` bigint UNSIGNED DEFAULT NULL,
  `def` tinyint(1) DEFAULT NULL
) ENGINE=InnoDB DEFAULT CHARSET=utf8mb3 COLLATE=utf8_unicode_ci COMMENT='Врачи системы';

--
-- Дамп данных таблицы `doctors`
--

INSERT INTO `doctors` (`id`, `full_name`, `short_name`, `patronymic`, `experience`, `count`, `description_education`, `description_experience`, `description_pro`, `description_services`, `category`, `position`, `clinic_id`, `image_id`, `def`) VALUES
(1, 'Ольга', 'Сергунина ', 'Сергеевна', '6', 40, 'В 2011 г. с отличием закончила Российский Государственный Медицинский Университет им. Н.И. Пирогова.\n\nС 2011 г. по 2013 г. проходила обучение в клинической ординатуре по специальности «Акушерство и гинекология» на базе Научного Центра акушерства, гинекологии и перинатологии имени В.И. Кулакова.', 'Имеет сертификат по ультразвуковой диагностике в акушерстве и гинекологии.', NULL, '- индивидуальное ведение физиологической беременности и родов;\n- ведение беременности и родов при экстрагенитальной патологии;\n- ведение беременности и родов при задержке роста плода\nведение преждевременных родов;\n- ведение беременных и родов с преэклампсией\nоперативные роды; \n- все виды акушерских операций\n- лечение угрозы прерывания беременности;\n- наблюдение пациенток в послеродовом периоде;\n- прогнозирование и ранняя диагностика осложнений беременности.', 7, 1, 15, 35, NULL),
(2, 'Николай', 'Поляков ', NULL, '6', 45, 'окончил ММА им. И.М. Сеченова, интернатуру и ординатуру — на кафедре акушерства и гинекологии ММА им. И.М. Сеченова под руководством академика А.Н. Стрижакова.', 'Прошел дополнительное обучение по направлениям: «Ультразвуковая диагностика в гинекологии» и «Гинекология-эндокринология».', NULL, NULL, 7, 1, 15, 36, NULL),
(3, 'Наталья', 'Кан ', NULL, '7', 66, 'В 1990 г. окончила лечебный факультет по специальности «Лечебное дело», а затем прошла клиническую интернатуру и клиническую ординатуру на кафедре акушерства и гинекологии Владивостокского государственного медицинского университета.', 'Защитила кандидатскую диссертацию на тему: «Состояние внутриутробного плода и ранняя адаптация новорожденных в зависимости от пола и предлежания плода» и докторскую диссертацию на тему: «Современные технологии в диагностике и прогнозировании внутриутробных инфекций». Дважды Лауреат национальной премии лучшим врачам России «Призвание»: «За проведение уникальной операции, спасшей жизнь человека». Награждена почетной грамотой Министерства здравоохранения Российской Федерации. Имеет Государственную награду Российской Федерации – медаль ордена «За заслуги перед Отечеством».', NULL, NULL, 6, 1, 15, 37, NULL),
(4, 'Виктор', 'Тютюнник', NULL, '9', 48, 'В 1987 г. окончил лечебный факультет 2-го Московского ордена Ленина государственного медицинского института им Н.И. Пирогова, по окончании которого проходил обучение в интернатуре по специальности «Акушерство и гинекология» на базе городской клинической больницы № 1 им. Н.И. Пирогова г. Москва. В 1992 г. поступил в очную аспирантуру и в 1994 г. защитил диссертацию на соискание ученой степени кандидата медицинских наук на тему: «Особенности течения и тактика ведения беременности и родов у больных с гипогонадотропной формой аменореи».', 'Дважды лауреат Национальной премии лучшим врачам России «Призвание»-2012 и -2015 в номинации «За проведение уникальной операции, спасшей жизнь человека». Награжден медалью «В память 850-летия Москвы». Имеет ведомственную награду Министерства здравоохранения Российской Федерации – нагрудный знак «Отличник здравоохранения».\n\nДоктор ведет роды любой сложности, через естественные родовые пути и путем кесарева сечения, в том числе экстренного КС, ведет ранний послеродовой период у родильниц после операции кесарева сечения.', NULL, NULL, 6, 1, 15, 39, NULL),
(8, 'Гаяне', 'Саакян ', NULL, '24', 65, 'В 1997 г. окончила Ереванский государственный медицинский университет по специальности «Лечебное дело».', '1998-2000 гг. - обучение в клинической интернатуре и в клинической ординатуре по специальности «Акушерство и гинекология» на базе Московской Медицинской Академии им И.М. Сеченова.\n2006 г. - профессиональная переподготовка по специальности «Эндокринология» на базе ММА им. И.М. Сеченова.\nВ 2012 г. присвоена первая квалификационная врачебная категория.\n2012 г. - курсы повышения квалификации по патологии шейки матки, влагалища и вульвы. Кольпоскопия.\n2014 г. - курс повышения квалификации по гинекологии детей и подростков.\n2015 г. – первичная специализация по ультразвуковой диагностике.', NULL, NULL, 7, 1, 15, 40, NULL),
(9, 'Али', 'Куруглиев', NULL, '44', 22, 'В 1994 году закончил педиатрический факультет Дагестанского государственного медицинского института. ', 'В 1995 г. ординатуру по специализации «Анестезиология и реаниматология».', NULL, NULL, 6, 3, 15, 38, NULL),
(10, 'Артур', 'Ли', '', '44', 333, 'Высшее', NULL, NULL, NULL, 6, 1, 1, 31, NULL),
(11, 'Алексей', 'Волкодав', NULL, '22', 41, NULL, NULL, NULL, NULL, 6, 1, 1, 32, NULL),
(12, 'Ольга', 'Горбунова', '', '20', 22, NULL, NULL, NULL, NULL, 6, 1, 1, 30, NULL),
(13, 'Олег', 'Ионов', '', '12', 30, NULL, NULL, NULL, NULL, 6, 1, 1, 33, NULL),
(14, 'Ольга', 'Конышева  ', NULL, '25', 45, NULL, NULL, NULL, NULL, 6, 1, 2, NULL, NULL),
(15, 'Ольга', 'Глотова', NULL, '30', 60, NULL, NULL, NULL, NULL, 6, 1, 2, NULL, NULL),
(16, 'Алла', 'Евграфова', NULL, '15', 62, NULL, NULL, NULL, NULL, 6, 1, 2, NULL, NULL),
(17, 'Нина', 'Лукина ', NULL, '22', 68, NULL, NULL, NULL, NULL, 6, 1, 2, NULL, NULL),
(18, 'Елена', 'Медникова ', NULL, '33', 55, NULL, NULL, NULL, NULL, 7, 1, 2, NULL, NULL),
(19, 'Людмила', 'Васильева ', NULL, '5', 10, NULL, NULL, NULL, NULL, 7, 1, 2, NULL, NULL),
(20, 'Анастасия', 'Григорьева ', NULL, '5', 7, NULL, NULL, NULL, NULL, 8, 1, 2, NULL, NULL),
(21, 'Наталья ', 'Коршунова ', NULL, '16', 28, NULL, NULL, NULL, NULL, 7, 1, 2, NULL, NULL),
(22, 'Инна ', 'Сазанова ', NULL, '26', 81, NULL, NULL, NULL, NULL, 7, 1, 2, NULL, NULL),
(23, 'Юлия ', 'Лосик ', 'Станиславовна', '11', 13, NULL, NULL, NULL, NULL, 6, 1, 3, NULL, NULL),
(25, 'Земфира ', 'Куланина ', 'Мясгутовна', '8', 21, NULL, NULL, NULL, NULL, 7, 1, 3, NULL, NULL),
(26, 'Александр ', 'Чумаченко ', 'Геннадиевич', '14', 75, 'В 2007 г  окончил клиническую ординатуру по специальности Акушерство и гинекология. Воронежская Государственная Медицинская Академия им. Н. Н. Бурденко', NULL, NULL, NULL, 8, 1, 3, NULL, NULL),
(27, 'Вера ', 'Любешкина ', 'Александровна', '10', 56, 'В 2011 г окончила  медицинский факультет Российского Университета Дружбы Народов.  В 2013 г окончила клиническую ординатуру по специальности «Акушерство и гинекология» на кафедре «Акушерства и гинекологии с курсом перинатологии»  медицинского факультета Российского Университета Дружбы Народов.', 'Врач акушер-гинеколог,  член Междисциплинарной ассоциации специалистов репродуктивной медицины (МАРС) и Межрегиональной ассоциации по клинической микробиологии и антимикробной химиотерапии (МАКМАХ).', NULL, NULL, 6, 1, 3, NULL, NULL),
(28, 'Елена ', 'Зрагус ', 'Владимировна', NULL, NULL, NULL, NULL, NULL, NULL, 6, 1, 3, NULL, NULL),
(29, 'Яна ', 'Кравец ', 'Сергеевна', '20', NULL, 'В 2000 году закончила Сибирский государственный университет в городе Томске.\nВрач высшей квалификационной категории, кандидат медицинских наук., ассистент кафедры акушерству и гинекологии МГМСУ им. А. И. Евдокимова.', 'Естественные роды, Роды с рубцом на матке, Вертикальные роды\nОперативные роды( мягкое кесарево сечение)', NULL, NULL, 6, 1, 4, NULL, NULL),
(30, 'Николай', 'Синев ', ' Сергеевич', '12', NULL, 'Окончил Московский государственный медико-стоматологический университет имени А.И. Евдокимова. Прошел интернатуру по специальности «Акушерство и гинекология». Прошел обучение по программам дополнительного профессионального повышения квалификации «Сердечно-легочная реанимация» , «Безопасное применение вакуумной системы родовспоможения KIWI» , «Практическое акушерство» , «Профилактика профессионального выгорания в работе врача» , «Первичная реанимационная помощь новорожденным», «Практическая трансфузиология». Прошел обучение в Бельгии по теме «Мягкие роды»', NULL, NULL, NULL, 6, 1, 4, NULL, NULL),
(31, 'Мадина ', 'Изиева ', 'Мусрутдиновна', '22', NULL, NULL, NULL, NULL, NULL, 7, 1, 4, NULL, NULL),
(32, 'Данна', 'Степанова ', 'Сергеевна', '20', 66, 'Окончила Российский государственный медицинский университет по специальности «лечебное дело» в 1999 году.', NULL, NULL, NULL, 6, 1, 4, NULL, NULL),
(33, 'Екатерина ', 'Лопухина ', 'Николаевна', '6', 21, NULL, 'Прошла профессиональную переподготовку по специальности «ультразвуковая диагностика».', NULL, NULL, 6, 1, 4, NULL, NULL),
(34, 'Мариана ', 'Марченко ', 'Валентиновна', '22', 68, 'Окончила Государственный медико-фармацевтический университет имени Николая Тестамицану в 1999г. по специальности «лечебное дело». ', 'Прошла ординатуру по специальности «акушерство и гинекология» в Московском Государственном медико-стоматологическом университете им. А. И. Евдокимова. Прошла профессиональную переподготовку по специальности «ультразвуковая диагностика». Прошла обучение по программе дополнительного профессионального повышения квалификации «Безопасное применение вакуумной системой KIWI».', NULL, NULL, 6, 1, 4, NULL, NULL),
(35, 'Олеся ', 'Сахарова ', 'Владиславовна', '18', 42, 'Диплом врача по специальности педиатрия, выдан 18.06.2003 года Новосибирской государственной медицинской академией. Сертификат по специальности акушерство и гинекология, выдан 28.06.2019 Федеральным государственным бюджетным образовательным учреждением высшего образования « Российский национальный исследовательский медицинский университет имени Н. И. Пирогова» Министерства здравоохранения Российской Федерации, действителен в течение 5 лет.', NULL, NULL, NULL, 6, 1, 7, NULL, NULL),
(36, 'Лариса ', 'Калинина ', 'Викторовна', '31', 69, NULL, NULL, NULL, NULL, 6, 2, 7, NULL, NULL),
(37, 'Ирина ', 'Салихова ', 'Рашитовна', '31', 55, NULL, NULL, NULL, NULL, 6, 1, 7, NULL, NULL),
(38, 'Татьяна', 'Новикова ', 'Александровна', '33', 62, NULL, NULL, NULL, NULL, 6, 3, 7, NULL, NULL),
(40, 'Наталья', 'Скрипцина', 'Степановна', '11', 22, NULL, NULL, NULL, NULL, 6, 1, 8, NULL, NULL),
(41, 'Алла', 'Пашкова', 'Валерьевна', '14', 66, NULL, NULL, NULL, NULL, 7, 1, 8, NULL, NULL),
(42, 'Светлана', 'Любанская ', 'Васильевна', '14', 22, NULL, NULL, NULL, NULL, 6, 1, 8, NULL, NULL),
(43, 'Ольга', 'Боброва', 'Николаевна', '18', 99, 'Образование: Курский государственный медицинский университет, год окончания-1999, квалификация-врач-лечебник по специальности «лечебное дело».', '2000 – интернатура в Курской областной акушерско-гинекологической больнице по специальности «акушерство и гинекология»\n\n2002 – клиническая ординатура при факультете последипломного образования Курского государственного медицинского университета по специальности «акушерство и гинекология»\n\nСертификат специалиста:\n\n2016 год — Первый Московский государственный медицинский университет имени И.М.Сеченова Министерства здравоохранения Российской Федерации по специальности «акушерство и гинекология»\n\nВладение смежной специальностью:\n\n2014 год — сертификат специалиста: Федеральное государственное бюджетное образовательное учреждение высшего профессионального образования «Российский университет дружбы народов» по специальности «ультразвуковая диагностика»\n\nЧлен Московского общества акушеров-гинекологов', NULL, NULL, 6, 1, 9, NULL, NULL),
(44, 'Наталия ', 'Волкова', 'Владимировна', '15', 25, 'В  1997  г. окончила Рязанский  государственный   мед. университет им. акад. Павлова по специальности « Лечебное дело»', 'Плановая и экстренная   акушерско- гинекологическая помощь в полном объеме.', NULL, NULL, 8, 1, 9, NULL, NULL),
(45, 'Артем ', 'Луговой ', 'Олегович', '18', 66, NULL, 'аппаратная коррекция дыхательной недостаточности;\nкоррекция гемодинамических параметров под контролем инвазивного мониторинга;\nприменение ультразвука в анестезиологии-реаниматологии;\nприменение технологий Fast-track (ранней реабилитации) в акушерстве;\nсовременные технологии обезболивания родов;\nаппаратная реинфузия крови и коррекция гемостаза при массивной кровопотере;\nорганизация работы по предотвращению неблагоприятных событий деятельности учреждения родовспоможения, в частности разработка и внедрение концепции безопасности пациенток.', NULL, NULL, 6, 3, 9, NULL, NULL),
(46, 'Галина ', 'Гогичаишвили ', 'Вячеславовна', '19', 38, NULL, 'Оказание экстренной  и плановой помощи в акушерстве и гинекологии, первичная специализация по УЗИ', NULL, NULL, 6, 1, 9, NULL, NULL),
(47, 'Роман ', 'Чунаев ', 'Игоревич', '13', 88, 'В 2008 г. Окончил РГМУ им. Н.И. Пирогова. 2008-2011 гг - интернатура и клиническая ординатура на базе ГКБ№72 г. Москва. с 2011 г по 2014 гг ', NULL, NULL, NULL, 6, 1, 10, NULL, NULL),
(48, 'Алексей ', 'Хромылёв ', 'Викторович', '11', NULL, '2002-2008гг - ГОУ ВПО Московская медицинская академия им. И.М. Сеченова, специальность «Лечебное дело», квалификация – врач. \n2008-2010гг - ГОУ ВПО Московская медицинская академия им. И.М. Сеченова – клиническая ординатура по специальности «Акушерство и гинекология», на базе родильного дома №7. \n 2010 – 2011г ГОУ ВПО Российский университет дружбы народов – профессиональная переподготовка по специальности «Ультразвуковая диагностика». \n2012-2016гг - ФГБОУ ВО Московский государственный медицинский университет им. И.М. Сеченова – аспирантура, на базе родильного дома №4.', 'В 2016 году - сертификация по специальности Акушерство и гинекология в ГОУ ВПО Российский государственный медицинский университет Федерального агентства по здравоохранению и социальному развитию.\nВ 2016 году - сертификация по специальности Ультразвуковая диагностика ГОУ ВПО Российском университете дружбы народов.\n2017г – успешно провел защиту диссертации кандидата медицинских наук на тему: «Принципы профилактики послеоперационных тромбозов у беременных и родильниц с метаболическим синдромом и осложненным течением беременности в анамнезе после операции кесарева сечения». ', NULL, NULL, 7, 1, 10, NULL, NULL),
(49, 'Нина ', 'Гринева ', 'Николаевна', '24', NULL, 'В 1991 г окончила 2-ой МОЛГМИ им. Н.И. Пирогова, по специальности Педиатрия.С 1993 по 1994 интернатура по специальности Педиатрия в Морозовской ДКБ.', 'С 1998г сертификация по специальности Неонатология.', NULL, NULL, 6, 2, 10, NULL, NULL),
(50, 'Мария', 'Тишина ', ' Алексеевна', '30', NULL, ' В 1985 г окончила II МОЛГМИ им. Н.И. Пирогова с красным дипломом по специальности Педиатрия.', '1985-1987гг клиническая ординатура по специальности Неонатология на базе 7 ГКБ. Последняя сертификация по специальности неонатология в 2019г.', NULL, NULL, 6, 2, 10, NULL, NULL),
(51, 'Евгения', 'Буртасова ', 'Викторовна', '3', NULL, '2013г окончила Мордовский государственный университет им Н.П. Огарева медицинский институт по специальности Педиатрия.', '2013-2015гг клиническая ординатура по специальности Неонатология. 2018г сертификация по специальности Ультразвуковая диагностика.', NULL, NULL, 7, 2, 10, NULL, NULL),
(52, 'Юрий ', 'Кон ', 'Афонасьевич', '18', NULL, 'Ташкентский педиатрический мединститут 2001-2008 гг, бакалавр.\nВолгоградский государственный медицинский университет 2009-2011 клиническая ординатура по Неонатологии, Педиатрии и ФУВ Санкт Петербургская Медицинская академия постдипломного образования 2011 г. Анестезиология', NULL, NULL, NULL, 7, 3, 10, NULL, NULL),
(53, 'Евгений ', 'Ткаченко ', 'Геннадьевич', '10', NULL, 'Окончил Кубанский государственный медицинский университет 2007г, лечебный факультет. 2007-2009г клиническая ординатура анестезиология и реаниматология НЦ ССХ им А. Н. Бакулева. 2009-2013гг ОРИТН НЦ ССХ им Бакулева. 2013- н.в. РД 3. Стаж 10 лет. Последний действующий сертификат: анестезиология реаниматология от 02.2017г.', NULL, NULL, NULL, 7, 3, 10, NULL, NULL),
(54, 'Наталья ', 'Олейникова ', 'Владимировна', NULL, NULL, NULL, NULL, NULL, NULL, 6, 1, 11, NULL, NULL),
(56, 'Светлана ', 'Шокодей ', 'Александровна', NULL, NULL, NULL, NULL, NULL, NULL, 6, 1, 11, NULL, NULL),
(57, 'Мария ', 'Баранова ', 'Юрьевна', NULL, NULL, NULL, NULL, NULL, NULL, 6, 1, 11, NULL, NULL),
(58, 'Тимур ', 'Рашидов ', 'Наильевич', '20', NULL, 'Интернатура: 2000-2001г. Московская Медицинская Академия имени И.М.Сеченова по специальности Акушерство и гинекология\nОрдинатура: 2001-2003г. Московская Медицинская Академия имени И.М.Сеченова по специальности Акушерство и гинекология\n', '', NULL, NULL, 6, 1, 18, NULL, NULL),
(59, 'Анастасия', 'Савельева', 'Владимировна', '12', NULL, 'Рязанский государственный медицинский университетРФ', NULL, NULL, NULL, 6, 1, 12, NULL, NULL),
(60, 'Татьяна ', 'Исаева ', 'Валерьевна', '22', NULL, '', NULL, NULL, NULL, 6, 1, 12, NULL, NULL),
(61, 'Юлия ', 'Рогова ', 'Владимировна', '19', NULL, NULL, NULL, NULL, NULL, 6, 1, 12, NULL, NULL),
(62, 'Чара ', 'Еганова ', 'Евгеньевна', NULL, NULL, NULL, NULL, NULL, NULL, 6, 1, 13, NULL, NULL),
(63, 'Ирина ', 'Буренкова ', 'Александровна', NULL, NULL, NULL, NULL, NULL, NULL, 6, 1, 13, NULL, NULL),
(64, 'Евгений ', 'Родионов ', 'Александрович', NULL, NULL, NULL, NULL, NULL, NULL, 6, 1, 13, NULL, NULL),
(65, 'Виктория ', 'Сапожникова ', 'Павловна', NULL, NULL, NULL, NULL, NULL, NULL, 6, 2, 13, NULL, NULL),
(66, 'Елена ', 'Готишан ', 'Дмитриевна', NULL, NULL, NULL, NULL, NULL, NULL, 6, 2, 13, NULL, NULL),
(67, 'Евгений ', 'Буйнов ', 'Леонидович', NULL, NULL, NULL, NULL, NULL, NULL, 6, 3, 13, NULL, NULL),
(68, 'Марианна ', 'Моисеева ', 'Алексеевна', NULL, NULL, NULL, NULL, NULL, NULL, 6, 3, 13, NULL, NULL),
(69, 'Лариса ', 'Тимошенкова ', 'Владимировна', NULL, NULL, NULL, NULL, NULL, NULL, 6, 4, 13, NULL, NULL),
(70, 'Оксана ', 'Деревяга ', 'Александровна', NULL, NULL, NULL, NULL, NULL, NULL, 6, 4, 13, NULL, NULL),
(71, 'Галина', 'Демянюк', 'Станиславовна', NULL, NULL, 'Хабаровский государственный медициснкий институт', 'Естественные роды, роды с рубцом на матке, вертикальные роды, оперативные роды (мягкое кесарево сечение)', NULL, NULL, 6, 1, 20, NULL, NULL),
(72, 'Нюбар ', 'Аскерова ', 'Габиловна', NULL, NULL, NULL, NULL, NULL, NULL, 8, 1, 20, NULL, NULL),
(73, 'Наталья ', 'Захаренко', 'Львовна', NULL, NULL, 'Московский медицинский институт им. Сеченова', 'Естественные роды, роды с рубцом на матке, вертикальные роды, оперативные роды (мягкое кесарево сечение)', NULL, NULL, 6, 1, 20, NULL, NULL),
(75, 'Ирина ', 'Падафа ', 'Владимировна', NULL, NULL, NULL, NULL, NULL, NULL, 6, 1, 33, NULL, NULL),
(76, 'Елена ', 'Пичкур ', 'Викторовна', NULL, NULL, NULL, NULL, NULL, NULL, 8, 1, 33, NULL, NULL),
(77, 'Григорий ', 'Леладзе ', 'Автандилович', NULL, NULL, NULL, NULL, NULL, NULL, 7, 1, 33, NULL, NULL),
(78, 'Екатерина ', 'Сонголова ', 'Николаевна', NULL, NULL, NULL, NULL, NULL, NULL, 6, 1, 32, NULL, NULL),
(79, 'Нестор ', 'Месхи ', 'Теймуразович', NULL, NULL, NULL, NULL, NULL, NULL, 6, 1, 32, NULL, NULL),
(80, 'Вячеслав ', 'Немировский ', 'Борисович', NULL, NULL, NULL, NULL, NULL, NULL, 6, 1, 32, NULL, NULL),
(81, 'Врач акушер-гинеколог', 'Высшей категории', NULL, NULL, NULL, NULL, NULL, NULL, NULL, 6, 1, NULL, NULL, 1),
(82, 'Врач анестезиолог', 'Высшей категории', NULL, NULL, NULL, NULL, NULL, NULL, NULL, 6, 3, NULL, NULL, 1),
(83, 'Врач-неонатолог', 'Категория А', NULL, NULL, NULL, NULL, NULL, NULL, NULL, 6, 2, NULL, NULL, 1),
(84, 'Акушерка', 'Врач', NULL, NULL, NULL, NULL, NULL, NULL, NULL, 6, 4, NULL, NULL, 1),
(85, 'Доула', 'Высшая категория', NULL, NULL, NULL, NULL, NULL, NULL, NULL, 6, 5, NULL, NULL, 1),
(86, 'Акушер-гинеколог', 'Первая категория', NULL, NULL, NULL, NULL, NULL, NULL, NULL, 7, 1, NULL, NULL, 1),
(87, 'Акушер-гинеколог', 'Вторая категория', NULL, NULL, NULL, NULL, NULL, NULL, NULL, 8, 1, NULL, NULL, 1),
(88, 'Врач-неонатолог', 'Первая категория', NULL, NULL, NULL, NULL, NULL, NULL, NULL, 7, 2, NULL, NULL, 1),
(89, 'Оксана ', 'Пешева ', 'Николаевна', '13', 917, '2005 - Национальный исследовательский Мордовский государственный университет им. Н.П. Огарёва.\n2007 - Национальный исследовательский Мордовский государственный университет им. Н.П. Огарёва. Интернатура по специальности &quot;Акушер-гинеколог&quot;.\n2009 - Российская Медицинская Академия непрерывного профессионального образования - Кольпоскопия.\n2010 - Российская Медицинская Академия непрерывного профессионального образования - Тематическое усовершенствование по детской гинекологии.\n2012 - УЛГУ, Мед. Академия - Ультразвуковая диагностика.\n2017 - Российская Медицинская Академия непрерывного профессионального образования - УЗД.\n2017 - Российская Медицинская Академия непрерывного профессионального образования - акушерство и гинекология.', 'Закончившая в свое время НИМГУ им. Н.П. Огарёва, сегодня этот высококвалифицированный акушер-гинеколог имеет более двадцати научных публикаций и пользуется уважением не только своих пациенток, но и коллег по работе. Оксана Николаевна является членом Общества врачей, занимающихся изучением и лечением миомы шейки матки и специализируется на гинекологической эндокринологии, а также ведении беременности.', NULL, 'Общая гинекология, Гинекологическая эндокринология, Лечение миомы матки, Ведение беременности, Планирование беременности.', 6, 1, 39, 121, NULL),
(90, ' Валентина ', 'Зуева', 'Николаевна', '13', 1000, '2005 - ГОУ ВПО Московская медицинская академия имени И.М. Сеченова\n2008 - Ординатура по специальности «акушерство и гинекология» ГОУ ВПО ММА имени И.М. Сеченова\n2008 -«Акушерство и гинекология» ГОУ ВПО ММА имени И.М. Сеченова\n2008 - «Ультразвуковая диагностика в акушерстве и гинекологии», МГМСУ\n2009 - «Эндокринология в акушерстве и гинекологии», ГОУ ДПО РМАПО\n2012 - Краткосрочное ПК «Диагностика и профилактика острозаразных дерматозов и ИППП», ГОУ ВПО РГМУ\n2013 - «Ультразвуковая диагностика» ИППО ФГБУ ГНЦ ФМБЦ им. А.И. Бурназяна ФМБА России\n2013 - «Акушерство и гинекология» ГОУ ВПО ПМГМУ имени И.М. Сеченова\n2018 - «Акушерство и гинекология» ГОУ ВПО ПМГМУ имени И.М. Сеченова\n2018 - «Ультразвуковая диагностика» ФГБОУ ВО РНИМУ имени Н.И. Пирогова', 'Московская медицинская академия имени И.М. Сеченова дала этому замечательному врачу высочайший уровень знаний и навыков, а человеческие качества дополнили этот прекрасный комплект. Благодаря опыту и компетенции сегодня Валентину Николаевну признают одним из лучших акушеров-гинекологов в Москве. Несмотря на то, что доктор имеет уникальный опыт, приоритетными направлениями деятельности для нее являются ведение беременности и ультразвуковая диагностика.', NULL, 'Планирование беременности, ведение беременности', 6, 1, 39, NULL, NULL),
(91, 'Консультация', 'Иванова', 'И', '111', 111, 'увы', 'хз', NULL, NULL, NULL, NULL, 36, NULL, NULL),
(92, 'Оксана ', 'Пешева ', 'Николаевна', '13', 917, '2005 Национальный исследовательский Мордовский государственный университет им. Н.П. Огарёва.\n\n2007 Национальный исследовательский Мордовский государственный университет им. Н.П. Огарёва. Интернатура по специальности &quot;Акушер-гинеколог&quot;.\n\n2009 Российская Медицинская Академия непрерывного профессионального образования - Кольпоскопия.\n\n2010 Российская Медицинская Академия непрерывного профессионального образования - Тематическое усовершенствование по детской гинекологии.\n\n2012 УЛГУ, Мед. Академия - Ультразвуковая диагностика.\n\n2017 Российская Медицинская Академия непрерывного профессионального образования - УЗД.\n\n2017 Российская Медицинская Академия непрерывного профессионального образования - акушерство и гинекология.', 'Высококвалифицированный акушер-гинеколог имеет более двадцати научных публикаций и пользуется уважением не только своих пациенток, но и коллег по работе. Оксана Николаевна является членом Общества врачей, занимающихся изучением и лечением миомы шейки матки и специализируется на гинекологической эндокринологии, а также ведении беременности.', NULL, NULL, 6, 1, 39, NULL, NULL),
(93, 'Людмила ', 'Древаль ', 'Ивановна', '21', 1204, '1998\nДонецкий государственный Медицинский Университет им. М. Горького.\n2005\n&quot;Терапия&quot;, Кафедра ФУВ Донецкого государственного медицинского университета.\n2006\n&quot;Актуальные вопросы аллергологии&quot;, Кафедра ФУВ Донецкого государственного медицинского университета.\n2007\n&quot;Клиническая иммунология&quot;, Кафедра ФУВ Донецкого государственного медицинского университета.\n2008\n&quot;Терапия&quot;, Кафедра ФУВ Донецкого государственного медицинского университета.\n2012\n&quot;Вопросы профпатологии&quot;, Кафедра ФУВ Донецкого государственного медицинского университета.\n2013\n&quot;Терапия&quot;, Кафедра ФУВ Донецкого государственного медицинского университета.\nСертификат по клинической иммунологии.\nСертификат по аллергологии.', NULL, NULL, NULL, 6, 1, 39, 122, NULL),
(94, 'Валентина ', 'Зуева ', 'Николаевна', '13', 1000, '2005\nГОУ ВПО Московская медицинская академия имени И.М. Сеченова\n2008\nОрдинатура по специальности «акушерство и гинекология» ГОУ ВПО ММА имени И.М. Сеченова\n2008\n«Акушерство и гинекология» ГОУ ВПО ММА имени И.М. Сеченова\n2008\n«Ультразвуковая диагностика в акушерстве и гинекологии», МГМСУ\n2009\n«Эндокринология в акушерстве и гинекологии», ГОУ ДПО РМАПО\n2012\nКраткосрочное ПК «Диагностика и профилактика острозаразных дерматозов и ИППП», ГОУ ВПО РГМУ\n2013\n«Ультразвуковая диагностика» ИППО ФГБУ ГНЦ ФМБЦ им. А.И. Бурназяна ФМБА России\n2013\n«Акушерство и гинекология» ГОУ ВПО ПМГМУ имени И.М. Сеченова\n2018\n«Акушерство и гинекология» ГОУ ВПО ПМГМУ имени И.М. Сеченова\n2018\n«Ультразвуковая диагностика» ФГБОУ ВО РНИМУ имени Н.И. Пирогова', NULL, NULL, NULL, 6, 1, 39, 124, NULL),
(95, 'Ольга', 'Фролова', NULL, '10', 1000, NULL, NULL, NULL, NULL, 6, 1, 39, 126, NULL),
(96, 'Олег', 'Яковлев', NULL, NULL, NULL, NULL, NULL, NULL, NULL, 6, 1, 39, NULL, NULL);

-- --------------------------------------------------------

--
-- Структура таблицы `doctor_category_type`
--

CREATE TABLE `doctor_category_type` (
  `id` bigint UNSIGNED NOT NULL,
  `title` varchar(50) CHARACTER SET utf8mb3 COLLATE utf8_unicode_ci DEFAULT NULL,
  `lettera` varchar(1) DEFAULT NULL,
  `description` text CHARACTER SET utf8mb3 COLLATE utf8_unicode_ci,
  `bg_color` varchar(10) CHARACTER SET utf8mb3 COLLATE utf8_unicode_ci DEFAULT NULL,
  `icon` varchar(50) CHARACTER SET utf8mb3 COLLATE utf8_unicode_ci DEFAULT NULL
) ENGINE=InnoDB DEFAULT CHARSET=latin1;

--
-- Дамп данных таблицы `doctor_category_type`
--

INSERT INTO `doctor_category_type` (`id`, `title`, `lettera`, `description`, `bg_color`, `icon`) VALUES
(6, 'Высшая категория', 'A', NULL, NULL, NULL),
(7, 'Первая категория', 'B', NULL, NULL, NULL),
(8, 'Вторая категория', 'C', NULL, NULL, NULL);

-- --------------------------------------------------------

--
-- Структура таблицы `doctor_position_type`
--

CREATE TABLE `doctor_position_type` (
  `id` bigint UNSIGNED NOT NULL,
  `title` varchar(50) CHARACTER SET utf8mb3 COLLATE utf8_unicode_ci DEFAULT NULL,
  `description` text CHARACTER SET utf8mb3 COLLATE utf8_unicode_ci,
  `bg_color` varchar(10) CHARACTER SET utf8mb3 COLLATE utf8_unicode_ci DEFAULT NULL,
  `icon` varchar(50) CHARACTER SET utf8mb3 COLLATE utf8_unicode_ci DEFAULT NULL
) ENGINE=InnoDB DEFAULT CHARSET=latin1;

--
-- Дамп данных таблицы `doctor_position_type`
--

INSERT INTO `doctor_position_type` (`id`, `title`, `description`, `bg_color`, `icon`) VALUES
(1, 'Акушер-гинеколог', NULL, NULL, NULL),
(2, 'Врач-неонатолог', NULL, NULL, NULL),
(3, 'Врач-анестезиолог', NULL, NULL, NULL),
(4, 'Акушерка', NULL, NULL, NULL),
(5, 'Доула', NULL, NULL, NULL);

-- --------------------------------------------------------

--
-- Структура таблицы `entity_type`
--

CREATE TABLE `entity_type` (
  `id` bigint UNSIGNED NOT NULL,
  `title` varchar(50) COLLATE utf8_unicode_ci NOT NULL,
  `name` varchar(20) COLLATE utf8_unicode_ci NOT NULL,
  `comment` text COLLATE utf8_unicode_ci NOT NULL
) ENGINE=InnoDB DEFAULT CHARSET=utf8mb3 COLLATE=utf8_unicode_ci COMMENT='Тип сущности';

--
-- Дамп данных таблицы `entity_type`
--

INSERT INTO `entity_type` (`id`, `title`, `name`, `comment`) VALUES
(1, 'Сущность', 'entity', ''),
(2, 'Контейнер', 'container', '');

-- --------------------------------------------------------

--
-- Структура таблицы `facilities_containers`
--

CREATE TABLE `facilities_containers` (
  `id` int NOT NULL,
  `container_id` int NOT NULL,
  `facility_id` int NOT NULL,
  `overrided_title` varchar(50) COLLATE utf8_unicode_ci DEFAULT NULL,
  `overrided_description` text COLLATE utf8_unicode_ci,
  `comment` text COLLATE utf8_unicode_ci
) ENGINE=InnoDB DEFAULT CHARSET=utf8mb3 COLLATE=utf8_unicode_ci;

--
-- Дамп данных таблицы `facilities_containers`
--

INSERT INTO `facilities_containers` (`id`, `container_id`, `facility_id`, `overrided_title`, `overrided_description`, `comment`) VALUES
(147, 1, 1, NULL, NULL, NULL),
(148, 1, 2, NULL, NULL, NULL),
(149, 1, 3, NULL, NULL, NULL),
(150, 1, 4, NULL, NULL, NULL),
(151, 1, 5, NULL, NULL, NULL),
(152, 1, 6, NULL, NULL, NULL),
(153, 1, 10, NULL, NULL, NULL),
(154, 1, 12, NULL, NULL, NULL),
(155, 1, 14, NULL, NULL, NULL),
(156, 2, 14, NULL, NULL, NULL);

-- --------------------------------------------------------

--
-- Структура таблицы `facilities_containers_repo`
--

CREATE TABLE `facilities_containers_repo` (
  `id` bigint UNSIGNED NOT NULL,
  `title` varchar(50) COLLATE utf8_unicode_ci DEFAULT NULL,
  `description` text COLLATE utf8_unicode_ci,
  `comment` text COLLATE utf8_unicode_ci
) ENGINE=InnoDB DEFAULT CHARSET=utf8mb3 COLLATE=utf8_unicode_ci;

--
-- Дамп данных таблицы `facilities_containers_repo`
--

INSERT INTO `facilities_containers_repo` (`id`, `title`, `description`, `comment`) VALUES
(1, 'Полный пакет', 'Все удобства', 'null'),
(2, 'VIP', 'Комфортабельная палата отвечает высочайшими требованиям комфорта и безопасности и идеальна для совместного пребывания мамы и ребенка. Светлый, наполненный воздухом интерьер располагает к спокойному отдыху и заботе о малыше.', NULL),
(3, 'Семейный люкс', 'Просторные двухкомнатные люкс-апартаменты сочетают в себе безупречный дизайн и функциональность с высочайшим уровнем комфорта и безопасности. Чистота линий, обилие света и воздуха создают неповторимую атмосферу классической элегантности. Мы предусмотрели отдельные комнаты для мамы и ребенка и ваших близких, чтобы они могли разделить с вами счастливые моменты общения с малышом.', NULL),
(4, 'Комфорт', 'Уютная студия обеспечит максимальный комфорт и удовольствие от пребывания,  возможность насладиться классической роскошью и элегантностью, станет приятным дополнением к долгожданному событию — рождению ребенка. В продуманном до мелочей интерьере гармонично объединены пространство для мамы и малыша и зона отдыха для ваших близких. ', NULL),
(5, 'Комфорт Плюс', 'Уютная студия обеспечит максимальный комфорт и удовольствие от пребывания,  возможность насладиться классической роскошью и элегантностью, станет приятным дополнением к долгожданному событию — рождению ребенка. В продуманном до мелочей интерьере гармонично объединены пространство для мамы и малыша и зона отдыха для ваших близких. ', NULL);

-- --------------------------------------------------------

--
-- Структура таблицы `facilities_type`
--

CREATE TABLE `facilities_type` (
  `id` int NOT NULL,
  `icon` varchar(50) CHARACTER SET utf8mb3 COLLATE utf8_unicode_ci DEFAULT NULL,
  `title` varchar(50) CHARACTER SET utf8mb3 COLLATE utf8_unicode_ci DEFAULT NULL,
  `description` text CHARACTER SET utf8mb3 COLLATE utf8_unicode_ci,
  `bg_color` varchar(10) CHARACTER SET utf8mb3 COLLATE utf8_unicode_ci DEFAULT NULL
) ENGINE=InnoDB DEFAULT CHARSET=latin1;

--
-- Дамп данных таблицы `facilities_type`
--

INSERT INTO `facilities_type` (`id`, `icon`, `title`, `description`, `bg_color`) VALUES
(15, NULL, 'Трансфер в роддом', NULL, NULL),
(16, NULL, 'Свободное посещение', NULL, NULL),
(17, NULL, 'Совместное пребывание мамы и малыша', NULL, NULL),
(19, NULL, 'Гостевая парковка ', NULL, NULL);

-- --------------------------------------------------------

--
-- Структура таблицы `files`
--

CREATE TABLE `files` (
  `id` bigint UNSIGNED NOT NULL,
  `filename` varchar(500) CHARACTER SET utf8mb3 COLLATE utf8_unicode_ci NOT NULL,
  `aws` varchar(570) CHARACTER SET utf8mb3 COLLATE utf8_unicode_ci DEFAULT NULL,
  `folder` varchar(50) COLLATE utf8_unicode_ci NOT NULL,
  `type` varchar(50) COLLATE utf8_unicode_ci NOT NULL
) ENGINE=InnoDB DEFAULT CHARSET=utf8mb3 COLLATE=utf8_unicode_ci;

--
-- Дамп данных таблицы `files`
--

INSERT INTO `files` (`id`, `filename`, `aws`, `folder`, `type`) VALUES
(9, 'birth1_1640179751184.jpg', 'https://birhhelper-storage.storage.yandexcloud.net/system-images/birth1_1640179751184.jpg', '/system-images', 'image/jpeg'),
(29, 'fasad_1640624203771.JPG', 'https://birhhelper-storage.storage.yandexcloud.net/system-images/fasad_1640624203771.JPG', '/system-images', 'image/jpeg'),
(30, 'olga_gorbunova_1640624378168.jpg', 'https://birhhelper-storage.storage.yandexcloud.net/system-images/olga_gorbunova_1640624378168.jpg', '/system-images', 'image/jpeg'),
(31, 'artur_li_1640624389010.jpg', 'https://birhhelper-storage.storage.yandexcloud.net/system-images/artur_li_1640624389010.jpg', '/system-images', 'image/jpeg'),
(32, 'aleksei_volkodav_1640624401417.jpg', 'https://birhhelper-storage.storage.yandexcloud.net/system-images/aleksei_volkodav_1640624401417.jpg', '/system-images', 'image/jpeg'),
(33, 'oleg_ionov_1640624424085.jpg', 'https://birhhelper-storage.storage.yandexcloud.net/system-images/oleg_ionov_1640624424085.jpg', '/system-images', 'image/jpeg'),
(34, 'fasad_1640624529896.JPG', 'https://birhhelper-storage.storage.yandexcloud.net/system-images/fasad_1640624529896.JPG', '/system-images', 'image/jpeg'),
(35, 'olga_sergunina_1640624575525.jpg', 'https://birhhelper-storage.storage.yandexcloud.net/system-images/olga_sergunina_1640624575525.jpg', '/system-images', 'image/jpeg'),
(36, 'nikolai_polyakov_1640624611431.jpg', 'https://birhhelper-storage.storage.yandexcloud.net/system-images/nikolai_polyakov_1640624611431.jpg', '/system-images', 'image/jpeg'),
(37, 'nataly_kan_1640624636066.jpg', 'https://birhhelper-storage.storage.yandexcloud.net/system-images/nataly_kan_1640624636066.jpg', '/system-images', 'image/jpeg'),
(38, 'ali_kurguliev_1640624665561.jpg', 'https://birhhelper-storage.storage.yandexcloud.net/system-images/ali_kurguliev_1640624665561.jpg', '/system-images', 'image/jpeg'),
(39, 'viktor_tetenyk_1640624707348.jpg', 'https://birhhelper-storage.storage.yandexcloud.net/system-images/viktor_tetenyk_1640624707348.jpg', '/system-images', 'image/jpeg'),
(40, 'gaene_saakyan_1640624743179.jpg', 'https://birhhelper-storage.storage.yandexcloud.net/system-images/gaene_saakyan_1640624743179.jpg', '/system-images', 'image/jpeg'),
(41, 'Palata_base_1640625009461.JPG', 'https://birhhelper-storage.storage.yandexcloud.net/system-images/Palata_base_1640625009461.JPG', '/system-images', 'image/jpeg'),
(42, 'Palata_base_1640625105802.JPG', 'https://birhhelper-storage.storage.yandexcloud.net/system-images/Palata_base_1640625105802.JPG', '/system-images', 'image/jpeg'),
(43, 'Palata_base_plus_1640625378527.JPG', 'https://birhhelper-storage.storage.yandexcloud.net/system-images/Palata_base_plus_1640625378527.JPG', '/system-images', 'image/jpeg'),
(46, '1_YM0-nhuZkayD-2SUev5PLg_1640707417892.jpeg', 'https://birhhelper-storage.storage.yandexcloud.net/user-images/1_YM0-nhuZkayD-2SUev5PLg_1640707417892.jpeg', '/user-images', 'image/jpeg'),
(47, 'Фасад_1645616560482.jpg', 'https://birhhelper-storage.storage.yandexcloud.net/system-images/%D0%A4%D0%B0%D1%81%D0%B0%D0%B4_1645616560482.jpg', '/system-images', 'image/jpeg'),
(48, 'Фасад_1645616562185.jpg', 'https://birhhelper-storage.storage.yandexcloud.net/system-images/%D0%A4%D0%B0%D1%81%D0%B0%D0%B4_1645616562185.jpg', '/system-images', 'image/jpeg'),
(49, 'Фасад_1645616571230.jpg', 'https://birhhelper-storage.storage.yandexcloud.net/system-images/%D0%A4%D0%B0%D1%81%D0%B0%D0%B4_1645616571230.jpg', '/system-images', 'image/jpeg'),
(50, 'Фасад_1645616656746.jpg', 'https://birhhelper-storage.storage.yandexcloud.net/system-images/%D0%A4%D0%B0%D1%81%D0%B0%D0%B4_1645616656746.jpg', '/system-images', 'image/jpeg'),
(51, 'Фасад_1645616658674.jpg', 'https://birhhelper-storage.storage.yandexcloud.net/system-images/%D0%A4%D0%B0%D1%81%D0%B0%D0%B4_1645616658674.jpg', '/system-images', 'image/jpeg'),
(52, 'Фасад_1645616659113.jpg', 'https://birhhelper-storage.storage.yandexcloud.net/system-images/%D0%A4%D0%B0%D1%81%D0%B0%D0%B4_1645616659113.jpg', '/system-images', 'image/jpeg'),
(53, 'Фасад_1645616659255.jpg', 'https://birhhelper-storage.storage.yandexcloud.net/system-images/%D0%A4%D0%B0%D1%81%D0%B0%D0%B4_1645616659255.jpg', '/system-images', 'image/jpeg'),
(54, 'Фасад_1645616668710.jpg', 'https://birhhelper-storage.storage.yandexcloud.net/system-images/%D0%A4%D0%B0%D1%81%D0%B0%D0%B4_1645616668710.jpg', '/system-images', 'image/jpeg'),
(55, 'Фасад_1645616668495.jpg', 'https://birhhelper-storage.storage.yandexcloud.net/system-images/%D0%A4%D0%B0%D1%81%D0%B0%D0%B4_1645616668495.jpg', '/system-images', 'image/jpeg'),
(56, 'Фасад_1645616668921.jpg', 'https://birhhelper-storage.storage.yandexcloud.net/system-images/%D0%A4%D0%B0%D1%81%D0%B0%D0%B4_1645616668921.jpg', '/system-images', 'image/jpeg'),
(57, 'Фасад_1645616669122.jpg', 'https://birhhelper-storage.storage.yandexcloud.net/system-images/%D0%A4%D0%B0%D1%81%D0%B0%D0%B4_1645616669122.jpg', '/system-images', 'image/jpeg'),
(58, 'Фасад_1645616669315.jpg', 'https://birhhelper-storage.storage.yandexcloud.net/system-images/%D0%A4%D0%B0%D1%81%D0%B0%D0%B4_1645616669315.jpg', '/system-images', 'image/jpeg'),
(59, 'Фасад_1645616669519.jpg', 'https://birhhelper-storage.storage.yandexcloud.net/system-images/%D0%A4%D0%B0%D1%81%D0%B0%D0%B4_1645616669519.jpg', '/system-images', 'image/jpeg'),
(60, 'Фасад_1645616679909.jpg', 'https://birhhelper-storage.storage.yandexcloud.net/system-images/%D0%A4%D0%B0%D1%81%D0%B0%D0%B4_1645616679909.jpg', '/system-images', 'image/jpeg'),
(61, 'Фасад_1645616756320.jpg', 'https://birhhelper-storage.storage.yandexcloud.net/system-images/%D0%A4%D0%B0%D1%81%D0%B0%D0%B4_1645616756320.jpg', '/system-images', 'image/jpeg'),
(62, 'Фасад_1645616766901.jpg', 'https://birhhelper-storage.storage.yandexcloud.net/system-images/%D0%A4%D0%B0%D1%81%D0%B0%D0%B4_1645616766901.jpg', '/system-images', 'image/jpeg'),
(63, 'Фасад_1645616778982.jpg', 'https://birhhelper-storage.storage.yandexcloud.net/system-images/%D0%A4%D0%B0%D1%81%D0%B0%D0%B4_1645616778982.jpg', '/system-images', 'image/jpeg'),
(64, 'Фасад_1645616812557.jpg', 'https://birhhelper-storage.storage.yandexcloud.net/system-images/%D0%A4%D0%B0%D1%81%D0%B0%D0%B4_1645616812557.jpg', '/system-images', 'image/jpeg'),
(65, 'Фасад_1645616813432.jpg', 'https://birhhelper-storage.storage.yandexcloud.net/system-images/%D0%A4%D0%B0%D1%81%D0%B0%D0%B4_1645616813432.jpg', '/system-images', 'image/jpeg'),
(66, 'Фасад_1645616813665.jpg', 'https://birhhelper-storage.storage.yandexcloud.net/system-images/%D0%A4%D0%B0%D1%81%D0%B0%D0%B4_1645616813665.jpg', '/system-images', 'image/jpeg'),
(67, 'Фасад_1645616813861.jpg', 'https://birhhelper-storage.storage.yandexcloud.net/system-images/%D0%A4%D0%B0%D1%81%D0%B0%D0%B4_1645616813861.jpg', '/system-images', 'image/jpeg'),
(68, 'Фасад_1645616814010.jpg', 'https://birhhelper-storage.storage.yandexcloud.net/system-images/%D0%A4%D0%B0%D1%81%D0%B0%D0%B4_1645616814010.jpg', '/system-images', 'image/jpeg'),
(69, 'Фасад_1645616814247.jpg', 'https://birhhelper-storage.storage.yandexcloud.net/system-images/%D0%A4%D0%B0%D1%81%D0%B0%D0%B4_1645616814247.jpg', '/system-images', 'image/jpeg'),
(70, 'Фасад_1645616814382.jpg', 'https://birhhelper-storage.storage.yandexcloud.net/system-images/%D0%A4%D0%B0%D1%81%D0%B0%D0%B4_1645616814382.jpg', '/system-images', 'image/jpeg'),
(71, 'Фасад_1645616814557.jpg', 'https://birhhelper-storage.storage.yandexcloud.net/system-images/%D0%A4%D0%B0%D1%81%D0%B0%D0%B4_1645616814557.jpg', '/system-images', 'image/jpeg'),
(72, '8_1645616846793.jpg', 'https://birhhelper-storage.storage.yandexcloud.net/system-images/8_1645616846793.jpg', '/system-images', 'image/jpeg'),
(73, '8_1645616847055.jpg', 'https://birhhelper-storage.storage.yandexcloud.net/system-images/8_1645616847055.jpg', '/system-images', 'image/jpeg'),
(74, '8_1645616847300.jpg', 'https://birhhelper-storage.storage.yandexcloud.net/system-images/8_1645616847300.jpg', '/system-images', 'image/jpeg'),
(75, '8_1645616847477.jpg', 'https://birhhelper-storage.storage.yandexcloud.net/system-images/8_1645616847477.jpg', '/system-images', 'image/jpeg'),
(76, '8_1645616848032.jpg', 'https://birhhelper-storage.storage.yandexcloud.net/system-images/8_1645616848032.jpg', '/system-images', 'image/jpeg'),
(77, '8_1645616848161.jpg', 'https://birhhelper-storage.storage.yandexcloud.net/system-images/8_1645616848161.jpg', '/system-images', 'image/jpeg'),
(78, '8_1645616848156.jpg', 'https://birhhelper-storage.storage.yandexcloud.net/system-images/8_1645616848156.jpg', '/system-images', 'image/jpeg'),
(79, '8_1645616848379.jpg', 'https://birhhelper-storage.storage.yandexcloud.net/system-images/8_1645616848379.jpg', '/system-images', 'image/jpeg'),
(80, '8_1645616848500.jpg', 'https://birhhelper-storage.storage.yandexcloud.net/system-images/8_1645616848500.jpg', '/system-images', 'image/jpeg'),
(81, '8_1645616848619.jpg', 'https://birhhelper-storage.storage.yandexcloud.net/system-images/8_1645616848619.jpg', '/system-images', 'image/jpeg'),
(82, '8_1645616849109.jpg', 'https://birhhelper-storage.storage.yandexcloud.net/system-images/8_1645616849109.jpg', '/system-images', 'image/jpeg'),
(83, '8_1645616849227.jpg', 'https://birhhelper-storage.storage.yandexcloud.net/system-images/8_1645616849227.jpg', '/system-images', 'image/jpeg'),
(84, '8_1645616849333.jpg', 'https://birhhelper-storage.storage.yandexcloud.net/system-images/8_1645616849333.jpg', '/system-images', 'image/jpeg'),
(85, '8_1645616849544.jpg', 'https://birhhelper-storage.storage.yandexcloud.net/system-images/8_1645616849544.jpg', '/system-images', 'image/jpeg'),
(86, 'Фасад_1645617471728.jpg', 'https://birhhelper-storage.storage.yandexcloud.net/system-images/%D0%A4%D0%B0%D1%81%D0%B0%D0%B4_1645617471728.jpg', '/system-images', 'image/jpeg'),
(87, 'Фасад_1645617603648.jpg', 'https://birhhelper-storage.storage.yandexcloud.net/system-images/%D0%A4%D0%B0%D1%81%D0%B0%D0%B4_1645617603648.jpg', '/system-images', 'image/jpeg'),
(88, 'Фасад_1645617605557.jpg', 'https://birhhelper-storage.storage.yandexcloud.net/system-images/%D0%A4%D0%B0%D1%81%D0%B0%D0%B4_1645617605557.jpg', '/system-images', 'image/jpeg'),
(89, 'Фасад_1645617605906.jpg', 'https://birhhelper-storage.storage.yandexcloud.net/system-images/%D0%A4%D0%B0%D1%81%D0%B0%D0%B4_1645617605906.jpg', '/system-images', 'image/jpeg'),
(90, 'Фасад_1645617606268.jpg', 'https://birhhelper-storage.storage.yandexcloud.net/system-images/%D0%A4%D0%B0%D1%81%D0%B0%D0%B4_1645617606268.jpg', '/system-images', 'image/jpeg'),
(91, 'Фасад_1645618264843.jpg', 'https://birhhelper-storage.storage.yandexcloud.net/system-images/%D0%A4%D0%B0%D1%81%D0%B0%D0%B4_1645618264843.jpg', '/system-images', 'image/jpeg'),
(92, 'Фасад_1645618317245.jpg', 'https://birhhelper-storage.storage.yandexcloud.net/system-images/%D0%A4%D0%B0%D1%81%D0%B0%D0%B4_1645618317245.jpg', '/system-images', 'image/jpeg'),
(93, '13740_1645624342804.jpg', 'https://birhhelper-storage.storage.yandexcloud.net/system-images/13740_1645624342804.jpg', '/system-images', 'image/jpeg'),
(94, '13740_1645624770025.jpg', 'https://birhhelper-storage.storage.yandexcloud.net/system-images/13740_1645624770025.jpg', '/system-images', 'image/jpeg'),
(95, '13740_1645625031001.jpg', 'https://birhhelper-storage.storage.yandexcloud.net/system-images/13740_1645625031001.jpg', '/system-images', 'image/jpeg'),
(96, '13740_1645625211804.jpg', 'https://birhhelper-storage.storage.yandexcloud.net/system-images/13740_1645625211804.jpg', '/system-images', 'image/jpeg'),
(97, 'Медси_1646076983390.jpg', 'https://birhhelper-storage.storage.yandexcloud.net/system-images/%D0%9C%D0%B5%D0%B4%D1%81%D0%B8_1646076983390.jpg', '/system-images', 'image/jpeg'),
(98, 'Медси_1646077016914.jpg', 'https://birhhelper-storage.storage.yandexcloud.net/system-images/%D0%9C%D0%B5%D0%B4%D1%81%D0%B8_1646077016914.jpg', '/system-images', 'image/jpeg'),
(99, 'Медси_1646077179893.jpg', 'https://birhhelper-storage.storage.yandexcloud.net/system-images/%D0%9C%D0%B5%D0%B4%D1%81%D0%B8_1646077179893.jpg', '/system-images', 'image/jpeg'),
(100, 'Медси_1646078401916.jpg', 'https://birhhelper-storage.storage.yandexcloud.net/system-images/%D0%9C%D0%B5%D0%B4%D1%81%D0%B8_1646078401916.jpg', '/system-images', 'image/jpeg'),
(101, '2022-03-01_22-23-39_1646162917680.jpg', 'https://birhhelper-storage.storage.yandexcloud.net/system-images/2022-03-01_22-23-39_1646162917680.jpg', '/system-images', 'image/jpeg'),
(102, 'МОНИИГ_1646596248827.jpg', 'https://birhhelper-storage.storage.yandexcloud.net/system-images/%D0%9C%D0%9E%D0%9D%D0%98%D0%98%D0%93_1646596248827.jpg', '/system-images', 'image/jpeg'),
(103, 'Демихова_1646598831839.jpg', 'https://birhhelper-storage.storage.yandexcloud.net/system-images/%D0%94%D0%B5%D0%BC%D0%B8%D1%85%D0%BE%D0%B2%D0%B0_1646598831839.jpg', '/system-images', 'image/jpeg'),
(104, '29_1646659889701.jpg', 'https://birhhelper-storage.storage.yandexcloud.net/system-images/29_1646659889701.jpg', '/system-images', 'image/jpeg'),
(105, 'Роддом 8_1646660671493.jpg', 'https://birhhelper-storage.storage.yandexcloud.net/system-images/%D0%A0%D0%BE%D0%B4%D0%B4%D0%BE%D0%BC%208_1646660671493.jpg', '/system-images', 'image/jpeg'),
(106, 'Мать и дитя_1646661338268.jpg', 'https://birhhelper-storage.storage.yandexcloud.net/system-images/%D0%9C%D0%B0%D1%82%D1%8C%20%D0%B8%20%D0%B4%D0%B8%D1%82%D1%8F_1646661338268.jpg', '/system-images', 'image/jpeg'),
(107, 'Роддом 8_1646662779781.jpg', 'https://birhhelper-storage.storage.yandexcloud.net/system-images/%D0%A0%D0%BE%D0%B4%D0%B4%D0%BE%D0%BC%208_1646662779781.jpg', '/system-images', 'image/jpeg'),
(108, 'Роддом 8_1646662915189.jpg', 'https://birhhelper-storage.storage.yandexcloud.net/system-images/%D0%A0%D0%BE%D0%B4%D0%B4%D0%BE%D0%BC%208_1646662915189.jpg', '/system-images', 'image/jpeg'),
(109, 'roddom_8_1646663368689.jpg', 'https://birhhelper-storage.storage.yandexcloud.net/system-images/roddom_8_1646663368689.jpg', '/system-images', 'image/jpeg'),
(110, 'Роддом 8_1646663370736.jpg', 'https://birhhelper-storage.storage.yandexcloud.net/system-images/%D0%A0%D0%BE%D0%B4%D0%B4%D0%BE%D0%BC%208_1646663370736.jpg', '/system-images', 'image/jpeg'),
(111, 'Кулакова_1646665001956.jpg', 'https://birhhelper-storage.storage.yandexcloud.net/system-images/%D0%9A%D1%83%D0%BB%D0%B0%D0%BA%D0%BE%D0%B2%D0%B0_1646665001956.jpg', '/system-images', 'image/jpeg'),
(112, 'jk1_1646692555569.jpg', 'https://birhhelper-storage.storage.yandexcloud.net/system-images/jk1_1646692555569.jpg', '/system-images', 'image/jpeg'),
(113, 'Виноградова_1646740870036.jpg', 'https://birhhelper-storage.storage.yandexcloud.net/system-images/%D0%92%D0%B8%D0%BD%D0%BE%D0%B3%D1%80%D0%B0%D0%B4%D0%BE%D0%B2%D0%B0_1646740870036.jpg', '/system-images', 'image/jpeg'),
(114, 'пирогова_1646742164858.jpg', 'https://birhhelper-storage.storage.yandexcloud.net/system-images/%D0%BF%D0%B8%D1%80%D0%BE%D0%B3%D0%BE%D0%B2%D0%B0_1646742164858.jpg', '/system-images', 'image/jpeg'),
(115, 'Ворохобова_1646742636721.jpg', 'https://birhhelper-storage.storage.yandexcloud.net/system-images/%D0%92%D0%BE%D1%80%D0%BE%D1%85%D0%BE%D0%B1%D0%BE%D0%B2%D0%B0_1646742636721.jpg', '/system-images', 'image/jpeg'),
(116, 'ЕМС Щепкина_1647762272613.JPG', 'https://birhhelper-storage.storage.yandexcloud.net/system-images/%D0%95%D0%9C%D0%A1%20%D0%A9%D0%B5%D0%BF%D0%BA%D0%B8%D0%BD%D0%B0_1647762272613.JPG', '/system-images', 'image/jpeg'),
(117, 'ЕМС Щепкина_1647766221528.JPG', 'https://birhhelper-storage.storage.yandexcloud.net/system-images/%D0%95%D0%9C%D0%A1%20%D0%A9%D0%B5%D0%BF%D0%BA%D0%B8%D0%BD%D0%B0_1647766221528.JPG', '/system-images', 'image/jpeg'),
(118, 'EMC Спир_1647766501974.JPG', 'https://birhhelper-storage.storage.yandexcloud.net/system-images/EMC%20%D0%A1%D0%BF%D0%B8%D1%80_1647766501974.JPG', '/system-images', 'image/jpeg'),
(119, 'Фасад_1648369567744.jpg', 'https://birhhelper-storage.storage.yandexcloud.net/system-images/%D0%A4%D0%B0%D1%81%D0%B0%D0%B4_1648369567744.jpg', '/system-images', 'image/jpeg'),
(120, 'Medok_1648369766112.jpg', 'https://birhhelper-storage.storage.yandexcloud.net/system-images/Medok_1648369766112.jpg', '/system-images', 'image/jpeg'),
(121, 'Пешева_1648370671219.jpg', 'https://birhhelper-storage.storage.yandexcloud.net/system-images/%D0%9F%D0%B5%D1%88%D0%B5%D0%B2%D0%B0_1648370671219.jpg', '/system-images', 'image/jpeg'),
(122, 'Древаль_1000_1650815257230.jpg', 'https://birhhelper-storage.storage.yandexcloud.net/system-images/%D0%94%D1%80%D0%B5%D0%B2%D0%B0%D0%BB%D1%8C_1000_1650815257230.jpg', '/system-images', 'image/jpeg'),
(123, 'Древаль_1000_1650815848184.jpg', 'https://birhhelper-storage.storage.yandexcloud.net/system-images/%D0%94%D1%80%D0%B5%D0%B2%D0%B0%D0%BB%D1%8C_1000_1650815848184.jpg', '/system-images', 'image/jpeg'),
(124, 'Древаль_1000_1650815896577.jpg', 'https://birhhelper-storage.storage.yandexcloud.net/system-images/%D0%94%D1%80%D0%B5%D0%B2%D0%B0%D0%BB%D1%8C_1000_1650815896577.jpg', '/system-images', 'image/jpeg'),
(125, 'b16723ebdb79ed5c21ac8afbc3a252_1650899846574.jpg', 'https://birhhelper-storage.storage.yandexcloud.net/system-images/b16723ebdb79ed5c21ac8afbc3a252_1650899846574.jpg', '/system-images', 'image/jpeg'),
(126, '2019-12-08_15-22-58_1651001826372.jpg', 'https://birhhelper-storage.storage.yandexcloud.net/system-images/2019-12-08_15-22-58_1651001826372.jpg', '/system-images', 'image/jpeg');

-- --------------------------------------------------------

--
-- Структура таблицы `images`
--

CREATE TABLE `images` (
  `id` bigint UNSIGNED NOT NULL,
  `file_id` bigint UNSIGNED NOT NULL,
  `title` varchar(50) COLLATE utf8_unicode_ci NOT NULL,
  `description` text COLLATE utf8_unicode_ci NOT NULL,
  `datetime_update` timestamp NOT NULL DEFAULT CURRENT_TIMESTAMP ON UPDATE CURRENT_TIMESTAMP,
  `datetime_create` timestamp NOT NULL DEFAULT CURRENT_TIMESTAMP
) ENGINE=InnoDB DEFAULT CHARSET=utf8mb3 COLLATE=utf8_unicode_ci;

--
-- Дамп данных таблицы `images`
--

INSERT INTO `images` (`id`, `file_id`, `title`, `description`, `datetime_update`, `datetime_create`) VALUES
(9, 9, 'null', 'null', '2021-12-22 13:29:11', '2021-12-22 13:29:11'),
(29, 29, 'null', 'null', '2021-12-27 16:56:44', '2021-12-27 16:56:44'),
(30, 30, '', '', '2021-12-27 16:59:38', '2021-12-27 16:59:38'),
(31, 31, '', '', '2021-12-27 16:59:49', '2021-12-27 16:59:49'),
(32, 32, '', '', '2021-12-27 17:00:01', '2021-12-27 17:00:01'),
(33, 33, '', '', '2021-12-27 17:00:24', '2021-12-27 17:00:24'),
(34, 34, 'null', 'null', '2021-12-27 17:02:10', '2021-12-27 17:02:10'),
(35, 35, 'null', 'null', '2021-12-27 17:02:55', '2021-12-27 17:02:55'),
(36, 36, 'null', 'null', '2021-12-27 17:03:31', '2021-12-27 17:03:31'),
(37, 37, 'null', 'null', '2021-12-27 17:03:56', '2021-12-27 17:03:56'),
(38, 38, 'null', 'null', '2021-12-27 17:04:25', '2021-12-27 17:04:25'),
(39, 39, 'null', 'null', '2021-12-27 17:05:07', '2021-12-27 17:05:07'),
(40, 40, 'null', 'null', '2021-12-27 17:05:43', '2021-12-27 17:05:43'),
(41, 41, 'null', 'null', '2021-12-27 17:10:09', '2021-12-27 17:10:09'),
(42, 42, 'null', 'null', '2021-12-27 17:11:45', '2021-12-27 17:11:45'),
(43, 43, 'null', 'null', '2021-12-27 17:16:18', '2021-12-27 17:16:18'),
(46, 46, 'Без названия', 'Без описания', '2021-12-28 16:03:38', '2021-12-28 16:03:38'),
(47, 47, 'null', 'null', '2022-02-23 11:42:40', '2022-02-23 11:42:40'),
(48, 48, 'null', 'null', '2022-02-23 11:42:42', '2022-02-23 11:42:42'),
(49, 49, 'null', 'null', '2022-02-23 11:42:51', '2022-02-23 11:42:51'),
(50, 50, 'null', 'null', '2022-02-23 11:44:17', '2022-02-23 11:44:17'),
(51, 51, 'null', 'null', '2022-02-23 11:44:19', '2022-02-23 11:44:19'),
(52, 52, 'null', 'null', '2022-02-23 11:44:19', '2022-02-23 11:44:19'),
(53, 53, 'null', 'null', '2022-02-23 11:44:19', '2022-02-23 11:44:19'),
(54, 54, 'null', 'null', '2022-02-23 11:44:28', '2022-02-23 11:44:28'),
(55, 55, 'null', 'null', '2022-02-23 11:44:28', '2022-02-23 11:44:28'),
(56, 56, 'null', 'null', '2022-02-23 11:44:29', '2022-02-23 11:44:29'),
(57, 57, 'null', 'null', '2022-02-23 11:44:29', '2022-02-23 11:44:29'),
(58, 58, 'null', 'null', '2022-02-23 11:44:29', '2022-02-23 11:44:29'),
(59, 59, 'null', 'null', '2022-02-23 11:44:29', '2022-02-23 11:44:29'),
(60, 60, 'null', 'null', '2022-02-23 11:44:40', '2022-02-23 11:44:40'),
(61, 61, 'Главный корпус ', 'ФГБУ «НМИЦ АГП им. В.И. Кулакова»', '2022-02-23 11:45:56', '2022-02-23 11:45:56'),
(62, 62, 'Главный корпус ', 'ФГБУ «НМИЦ АГП им. В.И. Кулакова»', '2022-02-23 11:46:07', '2022-02-23 11:46:07'),
(63, 63, 'Главный корпус ', 'ФГБУ «НМИЦ АГП им. В.И. Кулакова»', '2022-02-23 11:46:19', '2022-02-23 11:46:19'),
(64, 64, 'null', 'null', '2022-02-23 11:46:52', '2022-02-23 11:46:52'),
(65, 65, 'null', 'null', '2022-02-23 11:46:53', '2022-02-23 11:46:53'),
(66, 66, 'null', 'null', '2022-02-23 11:46:53', '2022-02-23 11:46:53'),
(67, 67, 'null', 'null', '2022-02-23 11:46:54', '2022-02-23 11:46:54'),
(68, 68, 'null', 'null', '2022-02-23 11:46:54', '2022-02-23 11:46:54'),
(69, 69, 'null', 'null', '2022-02-23 11:46:54', '2022-02-23 11:46:54'),
(70, 70, 'null', 'null', '2022-02-23 11:46:54', '2022-02-23 11:46:54'),
(71, 71, 'null', 'null', '2022-02-23 11:46:54', '2022-02-23 11:46:54'),
(72, 72, 'null', 'null', '2022-02-23 11:47:27', '2022-02-23 11:47:27'),
(73, 73, 'null', 'null', '2022-02-23 11:47:27', '2022-02-23 11:47:27'),
(74, 74, 'null', 'null', '2022-02-23 11:47:27', '2022-02-23 11:47:27'),
(75, 75, 'null', 'null', '2022-02-23 11:47:27', '2022-02-23 11:47:27'),
(76, 76, 'null', 'null', '2022-02-23 11:47:28', '2022-02-23 11:47:28'),
(77, 78, 'null', 'null', '2022-02-23 11:47:28', '2022-02-23 11:47:28'),
(78, 77, 'null', 'null', '2022-02-23 11:47:28', '2022-02-23 11:47:28'),
(79, 79, 'null', 'null', '2022-02-23 11:47:28', '2022-02-23 11:47:28'),
(80, 80, 'null', 'null', '2022-02-23 11:47:29', '2022-02-23 11:47:29'),
(81, 81, 'null', 'null', '2022-02-23 11:47:29', '2022-02-23 11:47:29'),
(82, 82, 'null', 'null', '2022-02-23 11:47:29', '2022-02-23 11:47:29'),
(83, 83, 'null', 'null', '2022-02-23 11:47:29', '2022-02-23 11:47:29'),
(84, 84, 'null', 'null', '2022-02-23 11:47:29', '2022-02-23 11:47:29'),
(85, 85, 'null', 'null', '2022-02-23 11:47:29', '2022-02-23 11:47:29'),
(86, 86, 'Главный корпус ', 'ФГБУ «НМИЦ АГП им. В.И. Кулакова»', '2022-02-23 11:57:51', '2022-02-23 11:57:51'),
(87, 87, 'Главный корпус ', 'ФГБУ «НМИЦ АГП им. В.И. Кулакова»', '2022-02-23 12:00:03', '2022-02-23 12:00:03'),
(88, 88, 'Главный корпус ', 'ФГБУ «НМИЦ АГП им. В.И. Кулакова»', '2022-02-23 12:00:05', '2022-02-23 12:00:05'),
(89, 89, 'Главный корпус ', 'ФГБУ «НМИЦ АГП им. В.И. Кулакова»', '2022-02-23 12:00:06', '2022-02-23 12:00:06'),
(90, 90, 'Главный корпус ', 'ФГБУ «НМИЦ АГП им. В.И. Кулакова»', '2022-02-23 12:00:06', '2022-02-23 12:00:06'),
(91, 91, 'null', 'null', '2022-02-23 12:11:05', '2022-02-23 12:11:05'),
(92, 92, 'Главный корпус ', 'ФГБУ «НМИЦ АГП им. В.И. Кулакова»', '2022-02-23 12:11:57', '2022-02-23 12:11:57'),
(93, 93, 'null', 'null', '2022-02-23 13:52:22', '2022-02-23 13:52:22'),
(94, 94, 'null', 'null', '2022-02-23 13:59:30', '2022-02-23 13:59:30'),
(95, 95, 'null', 'null', '2022-02-23 14:03:52', '2022-02-23 14:03:52'),
(96, 96, 'null', 'null', '2022-02-23 14:06:51', '2022-02-23 14:06:51'),
(97, 97, 'null', 'null', '2022-02-28 19:36:24', '2022-02-28 19:36:24'),
(98, 98, 'Медицинский центр Медси на Мичуринском проспекте', 'null', '2022-02-28 19:36:57', '2022-02-28 19:36:57'),
(99, 99, 'Медицинский центр Медси на Мичуринском проспекте', 'null', '2022-02-28 19:39:40', '2022-02-28 19:39:40'),
(100, 100, 'Медицинский центр Медси на Мичуринском проспекте', '', '2022-02-28 20:00:02', '2022-02-28 20:00:02'),
(101, 101, 'Родильный дом ГКБ №15 им. О.М. Филатова', 'null', '2022-03-01 19:28:38', '2022-03-01 19:28:38'),
(102, 102, 'Родильный дом при ГБУЗ МО МОНИИАГ', 'null', '2022-03-06 19:50:49', '2022-03-06 19:50:49'),
(103, 103, 'Родильный дом №8 при ГКБ имени В. П. Демихова', 'null', '2022-03-06 20:33:52', '2022-03-06 20:33:52'),
(104, 104, 'Родильный дом при ГКБ №29 им. Н.Э. Баумана', 'null', '2022-03-07 13:31:30', '2022-03-07 13:31:30'),
(105, 105, 'Роддом №8 ГКБ имени Демихова', 'null', '2022-03-07 13:44:31', '2022-03-07 13:44:31'),
(106, 106, 'Перинатальный медицинский центр Мать и дитя', 'null', '2022-03-07 13:55:38', '2022-03-07 13:55:38'),
(107, 107, 'Роддом №8 ГКБ имени Демихова', 'null', '2022-03-07 14:19:40', '2022-03-07 14:19:40'),
(108, 108, 'Роддом №8 ГКБ имени Демихова', 'null', '2022-03-07 14:21:55', '2022-03-07 14:21:55'),
(109, 109, 'тест', 'тест', '2022-03-07 14:29:28', '2022-03-07 14:29:28'),
(110, 110, 'Роддом №8 ГКБ имени Демихова', 'null', '2022-03-07 14:29:30', '2022-03-07 14:29:30'),
(111, 111, 'ФГБУ «НМИЦ АГП им. В.И. Кулакова»', 'null', '2022-03-07 14:56:42', '2022-03-07 14:56:42'),
(112, 112, 'null', 'null', '2022-03-07 22:35:57', '2022-03-07 22:35:57'),
(113, 113, 'Родильный дом №4 ГКБ им. В.В. Виноградова', 'null', '2022-03-08 12:01:10', '2022-03-08 12:01:10'),
(114, 114, 'Родильный дом №25 ГКБ №1 им. Н.И. Пирогова', 'null', '2022-03-08 12:22:46', '2022-03-08 12:22:46'),
(115, 115, 'Родильный дом №1 ГКБ №67 им. Л.А. Ворохобова', 'null', '2022-03-08 12:30:37', '2022-03-08 12:30:37'),
(116, 116, 'EMC Щепкина', 'null', '2022-03-20 07:44:33', '2022-03-20 07:44:33'),
(117, 117, 'EMC Спиридоньевский', 'null', '2022-03-20 08:50:21', '2022-03-20 08:50:21'),
(118, 118, 'EMC Спиридоньевский', 'null', '2022-03-20 08:55:02', '2022-03-20 08:55:02'),
(119, 119, 'Медок Солнцево', 'null', '2022-03-27 08:26:08', '2022-03-27 08:26:08'),
(120, 120, 'Медок Солнцево', 'null', '2022-03-27 08:29:26', '2022-03-27 08:29:26'),
(121, 121, 'Пешева Оксана Николаевна', 'null', '2022-03-27 08:44:31', '2022-03-27 08:44:31'),
(122, 122, 'Древаль Людмила Ивановна', 'null', '2022-04-24 15:47:37', '2022-04-24 15:47:37'),
(123, 123, 'Зуева ', 'null', '2022-04-24 15:57:28', '2022-04-24 15:57:28'),
(124, 124, 'Зуева ', 'null', '2022-04-24 15:58:16', '2022-04-24 15:58:16'),
(125, 125, 'очень  крутая картинка', 'аваава', '2022-04-25 15:17:27', '2022-04-25 15:17:27'),
(126, 126, 'null', 'null', '2022-04-26 19:37:06', '2022-04-26 19:37:06');

-- --------------------------------------------------------

--
-- Структура таблицы `lk_permissions`
--

CREATE TABLE `lk_permissions` (
  `id` bigint UNSIGNED NOT NULL,
  `user_id` bigint UNSIGNED NOT NULL,
  `contragent_entity_key` varchar(50) COLLATE utf8_unicode_ci NOT NULL,
  `contragent_entity_id` bigint NOT NULL,
  `permission_id` bigint UNSIGNED NOT NULL,
  `datetime_create` timestamp NOT NULL DEFAULT CURRENT_TIMESTAMP,
  `datetime_update` timestamp NOT NULL DEFAULT CURRENT_TIMESTAMP ON UPDATE CURRENT_TIMESTAMP
) ENGINE=InnoDB DEFAULT CHARSET=utf8mb3 COLLATE=utf8_unicode_ci;

--
-- Дамп данных таблицы `lk_permissions`
--

INSERT INTO `lk_permissions` (`id`, `user_id`, `contragent_entity_key`, `contragent_entity_id`, `permission_id`, `datetime_create`, `datetime_update`) VALUES
(1, 1, 'ent_contragents', 1, 1, '2022-01-09 12:50:05', '2022-02-16 06:36:55'),
(2, 1, 'ent_contragents', 2, 1, '2022-01-09 12:50:05', '2022-02-16 19:11:42'),
(3, 1, 'ent_contragents', 3, 2, '2022-01-09 12:50:05', '2022-02-16 19:11:30'),
(4, 1, 'ent_contragents', 4, 2, '2022-01-09 12:50:05', '2022-02-16 19:11:34'),
(5, 19, 'ent_contragents', 1, 1, '2022-02-16 19:12:16', '2022-02-16 19:12:16'),
(6, 19, 'ent_contragents', 2, 1, '2022-02-16 19:12:16', '2022-02-16 19:12:16');

-- --------------------------------------------------------

--
-- Структура таблицы `lk_permission_type`
--

CREATE TABLE `lk_permission_type` (
  `id` bigint UNSIGNED NOT NULL,
  `slug` varchar(50) CHARACTER SET utf8mb3 COLLATE utf8_unicode_ci NOT NULL,
  `title` varchar(50) CHARACTER SET utf8mb3 COLLATE utf8_unicode_ci DEFAULT NULL,
  `description` text CHARACTER SET utf8mb3 COLLATE utf8_unicode_ci,
  `icon` varchar(50) CHARACTER SET utf8mb3 COLLATE utf8_unicode_ci DEFAULT NULL,
  `bg_color` varchar(10) CHARACTER SET utf8mb3 COLLATE utf8_unicode_ci DEFAULT NULL
) ENGINE=InnoDB DEFAULT CHARSET=latin1;

--
-- Дамп данных таблицы `lk_permission_type`
--

INSERT INTO `lk_permission_type` (`id`, `slug`, `title`, `description`, `icon`, `bg_color`) VALUES
(1, 'orders', 'Стол заказов', NULL, NULL, NULL),
(2, 'settings', 'Настройки', NULL, NULL, NULL);

-- --------------------------------------------------------

--
-- Структура таблицы `orders`
--

CREATE TABLE `orders` (
  `id` bigint UNSIGNED NOT NULL,
  `user_id` bigint UNSIGNED NOT NULL,
  `session_id` bigint UNSIGNED NOT NULL,
  `slot_entity_key` varchar(50) COLLATE utf8_unicode_ci NOT NULL,
  `slot_entity_id` bigint UNSIGNED NOT NULL,
  `contragent_entity_id` bigint UNSIGNED DEFAULT NULL,
  `section_key` varchar(50) COLLATE utf8_unicode_ci DEFAULT NULL,
  `tab_key` varchar(50) COLLATE utf8_unicode_ci DEFAULT NULL,
  `floor_key` varchar(50) COLLATE utf8_unicode_ci DEFAULT NULL,
  `utility` varchar(50) COLLATE utf8_unicode_ci NOT NULL DEFAULT 'other',
  `refferer` bigint UNSIGNED NOT NULL,
  `status` varchar(20) COLLATE utf8_unicode_ci NOT NULL,
  `group_token` varchar(50) COLLATE utf8_unicode_ci DEFAULT NULL,
  `datetime_update` timestamp NOT NULL DEFAULT CURRENT_TIMESTAMP ON UPDATE CURRENT_TIMESTAMP,
  `datetime_create` timestamp NOT NULL DEFAULT CURRENT_TIMESTAMP
) ENGINE=InnoDB DEFAULT CHARSET=utf8mb3 COLLATE=utf8_unicode_ci;

--
-- Дамп данных таблицы `orders`
--

INSERT INTO `orders` (`id`, `user_id`, `session_id`, `slot_entity_key`, `slot_entity_id`, `contragent_entity_id`, `section_key`, `tab_key`, `floor_key`, `utility`, `refferer`, `status`, `group_token`, `datetime_update`, `datetime_create`) VALUES
(1, 1, 323, 'ent_doctor_slots', 58, 15, 'clinic', 'doctors', 'doctors1_1', 'other', 1, 'pending', NULL, '2022-04-22 17:18:14', '2022-04-22 17:18:14'),
(2, 1, 323, 'ent_placement_slots', 8, 15, 'clinic', 'placement', 'placement', 'other', 1, 'pending', NULL, '2022-04-22 17:18:16', '2022-04-22 17:18:16'),
(3, 1, 323, 'ent_birth_additional_slots', 451, 15, 'clinic', 'other', 'other', 'other', 1, 'pending', NULL, '2022-04-22 17:18:18', '2022-04-22 17:18:18'),
(4, 19, 658, 'ent_doctor_slots', 140, 1, 'clinic', 'doctors', 'doctors1_1', 'other', 19, 'pending', NULL, '2022-04-24 08:47:48', '2022-04-24 08:47:48'),
(5, 19, 658, 'ent_placement_slots', 432, 1, 'clinic', 'placement', 'placement', 'other', 19, 'pending', NULL, '2022-04-24 08:47:52', '2022-04-24 08:47:52'),
(6, 19, 658, 'ent_birth_type_slots', 63, 1, 'clinic', 'birthtype', 'birthtype', 'other', 19, 'pending', NULL, '2022-04-24 08:47:59', '2022-04-24 08:47:59');

-- --------------------------------------------------------

--
-- Структура таблицы `order_contacts`
--

CREATE TABLE `order_contacts` (
  `id` bigint UNSIGNED NOT NULL,
  `group_token` varchar(150) COLLATE utf8_unicode_ci NOT NULL,
  `user_id` bigint NOT NULL,
  `session_id` bigint NOT NULL,
  `phone` varchar(150) COLLATE utf8_unicode_ci DEFAULT NULL,
  `email` varchar(150) COLLATE utf8_unicode_ci DEFAULT NULL,
  `skype` varchar(150) COLLATE utf8_unicode_ci DEFAULT NULL,
  `ch_email` tinyint(1) DEFAULT NULL,
  `ch_phone` tinyint(1) DEFAULT NULL,
  `ch_viber` tinyint(1) DEFAULT NULL,
  `ch_whatsapp` tinyint(1) DEFAULT NULL,
  `ch_skype` tinyint(1) NOT NULL,
  `ch_telegram` tinyint(1) NOT NULL,
  `datetime_create` timestamp NOT NULL DEFAULT CURRENT_TIMESTAMP,
  `datetime_update` timestamp NOT NULL DEFAULT CURRENT_TIMESTAMP ON UPDATE CURRENT_TIMESTAMP
) ENGINE=InnoDB DEFAULT CHARSET=utf8mb3 COLLATE=utf8_unicode_ci;

-- --------------------------------------------------------

--
-- Структура таблицы `order_status_type`
--

CREATE TABLE `order_status_type` (
  `slug` varchar(20) COLLATE utf8_unicode_ci NOT NULL,
  `title` varchar(50) COLLATE utf8_unicode_ci NOT NULL,
  `description` text COLLATE utf8_unicode_ci NOT NULL
) ENGINE=InnoDB DEFAULT CHARSET=utf8mb3 COLLATE=utf8_unicode_ci;

--
-- Дамп данных таблицы `order_status_type`
--

INSERT INTO `order_status_type` (`slug`, `title`, `description`) VALUES
('canceled', 'Отменен', 'Заказ отменен'),
('completed', 'Завершен', 'Заказ завершен (архив)'),
('deleted', 'Удален', 'Заказ удален'),
('inprogress', 'Выполняется', 'Передан Контрагенту'),
('pending', 'Ожидание', 'Ожидает подтверждения клиента'),
('rejected', 'Отклонен', 'Отклонен менеджером'),
('resolved', 'Одобрен', 'Одобрен менеджером'),
('waiting', 'На одобрении', 'Ожидает подтверждения менеджера');

-- --------------------------------------------------------

--
-- Структура таблицы `phones`
--

CREATE TABLE `phones` (
  `id` bigint UNSIGNED NOT NULL,
  `title` varchar(50) COLLATE utf8_unicode_ci DEFAULT NULL,
  `description` text COLLATE utf8_unicode_ci,
  `phone` varchar(50) COLLATE utf8_unicode_ci NOT NULL,
  `comment` text COLLATE utf8_unicode_ci,
  `section` varchar(150) COLLATE utf8_unicode_ci DEFAULT NULL
) ENGINE=InnoDB DEFAULT CHARSET=utf8mb3 COLLATE=utf8_unicode_ci;

--
-- Дамп данных таблицы `phones`
--

INSERT INTO `phones` (`id`, `title`, `description`, `phone`, `comment`, `section`) VALUES
(8, 'Единая справочная Медси', '', '+7 (495) 021-47-02', NULL, 'consultation'),
(9, 'Единая справочная Мать и дитя', NULL, '+7 (495) 127-42-46', NULL, 'clinic'),
(10, 'Единая справочная Медок', '', '+7 (495) 241‒92‒50', NULL, 'consultation'),
(11, 'Единая справочная ЕМС', NULL, '+7(495)933-66-55', NULL, 'clinic'),
(12, 'Единая справочная СМ-Клиник', NULL, '+7 (495) 292-72-94', NULL, 'consultation'),
(13, 'Контакт-центр Роддом 20', 'Контакт-центр Родильный дом №20 филиал ГКБ им. Д.Д.Плетнёва', '7 (495) 700-57-57 ', 'с 8.00-20.00 ежедневно', 'clinic');

-- --------------------------------------------------------

--
-- Структура таблицы `phones_containers_repo`
--

CREATE TABLE `phones_containers_repo` (
  `id` bigint UNSIGNED NOT NULL,
  `title` varchar(50) COLLATE utf8_unicode_ci DEFAULT NULL,
  `description` text COLLATE utf8_unicode_ci,
  `comment` text COLLATE utf8_unicode_ci
) ENGINE=InnoDB DEFAULT CHARSET=utf8mb3 COLLATE=utf8_unicode_ci;

--
-- Дамп данных таблицы `phones_containers_repo`
--

INSERT INTO `phones_containers_repo` (`id`, `title`, `description`, `comment`) VALUES
(14, 'Телефоны Роддома Плетнева', 'Телефоны Роддома Плетнева', NULL),
(17, 'Телефоны EMC', 'Справочник телефонов', NULL),
(18, 'Медицинский центр Медси на Мичуринском проспекте', 'Медицинский центр Медси на Мичуринском проспекте', NULL),
(19, 'Женская консультация на Кавказском бульваре', 'Женская консультация при ГБУЗ ГКБ им СС Юдина ДЗМ ЖК 5 ОСП', NULL),
(20, 'Сеть женских консультаций Медок', 'В нашей сети женских консультаций трудятся 400 опытных врачей. В центрах «Медок» ведут прием гинекологи, терапевты-кардиологи, и эндокринологи. Средний стаж наших врачей не менее 10 лет. Большинство специалистов «Медок» – врачи первой и второй категории. Каждый десятый врач – кандидат медицинских наук, имеющий за плечами множество публикаций в авторитетных изданиях. Наши доктора постоянно совершенствуют свои профессиональные навыки на курсах, получая сертификаты таких ВУЗов как МГМУ имени И.М. Сеченова.\nМы занимаемся любыми случаями беременности: после ЭКО, после неудачной беременности, с патологиями в анамнезе, многоплодными.', NULL);

-- --------------------------------------------------------

--
-- Структура таблицы `phone_containers`
--

CREATE TABLE `phone_containers` (
  `id` int NOT NULL,
  `container_id` int NOT NULL,
  `phone_id` int NOT NULL,
  `comment` text COLLATE utf8_unicode_ci
) ENGINE=InnoDB DEFAULT CHARSET=utf8mb3 COLLATE=utf8_unicode_ci;

--
-- Дамп данных таблицы `phone_containers`
--

INSERT INTO `phone_containers` (`id`, `container_id`, `phone_id`, `comment`) VALUES
(81, 17, 1, NULL),
(82, 17, 4, NULL),
(125, 18, 8, NULL),
(130, 19, 9, NULL),
(131, 14, 13, NULL);

-- --------------------------------------------------------

--
-- Структура таблицы `roles`
--

CREATE TABLE `roles` (
  `id` bigint UNSIGNED NOT NULL,
  `title` varchar(50) COLLATE utf8_unicode_ci DEFAULT NULL,
  `description` text COLLATE utf8_unicode_ci,
  `slug` varchar(50) COLLATE utf8_unicode_ci NOT NULL,
  `rank` int NOT NULL DEFAULT '0',
  `datetime_create` timestamp NOT NULL DEFAULT CURRENT_TIMESTAMP,
  `datetime_update` timestamp NOT NULL DEFAULT CURRENT_TIMESTAMP ON UPDATE CURRENT_TIMESTAMP
) ENGINE=InnoDB DEFAULT CHARSET=utf8mb3 COLLATE=utf8_unicode_ci;

--
-- Дамп данных таблицы `roles`
--

INSERT INTO `roles` (`id`, `title`, `description`, `slug`, `rank`, `datetime_create`, `datetime_update`) VALUES
(1, 'Гость', 'Доступ только на чтение', 'guest', 1, '2021-08-16 18:08:24', '2021-08-16 21:34:40'),
(2, 'Пользователь', 'Те кто авторизован с фронта', 'user', 3, '2021-08-16 18:08:24', '2021-08-16 18:08:24'),
(5, 'Модератор', 'Редактирование только своих клиник и услуг', 'moderator', 5, '2021-08-16 18:11:03', '2021-08-17 16:52:14'),
(6, 'Администратор', 'Полный доступ к словарям и сущностям системы. \r\nЗа исключением системных SQL ', 'admin', 7, '2021-08-16 18:11:03', '2021-08-16 18:11:03'),
(7, 'Супер админ', 'Владелец', 'master', 9, '2021-08-16 18:11:51', '2021-08-16 18:11:51');

-- --------------------------------------------------------

--
-- Структура таблицы `search`
--

CREATE TABLE `search` (
  `hash` varchar(50) COLLATE utf8_unicode_ci NOT NULL,
  `section` varchar(50) COLLATE utf8_unicode_ci DEFAULT NULL,
  `filters` text COLLATE utf8_unicode_ci NOT NULL,
  `datetime_create` timestamp NOT NULL DEFAULT CURRENT_TIMESTAMP,
  `datetime_update` timestamp NOT NULL DEFAULT CURRENT_TIMESTAMP ON UPDATE CURRENT_TIMESTAMP
) ENGINE=InnoDB DEFAULT CHARSET=utf8mb3 COLLATE=utf8_unicode_ci;

--
-- Дамп данных таблицы `search`
--

INSERT INTO `search` (`hash`, `section`, `filters`, `datetime_create`, `datetime_update`) VALUES
('06b084de5447d39a2113668232508bff', 'clinic', '{\"clinic_type_birth_section\":{\"2\":true},\"clinic_personal_birth_section\":{\"1\":true,\"2\":true,\"3\":true,\"4\":true},\"clinic_placement_birth_section\":{\"8\":true},\"clinic_facilities_birth_section\":{\"1\":true,\"2\":true,\"5\":true,\"14\":true,\"15\":true}}', '2022-01-19 18:35:48', '2022-01-19 18:35:48'),
('0c551ac87c68f600d7b836c2c372ef6b', 'clinic', '{\"clinic_placement_birth_section\":{\"1\":true}}', '2021-09-08 14:28:20', '2021-09-08 14:28:20'),
('1306d7cadf574f16d6f8998cf9e15dd3', 'clinic', '{\"clinic_facilities_birth_section\":{\"1\":true}}', '2021-09-13 14:53:43', '2021-09-13 14:53:43'),
('15eaa886dab239573953ef989feb0f14', 'clinic', '{\"clinic_type_birth_section\":{\"5\":true},\"clinic_personal_birth_section\":{\"1\":true},\"clinic_placement_birth_section\":{\"8\":true},\"clinic_facilities_birth_section\":{\"2\":true,\"3\":true}}', '2021-12-05 16:30:14', '2021-12-05 16:30:14'),
('19fb3b07b5a89d8691136f3bc0be902d', 'clinic', '{\"clinic_type_birth_section\":{\"1\":true,\"5\":true},\"clinic_placement_birth_section\":{\"3\":true},\"clinic_facilities_birth_section\":{\"1\":true}}', '2021-09-08 14:27:54', '2021-09-08 14:27:54'),
('208f12c489b6f02292554ca6bc05e678', 'clinic', '{\"clinic_placement_birth_section\":{\"8\":true},\"clinic_facilities_birth_section\":{\"2\":true}}', '2022-01-19 20:21:44', '2022-01-19 20:21:44'),
('21e60bc431af934f3a3ae86d6ae7dccf', 'clinic', '{\"clinic_type_birth_section\":{\"2\":true,\"3\":true,\"4\":true,\"5\":true},\"clinic_personal_birth_section\":{\"1\":true,\"2\":true,\"3\":true,\"4\":true,\"5\":true},\"clinic_placement_birth_section\":{\"8\":true},\"clinic_facilities_birth_section\":{\"1\":true,\"2\":true,\"5\":true,\"14\":true,\"15\":true}}', '2022-01-19 18:36:01', '2022-01-19 18:36:01'),
('31ddd6fb33a0627128140fdb0efd246d', 'clinic', '{\"clinic_type_birth_section\":{\"1\":true},\"clinic_personal_birth_section\":{\"1\":true},\"clinic_facilities_birth_section\":{\"14\":true}}', '2021-09-13 14:54:26', '2021-09-13 14:54:26'),
('39348f75267a3215bcaf04fc9d50d91c', 'clinic', '{\"clinic_facilities_birth_section\":{\"2\":true}}', '2022-01-19 20:21:33', '2022-01-19 20:21:33'),
('393e94a6ef730bd5b9a133b359f62f70', 'clinic', '{\"clinic_type_birth_section\":{\"1\":true},\"clinic_placement_birth_section\":{\"3\":true}}', '2021-09-08 12:44:52', '2021-09-08 12:44:52'),
('3b1058e9a28b97818f0940bb132dde16', 'consultation', '{\"consultation_patology\":{\"0\":true,\"1\":true}}', '2022-04-06 14:19:20', '2022-04-06 14:19:20'),
('3ee3d1ad4e35ce0dce0e19d9e3b9267e', 'clinic', '{\"clinic_placement_birth_section\":{\"22\":true}}', '2022-01-19 18:36:30', '2022-01-19 18:36:30'),
('3f610a8d28063a5451f80b9de7e0e781', 'clinic', '{\"clinic_type_birth_section\":{\"2\":true},\"clinic_personal_birth_section\":{\"1\":true,\"4\":true}}', '2022-01-19 18:35:13', '2022-01-19 18:35:13'),
('49a8f9f9fe3f8e78ba1c95cb5802a5d1', 'clinic', '{\"clinic_facilities_birth_section\":{\"14\":true}}', '2021-09-13 14:38:05', '2021-09-13 14:38:05'),
('4a36493c596ab986e168dababd56b05d', 'clinic', '{\"clinic_type_birth_section\":{\"1\":true,\"5\":true},\"clinic_placement_birth_section\":{\"3\":true},\"clinic_facilities_birth_section\":{\"10\":true}}', '2021-09-08 14:28:04', '2021-09-08 14:28:04'),
('4f81cf1f475ed23c2b7c460ef800638b', 'clinic', '{\"clinic_type_birth_section\":{\"3\":true}}', '2022-01-15 12:20:41', '2022-01-15 12:20:41'),
('50e6065af36326b10945a36f131dbdfb', 'clinic', '{\"clinic_placement_birth_section\":{\"8\":true}}', '2022-01-19 18:36:39', '2022-01-19 18:36:39'),
('5624f1f1b8224109e15d6304fc91bfb4', 'clinic', '{\"clinic_type_birth_section\":{\"1\":true}}', '2021-09-05 20:57:23', '2021-09-05 20:57:23'),
('589b4ccde38d8dbe6521c8370b6e37f8', 'clinic', '{\"clinic_type_birth_section\":{\"1\":true},\"clinic_facilities_birth_section\":{\"14\":true}}', '2021-09-13 14:54:22', '2021-09-13 14:54:22'),
('611d9aa5e9236416e5e7ed44379286c9', 'clinic', '{\"clinic_personal_birth_section\":{\"1\":true},\"clinic_placement_birth_section\":{\"3\":true}}', '2021-09-08 14:28:29', '2021-09-08 14:28:29'),
('63ab0eaccd46e1a7f4b7dc85cd91ef13', 'clinic', '{\"clinic_type_birth_section\":{\"1\":true,\"5\":true},\"clinic_placement_birth_section\":{\"3\":true},\"clinic_facilities_birth_section\":{\"14\":true}}', '2021-09-08 14:28:06', '2021-09-08 14:28:06'),
('69851710416198a557f177e975c1fedd', 'clinic', '{\"clinic_type_birth_section\":{\"2\":true},\"clinic_personal_birth_section\":{\"1\":true,\"4\":true},\"clinic_placement_birth_section\":{\"8\":true},\"clinic_facilities_birth_section\":{\"1\":true,\"2\":true,\"5\":true,\"14\":true,\"15\":true}}', '2022-01-19 18:35:41', '2022-01-19 18:35:41'),
('6a2e5a342ba5e5f020fedbb272a8e503', 'clinic', '{\"clinic_type_birth_section\":{\"1\":true,\"2\":true,\"3\":true,\"4\":true,\"5\":true,\"7\":true},\"clinic_placement_birth_section\":{\"8\":true}}', '2022-01-20 07:01:57', '2022-01-20 07:01:57'),
('6b3084b436e1ef3a70b83e0ef4a00a3b', 'clinic', '{\"clinic_type_birth_section\":{\"1\":true},\"clinic_placement_birth_section\":{\"8\":true},\"clinic_facilities_birth_section\":{\"15\":true}}', '2022-04-10 16:19:42', '2022-04-10 16:19:42'),
('6b46ce709595a44c04cd266e42024217', 'clinic', '{\"clinic_type_birth_section\":{\"2\":true},\"clinic_personal_birth_section\":{\"1\":true,\"2\":true,\"3\":true,\"4\":true,\"5\":true},\"clinic_placement_birth_section\":{\"8\":true},\"clinic_facilities_birth_section\":{\"1\":true,\"2\":true,\"5\":true,\"14\":true,\"15\":true}}', '2022-01-19 18:35:55', '2022-01-19 18:35:55'),
('7291e7f40bdc9e588ff64e51688223cc', 'clinic', '{\"clinic_type_birth_section\":{\"1\":true},\"clinic_facilities_birth_section\":{\"1\":true}}', '2021-12-03 15:30:17', '2021-12-03 15:30:17'),
('7f6b2eaee2e9f1090d6ce3633151123a', 'clinic', '{\"clinic_type_birth_section\":{\"2\":true}}', '2021-09-08 12:44:28', '2021-09-08 12:44:28'),
('89cd154810107daa23e2a1c68738b37d', 'clinic', '{\"clinic_placement_birth_section\":{\"2\":true}}', '2021-09-13 14:33:01', '2021-09-13 14:33:01'),
('977ec23089f4a066ef2810b31a57d759', 'clinic', '{\"clinic_type_birth_section\":{\"1\":true,\"3\":true,\"5\":true},\"clinic_personal_birth_section\":{\"5\":true}}', '2022-01-15 12:20:56', '2022-01-15 12:20:56'),
('9e50195bafb1305d51bccdad2c5c61c0', 'clinic', '{\"clinic_type_birth_section\":{\"1\":true},\"clinic_placement_birth_section\":{\"3\":true},\"clinic_facilities_birth_section\":{\"14\":true}}', '2021-09-08 12:45:00', '2021-09-08 12:45:00'),
('a6917ebf9731f3ffc340722c2d40b69e', 'clinic', '{\"clinic_personal_birth_section\":{\"1\":true}}', '2021-09-13 14:38:18', '2021-09-13 14:38:18'),
('a736b663b573e7b93aa05910f9f1d398', 'clinic', '{\"clinic_placement_birth_section\":{\"3\":true}}', '2021-09-08 12:44:43', '2021-09-08 12:44:43'),
('b0475438ab621656e9b96d66f2ccc26c', 'clinic', '{\"clinic_type_birth_section\":{\"1\":true,\"5\":true},\"clinic_placement_birth_section\":{\"3\":true}}', '2021-09-08 14:27:46', '2021-09-08 14:27:46'),
('b79f00dbe9651a149a73caaa4d7088f1', 'clinic', '{\"clinic_type_birth_section\":{\"3\":true,\"5\":true},\"clinic_personal_birth_section\":{\"5\":true}}', '2022-01-15 12:20:49', '2022-01-15 12:20:49'),
('b9025f2b48e91f971ef8c08a41c6667a', 'clinic', '{\"clinic_type_birth_section\":{\"1\":true,\"5\":true},\"clinic_placement_birth_section\":{\"1\":true},\"clinic_facilities_birth_section\":{\"14\":true}}', '2021-09-08 14:28:10', '2021-09-08 14:28:10'),
('bdcd3c791ebe9d0390e04fc0b83caffc', 'consultation', '{\"consultation_patology\":{\"0\":true,\"1\":true,\"2\":true}}', '2022-04-07 14:05:31', '2022-04-07 14:05:31'),
('bee387e01b15bc29b2648bbb280eb559', 'clinic', '{\"clinic_type_birth_section\":{\"1\":true,\"5\":true},\"clinic_placement_birth_section\":{\"3\":true},\"clinic_facilities_birth_section\":{\"6\":true}}', '2021-09-08 14:28:01', '2021-09-08 14:28:01'),
('c114cd071da13ae2cc6551c4b1463679', 'clinic', '{\"clinic_personal_birth_section\":{\"3\":true,\"4\":true,\"5\":true},\"clinic_placement_birth_section\":{\"2\":true}}', '2021-09-08 14:49:03', '2021-09-08 14:49:03'),
('c8190ffe9904a9c6ab6c975de5830a22', 'clinic', '{\"clinic_type_birth_section\":{\"1\":true,\"2\":true,\"3\":true,\"4\":true,\"5\":true,\"7\":true},\"clinic_placement_birth_section\":{\"8\":true},\"clinic_facilities_birth_section\":{\"2\":true}}', '2022-01-19 20:21:55', '2022-01-19 20:21:55'),
('cdb51ef2f24bae131374d7d755c82e9b', 'clinic', '{\"clinic_facilities_birth_section\":{\"14\":true,\"15\":true}}', '2022-01-19 18:36:58', '2022-01-19 18:36:58'),
('cf8ad114917a369d5903795fe061988a', 'clinic', '{\"clinic_facilities_birth_section\":{\"2\":true,\"3\":true}}', '2022-01-19 20:19:06', '2022-01-19 20:19:06'),
('d206eb32cc2e91807d9f86f4189c9684', 'clinic', '{\"clinic_personal_birth_section\":{\"1\":true},\"clinic_facilities_birth_section\":{\"3\":true}}', '2022-01-13 19:26:03', '2022-01-13 19:26:03'),
('d2b45b3d2e19ede6f0490a57438f1edf', 'consultation', '{\"consultation_patology\":{\"0\":true}}', '2022-04-07 14:05:26', '2022-04-07 14:05:26'),
('dcc00ffb1e54f7dc18ac3d95b564719a', 'clinic', '{\"clinic_type_birth_section\":{\"1\":true},\"clinic_personal_birth_section\":{\"1\":true,\"5\":true},\"clinic_placement_birth_section\":{\"3\":true},\"clinic_facilities_birth_section\":{\"2\":true,\"3\":true}}', '2021-11-05 11:43:01', '2021-11-05 11:43:01'),
('df618b6bcc4ca1c9083f55207804cdc9', 'clinic', '{\"clinic_type_birth_section\":{\"1\":true,\"2\":true,\"3\":true,\"4\":true,\"5\":true,\"7\":true},\"clinic_placement_birth_section\":{\"2\":true}}', '2021-09-08 14:49:19', '2021-09-08 14:49:19'),
('e2d38c524f53474c6468f6d287108ec9', 'clinic', '{\"clinic_placement_birth_section\":{\"3\":true},\"clinic_facilities_birth_section\":{\"14\":true}}', '2021-09-13 14:38:08', '2021-09-13 14:38:08'),
('e3ef6b01979ce1c74c4612d45b300ff6', 'consultation', '{\"consultation_services\":{\"5\":true,\"6\":true,\"7\":true}}', '2022-04-12 19:31:22', '2022-04-12 19:31:22'),
('ec73ef61d8a3572053126b87cff8be03', 'clinic', '{\"clinic_type_birth_section\":{\"1\":true,\"3\":true,\"5\":true},\"clinic_facilities_birth_section\":{\"2\":true,\"6\":true,\"12\":true}}', '2022-01-15 12:21:41', '2022-01-15 12:21:41'),
('f8d1158390fe88cfc0e1db28048f04eb', 'clinic', '{\"clinic_type_birth_section\":{\"3\":true},\"clinic_personal_birth_section\":{\"1\":true},\"clinic_facilities_birth_section\":{\"3\":true}}', '2022-01-13 19:26:16', '2022-01-13 19:26:16'),
('f90d4375829c1fed89a10db759f8beb5', 'clinic', '{\"clinic_type_birth_section\":{\"1\":true},\"clinic_placement_birth_section\":{\"1\":true}}', '2021-09-08 14:28:16', '2021-09-08 14:28:16'),
('fd8b290d2e64b486cc896904f991470a', 'clinic', '{\"clinic_type_birth_section\":{\"1\":true,\"5\":true},\"clinic_placement_birth_section\":{\"1\":true}}', '2021-09-08 14:28:13', '2021-09-08 14:28:13');

-- --------------------------------------------------------

--
-- Структура таблицы `section_type`
--

CREATE TABLE `section_type` (
  `id` bigint NOT NULL,
  `title` varchar(150) COLLATE utf8_unicode_ci NOT NULL,
  `slug` varchar(150) COLLATE utf8_unicode_ci NOT NULL,
  `description` text COLLATE utf8_unicode_ci NOT NULL
) ENGINE=InnoDB DEFAULT CHARSET=utf8mb3 COLLATE=utf8_unicode_ci;

--
-- Дамп данных таблицы `section_type`
--

INSERT INTO `section_type` (`id`, `title`, `slug`, `description`) VALUES
(1, 'Роддом', 'clinic', 'Роль роддома'),
(2, 'Женская консультация', 'consultation', 'Роль женской консультации');

-- --------------------------------------------------------

--
-- Структура таблицы `services`
--

CREATE TABLE `services` (
  `id` int NOT NULL,
  `title` varchar(50) CHARACTER SET utf8mb3 COLLATE utf8_unicode_ci NOT NULL,
  `description` text CHARACTER SET utf8mb3 COLLATE utf8_unicode_ci,
  `description_ext1` text CHARACTER SET utf8mb3 COLLATE utf8_unicode_ci,
  `description_ext2` text CHARACTER SET utf8mb3 COLLATE utf8_unicode_ci,
  `image_id` bigint UNSIGNED DEFAULT NULL,
  `article_id` int DEFAULT NULL,
  `trimester` int DEFAULT NULL,
  `slot_category_type` bigint UNSIGNED DEFAULT NULL COMMENT 'Категория услуги',
  `adv` tinyint(1) DEFAULT NULL,
  `area_min` int UNSIGNED DEFAULT NULL,
  `area_max` int UNSIGNED DEFAULT NULL
) ENGINE=InnoDB DEFAULT CHARSET=latin1;

--
-- Дамп данных таблицы `services`
--

INSERT INTO `services` (`id`, `title`, `description`, `description_ext1`, `description_ext2`, `image_id`, `article_id`, `trimester`, `slot_category_type`, `adv`, `area_min`, `area_max`) VALUES
(4, 'Обследование (Check-up) 1 триместр', 'Вам предстоит сдать обширный список анализов:\nобщий и биохимический анализ крови;\nобщий анализ мочи;\nтесты на ВИЧ, СПИД, гепатиты, ТОРЧ-инфекции и ЗППП;\nкоагулограмма;\nмазок на вагинальную микрофлору.\nТакже важно определить вашу группу крови и резус-фактор, для диагностики возможных патологий работы сердца выполняется ЭКГ.\n\n', NULL, NULL, NULL, NULL, 1, 8, 0, 0, 0),
(5, 'Обследование (Check-up).Многоплодная беременность.', 'На 18-21 неделе она проходит второй скрининг, «тройной тест», по которому врачи определяют уже более точно риск возможной патологии ребенка;\nС 18 по 21 неделю делают второе плановое УЗИ, оценивая состояние плаценты, околоплодных вод, смотрят, как развивается малыш, на этом сроке уже можно узнать его пол;\nСдают общий анализ мочи;\nСдают второе обследование на сифилис.', NULL, NULL, NULL, NULL, 2, 8, 0, 0, 0),
(6, 'Обследование (Check-up).Многоплодная беременность.', 'В период с 30 по 34 неделю делают третье УЗИ, определяют рост, примерный вес малыша, смотрят его расположение в матке, изучают состояние плаценты, нет ли обвития пуповины, смотрят количество и качество околоплодных вод.\nВ период с 32 по 35 неделю делают КТГ (кардиотокографию), исследуют работу сердечно-сосудистой системы эмбриона, наблюдают его двигательную активность. Это исследование помогает определить, как чувствует себя ребенок, нет ли проблем в развитии.\nС 36 недели и до родов гинеколог осматривает беременную каждую неделю.\nНа 30 неделе врач дает направление на общий анализ мочи, общий анализ крови, биохимический анализ крови, анализ на ВИЧ и гепатит, третье обследование на сифилис, берется мазок на цитологическое исследование', NULL, NULL, NULL, NULL, 3, 8, 0, 0, 0),
(8, 'Палата VIP', 'Уютная студия обеспечит максимальный комфорт и удовольствие от пребывания, возможность насладиться классической роскошью и элегантностью, станет приятным дополнением к долгожданному событию — рождению ребенка.', 'Уютная студия обеспечит максимальный комфорт и удовольствие от пребывания, возможность насладиться классической роскошью и элегантностью, станет приятным дополнением к долгожданному событию — рождению ребенка. В продуманном до мелочей интерьере гармонично объединены пространство для мамы и малыша и зона отдыха для ваших близких.', 'Интерьеры палат люкс оформлены в светлых тонах и создают ощущение уюта. В палатах современная мебель и бытовая техника: холодильник, электрочайник, вместительный шкаф-купе с зеркалом для одежды, кожаные кресла, передвижной журнальный столик. Кондиционер с климат-контролем, дезинфекторы воздуха и бесплатный wi-fi обеспечивают комфортные условия нахождения в стационаре. Для удобства пациентов палаты люкс оборудованы широкими кроватями. Отдельный туалет оснащен всем необходимым для выполнения санитарно-гигиенических процедур, в том числе и для тяжелобольных пациентов.', NULL, NULL, NULL, 2, NULL, 0, 0),
(9, 'Трансфер в роддом', 'Обеспечение трансфера в роддом при возникновении признаков родов', 'При возникновении признаков начала родовой деятельности беременной необходимо незамедлительно ехать в роддом. Вызов кареты скорой помощи обусловлен договором на роды, и беременной не стоит волноваться за трансфер.', NULL, NULL, NULL, NULL, 4, NULL, NULL, NULL),
(10, 'Маникюр', NULL, NULL, NULL, NULL, NULL, NULL, 4, NULL, NULL, NULL),
(16, 'Фотосъемка', 'Фотосъемка выписки из роддома', NULL, NULL, NULL, NULL, NULL, 4, NULL, NULL, NULL),
(17, 'Визажист', NULL, NULL, NULL, NULL, NULL, NULL, 4, NULL, NULL, NULL),
(18, 'Биострахование', NULL, NULL, NULL, NULL, NULL, NULL, 4, NULL, NULL, NULL),
(19, 'Трансфер  ', 'Трансфер после выписки из роддома', NULL, NULL, NULL, NULL, NULL, 4, NULL, NULL, NULL),
(20, 'Консультация психолога', NULL, NULL, NULL, NULL, NULL, NULL, 4, NULL, NULL, NULL),
(21, 'Видеосъемка', NULL, NULL, NULL, NULL, NULL, NULL, 4, NULL, NULL, NULL),
(22, 'Размещение в палате Делюкс', 'Комфортабельная палата отвечает высочайшими требованиям комфорта и безопасности и идеальна для совместного пребывания мамы и ребенка. Светлый, наполненный воздухом интерьер располагает к спокойному отдыху и заботе о малыше', NULL, NULL, 41, NULL, NULL, 2, NULL, NULL, NULL),
(24, 'Обследование (Check-up).Многоплодная беременность.', 'Вам предстоит сдать обширный список анализов:\nобщий и биохимический анализ крови;\nобщий анализ мочи;\nтесты на ВИЧ, СПИД, гепатиты, ТОРЧ-инфекции и ЗППП;\nкоагулограмма;\nмазок на вагинальную микрофлору.\nТакже важно определить вашу группу крови и резус-фактор, для диагностики возможных патологий работы сердца выполняется ЭКГ.\n\n', NULL, NULL, NULL, NULL, 1, 8, 0, NULL, NULL),
(25, 'Обследование (Check-up) 1 триместр', 'Вам предстоит сдать обширный список анализов:\nобщий и биохимический анализ крови;\nобщий анализ мочи;\nтесты на ВИЧ, СПИД, гепатиты, ТОРЧ-инфекции и ЗППП;\nкоагулограмма;\nмазок на вагинальную микрофлору.\nТакже важно определить вашу группу крови и резус-фактор, для диагностики возможных патологий работы сердца выполняется ЭКГ.\n\n', NULL, NULL, NULL, NULL, 1, 8, 0, NULL, NULL),
(26, 'Онлайн ведение беременности', NULL, NULL, NULL, NULL, NULL, 1, 4, NULL, NULL, NULL),
(27, 'ЭКО', NULL, NULL, NULL, NULL, NULL, 1, 8, NULL, NULL, NULL),
(28, 'йййй', NULL, NULL, NULL, NULL, NULL, 1, 6, 0, NULL, NULL);

-- --------------------------------------------------------

--
-- Структура таблицы `services_containers_repo`
--

CREATE TABLE `services_containers_repo` (
  `id` bigint UNSIGNED NOT NULL,
  `title` varchar(50) COLLATE utf8_unicode_ci DEFAULT NULL,
  `description` text COLLATE utf8_unicode_ci,
  `comment` text COLLATE utf8_unicode_ci
) ENGINE=InnoDB DEFAULT CHARSET=utf8mb3 COLLATE=utf8_unicode_ci;

--
-- Дамп данных таблицы `services_containers_repo`
--

INSERT INTO `services_containers_repo` (`id`, `title`, `description`, `comment`) VALUES
(4, 'Родовспоможение VIP', 'какое то описание пакета', 'null');

-- --------------------------------------------------------

--
-- Структура таблицы `service_containers`
--

CREATE TABLE `service_containers` (
  `id` bigint UNSIGNED NOT NULL,
  `container_id` int NOT NULL,
  `service_id` int NOT NULL,
  `overrided_title` varchar(50) COLLATE utf8_unicode_ci DEFAULT NULL,
  `overrided_description` text COLLATE utf8_unicode_ci,
  `comment` text COLLATE utf8_unicode_ci
) ENGINE=InnoDB DEFAULT CHARSET=utf8mb3 COLLATE=utf8_unicode_ci;

--
-- Дамп данных таблицы `service_containers`
--

INSERT INTO `service_containers` (`id`, `container_id`, `service_id`, `overrided_title`, `overrided_description`, `comment`) VALUES
(12, 4, 21, NULL, NULL, NULL),
(13, 4, 22, NULL, NULL, NULL),
(14, 4, 24, NULL, NULL, NULL);

-- --------------------------------------------------------

--
-- Структура таблицы `service_slot`
--

CREATE TABLE `service_slot` (
  `id` bigint UNSIGNED NOT NULL,
  `active` tinyint(1) NOT NULL DEFAULT '1',
  `title` varchar(50) COLLATE utf8_unicode_ci NOT NULL,
  `section` varchar(50) COLLATE utf8_unicode_ci DEFAULT NULL,
  `image_id` bigint UNSIGNED DEFAULT NULL,
  `service_id` bigint UNSIGNED NOT NULL,
  `price` int NOT NULL,
  `benefit_price` int DEFAULT NULL,
  `benefit_percent` int DEFAULT NULL,
  `contragent_id` bigint UNSIGNED NOT NULL,
  `entity_type` bigint UNSIGNED NOT NULL DEFAULT '1',
  `slot_category_type` bigint UNSIGNED DEFAULT NULL,
  `facilities_type` int DEFAULT NULL
) ENGINE=InnoDB DEFAULT CHARSET=utf8mb3 COLLATE=utf8_unicode_ci;

--
-- Дамп данных таблицы `service_slot`
--

INSERT INTO `service_slot` (`id`, `active`, `title`, `section`, `image_id`, `service_id`, `price`, `benefit_price`, `benefit_percent`, `contragent_id`, `entity_type`, `slot_category_type`, `facilities_type`) VALUES
(8, 1, 'Размещение в палате Делюкс', 'clinic', 42, 8, 120000, NULL, NULL, 15, 1, 2, 5),
(14, 1, 'Роддом 15', 'clinic', NULL, 3, 16000, NULL, NULL, 2, 1, 2, 2),
(15, 1, 'Роддом 15', 'clinic', NULL, 3, 24000, NULL, NULL, 2, 1, 2, 3),
(16, 1, 'Роддом 36', 'clinic', NULL, 3, 18000, NULL, NULL, 3, 1, 2, 2),
(17, 1, 'Роддом 36', 'clinic', NULL, 3, 14000, NULL, NULL, 3, 1, 2, 4),
(18, 1, 'Роддом 36', 'clinic', NULL, 3, 16000, NULL, NULL, 3, 1, 2, 5),
(19, 1, 'Роддом 36', 'clinic', NULL, 3, 20000, NULL, NULL, 3, 1, 2, 3),
(20, 1, 'Роддом 70', 'clinic', NULL, 3, 10000, NULL, NULL, 4, 1, 2, 4),
(21, 1, 'Роддом 40', 'clinic', NULL, 3, 12000, NULL, NULL, 7, 1, 2, 5),
(22, 1, 'Роддом 40', 'clinic', NULL, 3, 16000, NULL, NULL, 7, 1, 2, 3),
(24, 1, 'Роддом 40', 'clinic', NULL, 3, 15000, NULL, NULL, 7, 1, 2, 2),
(26, 1, 'Роддом 11', 'clinic', NULL, 3, 10000, NULL, NULL, 8, 1, 2, 5),
(27, 1, 'Роддом 11', 'clinic', NULL, 3, 15000, NULL, NULL, 8, 1, 2, 3),
(28, 1, 'Роддом 11', 'clinic', NULL, 3, 20000, NULL, NULL, 8, 1, 2, 2),
(29, 1, 'Роддом 3', 'clinic', NULL, 3, 8600, NULL, NULL, 10, 1, 2, 4),
(30, 1, 'Роддом 3', 'clinic', NULL, 3, 11220, NULL, NULL, 10, 1, 2, 2),
(31, 1, 'ЦКБ', 'clinic', NULL, 3, 12000, NULL, NULL, 11, 1, 2, 4),
(32, 1, 'ЦКБ', 'clinic', NULL, 3, 17200, NULL, NULL, 11, 1, 2, 3),
(33, 1, 'ЦКБ', 'clinic', NULL, 3, 25000, NULL, NULL, 11, 1, 2, 2),
(34, 1, 'Роддом 17', 'clinic', NULL, 3, 8500, NULL, NULL, 12, 1, 2, 4),
(35, 1, 'Роддом 27', 'clinic', NULL, 3, 12400, NULL, NULL, 13, 1, 2, 4),
(36, 1, 'Роддом 27', 'clinic', NULL, 3, 16000, NULL, NULL, 13, 1, 2, 5),
(37, 1, 'Роддом 27', 'clinic', NULL, 3, 18000, NULL, NULL, 13, 1, 2, 3),
(38, 1, 'Роддом 27', 'clinic', NULL, 3, 22000, NULL, NULL, 13, 1, 2, 2),
(39, 1, 'Роддом 8', 'clinic', NULL, 3, 9000, NULL, NULL, 14, 1, 2, 4),
(40, 1, 'Роддом 8', 'clinic', NULL, 3, 10500, NULL, NULL, 14, 1, 2, 3),
(41, 1, 'Роддом 8', 'clinic', NULL, 3, 14000, NULL, NULL, 14, 1, 2, 2),
(42, 1, 'ЕМЦ', 'clinic', NULL, 3, 45000, NULL, NULL, 15, 1, 2, 5),
(43, 1, 'ЕМЦ', 'clinic', NULL, 3, 65000, NULL, NULL, 15, 1, 2, 3),
(44, 1, 'ЕМЦ', 'clinic', NULL, 3, 85000, NULL, NULL, 15, 1, 2, 2),
(45, 1, 'Роддом Пирогова', 'clinic', NULL, 3, 8300, NULL, NULL, 17, 1, 2, 4),
(46, 1, 'Роддом Снегирева', 'clinic', NULL, 3, 8600, NULL, NULL, 18, 1, 2, 4),
(47, 1, 'Роддом МОНИИАГ', 'clinic', NULL, 3, 7600, NULL, NULL, 19, 1, 2, 4),
(48, 1, 'Мать и дитя', 'clinic', NULL, 3, 24000, NULL, NULL, 25, 1, 2, 4),
(49, 1, 'Мать и дитя', 'clinic', NULL, 3, 36000, NULL, NULL, 25, 1, 2, 5),
(50, 1, 'Мать и дитя', 'clinic', NULL, 3, 40000, NULL, NULL, 25, 1, 2, 3),
(51, 1, 'Мать и дитя', 'clinic', NULL, 3, 56000, NULL, NULL, 25, 1, 2, 2),
(52, 1, 'Кулакова', 'clinic', NULL, 3, 10000, NULL, NULL, 26, 1, 2, 4),
(53, 1, 'Кулакова', 'clinic', NULL, 3, 25000, NULL, NULL, 26, 1, 2, 2),
(54, 1, 'Кулакова', 'clinic', NULL, 3, 20000, NULL, NULL, 26, 1, 2, 3),
(55, 1, 'Евромед', 'clinic', NULL, 3, 12000, NULL, NULL, 34, 1, 2, 4),
(56, 1, 'Евромед', 'clinic', NULL, 3, 18000, NULL, NULL, 34, 1, 2, 3),
(57, 1, 'Евромед', 'clinic', NULL, 3, 24000, NULL, NULL, 34, 1, 2, 2),
(58, 1, 'Сергунина Ольга', 'clinic', NULL, 1, 90000, NULL, NULL, 15, 1, 1, NULL),
(61, 1, 'Естественные роды', 'clinic', NULL, 1, 25000, NULL, NULL, 1, 1, 3, NULL),
(62, 1, 'Кесарево сечение', 'clinic', NULL, 2, 35000, NULL, NULL, 1, 1, 3, NULL),
(63, 1, 'Мягкие роды', 'clinic', NULL, 3, 31000, NULL, NULL, 1, 1, 3, NULL),
(64, 1, 'Партнерские роды', 'clinic', NULL, 4, 37000, NULL, NULL, 1, 1, 3, NULL),
(65, 1, 'Роды в воду', 'clinic', NULL, 5, 45000, NULL, NULL, 1, 1, 3, NULL),
(66, 1, 'Вертикальные роды', 'clinic', NULL, 7, 31500, NULL, NULL, 1, 1, 3, NULL),
(67, 1, 'Естественные роды', 'clinic', NULL, 1, 25000, NULL, NULL, 2, 1, 3, NULL),
(68, 1, 'Кесарево сечение', 'clinic', NULL, 2, 35000, NULL, NULL, 2, 1, 3, NULL),
(69, 1, 'Мягкие роды', 'clinic', NULL, 3, 31000, NULL, NULL, 2, 1, 3, NULL),
(70, 1, 'Партнерские роды', 'clinic', NULL, 4, 45000, NULL, NULL, 2, 1, 3, NULL),
(71, 1, 'Роды в воду', 'clinic', NULL, 5, 45000, NULL, NULL, 2, 1, 3, NULL),
(72, 1, 'Вертикальные роды', 'clinic', NULL, 7, 31500, NULL, NULL, 2, 1, 3, NULL),
(73, 1, 'Естественные роды', 'clinic', NULL, 1, 25000, NULL, NULL, 3, 1, 3, NULL),
(74, 1, 'Кесарево сечение', 'clinic', NULL, 2, 35000, NULL, NULL, 3, 1, 3, NULL),
(75, 1, 'Мягкие роды', 'clinic', NULL, 3, 31000, NULL, NULL, 3, 1, 3, NULL),
(76, 1, 'Партнерские роды', 'clinic', NULL, 4, 37000, NULL, NULL, 3, 1, 3, NULL),
(77, 1, 'Роды в воду', 'clinic', NULL, 5, 45000, NULL, NULL, 3, 1, 3, NULL),
(78, 1, 'Вертикальные роды', 'clinic', NULL, 7, 31500, NULL, NULL, 3, 1, 3, NULL),
(79, 1, 'Естественные роды', 'clinic', NULL, 1, 25000, NULL, NULL, 4, 1, 3, NULL),
(80, 1, 'Кесарево сечение', 'clinic', NULL, 2, 35000, NULL, NULL, 4, 1, 3, NULL),
(81, 1, 'Мягкие роды', 'clinic', NULL, 3, 31000, NULL, NULL, 4, 1, 3, NULL),
(82, 1, 'Партнерские роды', 'clinic', NULL, 4, 37000, NULL, NULL, 4, 1, 3, NULL),
(83, 1, 'Роды в воду', 'clinic', NULL, 5, 45000, NULL, NULL, 4, 1, 3, NULL),
(84, 1, 'Вертикальные роды', 'clinic', NULL, 7, 31500, NULL, NULL, 4, 1, 3, NULL),
(85, 1, 'Естественные роды', 'clinic', NULL, 1, 25000, NULL, NULL, 7, 1, 3, NULL),
(86, 1, 'Кесарево сечение', 'clinic', NULL, 2, 35000, NULL, NULL, 7, 1, 3, NULL),
(87, 1, 'Партнерские роды', 'clinic', NULL, 4, 37000, NULL, NULL, 7, 1, 3, NULL),
(88, 1, 'Мягкие роды', 'clinic', NULL, 3, 22541, NULL, NULL, 7, 1, 3, NULL),
(89, 1, 'Роды в воду', 'clinic', NULL, 5, 45000, NULL, NULL, 7, 1, 3, NULL),
(90, 1, 'Вертикальные роды', 'clinic', NULL, 7, 31500, NULL, NULL, 7, 1, 3, NULL),
(91, 1, 'Естественные роды', 'clinic', NULL, 1, 25000, NULL, NULL, 8, 1, 3, NULL),
(92, 1, 'Кесарево сечение', 'clinic', NULL, 2, 35000, NULL, NULL, 8, 1, 3, NULL),
(93, 1, 'Мягкие роды', 'clinic', NULL, 3, 22541, NULL, NULL, 8, 1, 3, NULL),
(94, 1, 'Партнерские роды', 'clinic', NULL, 4, 37000, NULL, NULL, 8, 1, 3, NULL),
(95, 1, 'Роды в воду', 'clinic', NULL, 5, 45000, NULL, NULL, 8, 1, 3, NULL),
(96, 1, 'Вертикальные роды', 'clinic', NULL, 7, 31500, NULL, NULL, 8, 1, 3, NULL),
(97, 1, 'Естественные роды', 'clinic', NULL, 1, 25000, NULL, NULL, 9, 1, 3, NULL),
(98, 1, 'Кесарево сечение', 'clinic', NULL, 2, 35000, NULL, NULL, 9, 1, 3, NULL),
(99, 1, 'Мягкие роды', 'clinic', NULL, 3, 31000, NULL, NULL, 9, 1, 3, NULL),
(100, 1, 'Партнерские роды', 'clinic', NULL, 4, 37000, NULL, NULL, 9, 1, 3, NULL),
(101, 1, 'Вертикальные роды', 'clinic', NULL, 7, 31500, NULL, NULL, 9, 1, 3, NULL),
(102, 1, 'Роды в воду', 'clinic', NULL, 5, 45000, NULL, NULL, 9, 1, 3, NULL),
(103, 1, 'Естественные роды', 'clinic', NULL, 1, 25000, NULL, NULL, 10, 1, 3, NULL),
(104, 1, 'Кесарево сечение', 'clinic', NULL, 2, 35000, NULL, NULL, 10, 1, 3, NULL),
(105, 1, 'Мягкие роды', 'clinic', NULL, 3, 31000, NULL, NULL, 10, 1, 3, NULL),
(106, 1, 'Партнерские роды', 'clinic', NULL, 4, 37000, NULL, NULL, 10, 1, 3, NULL),
(107, 1, 'Роды в воду', 'clinic', NULL, 5, 45000, NULL, NULL, 10, 1, 3, NULL),
(108, 1, 'Вертикальные роды', 'clinic', NULL, 7, 31500, NULL, NULL, 10, 1, 3, NULL),
(109, 1, 'Естественные роды', 'clinic', NULL, 1, 25000, NULL, NULL, 11, 1, 3, NULL),
(110, 1, 'Кесарево сечение', 'clinic', NULL, 2, 35000, NULL, NULL, 11, 1, 3, NULL),
(111, 1, 'Мягкие роды', 'clinic', NULL, 3, 31000, NULL, NULL, 11, 1, 3, NULL),
(112, 1, 'Партнерские роды', 'clinic', NULL, 4, 37000, NULL, NULL, 11, 1, 3, NULL),
(113, 1, 'Роды в воду', 'clinic', NULL, 5, 45000, NULL, NULL, 11, 1, 3, NULL),
(114, 1, 'Вертикальные роды', 'clinic', NULL, 7, 31500, NULL, NULL, 11, 1, 3, NULL),
(118, 1, 'Естественные роды', 'clinic', NULL, 1, 25000, NULL, NULL, 12, 1, 3, NULL),
(119, 1, 'Кесарево сечение', 'clinic', NULL, 2, 35000, NULL, NULL, 12, 1, 3, NULL),
(120, 1, 'Мягкие роды', 'clinic', NULL, 3, 31000, NULL, NULL, 12, 1, 3, NULL),
(121, 1, 'Партнерские роды', 'clinic', NULL, 4, 37000, NULL, NULL, 12, 1, 3, NULL),
(122, 1, 'Роды в воду', 'clinic', NULL, 5, 45000, NULL, NULL, 12, 1, 3, NULL),
(123, 1, 'Вертикальные роды', 'clinic', NULL, 7, 31500, NULL, NULL, 12, 1, 3, NULL),
(124, 1, 'Естественные роды', 'clinic', NULL, 1, 25000, NULL, NULL, 13, 1, 3, NULL),
(126, 1, 'Кесарево сечение', 'clinic', NULL, 2, 35000, NULL, NULL, 13, 1, 3, NULL),
(127, 1, 'Мягкие роды', 'clinic', NULL, 3, 31000, NULL, NULL, 13, 1, 3, NULL),
(128, 1, 'Партнерские роды', 'clinic', NULL, 4, 37000, NULL, NULL, 13, 1, 3, NULL),
(129, 1, 'Роды в воду', 'clinic', NULL, 5, 45000, NULL, NULL, 13, 1, 3, NULL),
(130, 1, 'Вертикальные роды', 'clinic', NULL, 7, 31500, NULL, NULL, 13, 1, 3, NULL),
(132, 1, 'Удалить', 'clinic', NULL, 6, 9999999, NULL, NULL, 1, 2, 2, 1),
(135, 1, 'Поляков  Николай', 'clinic', NULL, 2, 60000, NULL, NULL, 15, 1, 1, NULL),
(136, 1, 'Кан Наталья', 'clinic', NULL, 3, 95000, NULL, NULL, 15, 1, 1, NULL),
(137, 1, 'Тютюнник Виктор', 'clinic', NULL, 4, 85000, NULL, NULL, 15, 1, 1, NULL),
(138, 1, 'Гаяна Саакян ', 'clinic', NULL, 8, 50000, NULL, NULL, 15, 1, 1, NULL),
(139, 1, 'Куруглиев Али', 'clinic', NULL, 9, 70000, NULL, NULL, 15, 1, 1, NULL),
(140, 1, 'Артур Ли', 'clinic', NULL, 10, 30000, NULL, NULL, 1, 1, 1, NULL),
(141, 1, 'Алексей Волкодав', 'clinic', NULL, 11, 30000, NULL, NULL, 1, 1, 1, NULL),
(142, 1, 'Горбунова Ольга', 'clinic', NULL, 12, 30000, NULL, NULL, 1, 1, 1, NULL),
(143, 1, 'Ионов Олег', 'clinic', NULL, 13, 30000, NULL, NULL, 1, 1, 1, NULL),
(144, 1, 'Конышева Ольга', 'clinic', NULL, 14, 30000, NULL, NULL, 2, 1, 1, NULL),
(145, 1, 'Глотова Ольга', 'clinic', NULL, 15, 30000, NULL, NULL, 2, 1, 1, NULL),
(146, 1, 'Евграфова Алла', 'clinic', NULL, 16, 30000, NULL, NULL, 2, 1, 1, NULL),
(147, 1, 'Лукина Нина', 'clinic', NULL, 17, 30000, NULL, NULL, 2, 1, 1, NULL),
(148, 1, 'Медникова Елена', 'clinic', NULL, 18, 30000, NULL, NULL, 2, 1, 1, NULL),
(149, 1, 'Васильева Людмила', 'clinic', NULL, 19, 30000, NULL, NULL, 2, 1, 1, NULL),
(150, 1, 'Анастасия Григорьева ', 'clinic', NULL, 20, 30000, NULL, NULL, 2, 1, 1, NULL),
(151, 1, 'Коршунова Наталья ', 'clinic', NULL, 21, 30000, NULL, NULL, 2, 1, 1, NULL),
(152, 1, 'Сазанова Инна', 'clinic', NULL, 22, 30000, NULL, NULL, 2, 1, 1, NULL),
(153, 1, 'Лосик Юлия', 'clinic', NULL, 23, 30000, NULL, NULL, 3, 1, 1, NULL),
(154, 1, 'Куланина Земфира ', 'clinic', NULL, 25, 30000, NULL, NULL, 3, 1, 1, NULL),
(155, 1, 'Чумаченко Александр', 'clinic', NULL, 26, 30000, NULL, NULL, 3, 1, 1, NULL),
(156, 1, 'Любешкина Вера', 'clinic', NULL, 27, 30000, NULL, NULL, 3, 1, 1, NULL),
(157, 1, 'Зрагус Елена', 'clinic', NULL, 28, 30000, NULL, NULL, 3, 1, 1, NULL),
(158, 1, 'Кравец Яна', 'clinic', NULL, 29, 30000, NULL, NULL, 4, 1, 1, NULL),
(159, 1, 'Синев Николай', 'clinic', NULL, 30, 30000, NULL, NULL, 4, 1, 1, NULL),
(160, 1, 'Изиева Мадина ', 'clinic', NULL, 31, 30000, NULL, NULL, 4, 1, 1, NULL),
(161, 1, 'Степанова Данна', 'clinic', NULL, 32, 30000, NULL, NULL, 4, 1, 1, NULL),
(162, 1, 'Лопухина Екатерина ', 'clinic', NULL, 33, 30000, NULL, NULL, 4, 1, 1, NULL),
(163, 1, 'Марченко Мариана ', 'clinic', NULL, 34, 30000, NULL, NULL, 4, 1, 1, NULL),
(164, 1, 'Сахарова Олеся ', 'clinic', NULL, 35, 30000, NULL, NULL, 7, 1, 1, NULL),
(165, 1, 'Калинина Лариса ', 'clinic', NULL, 36, 30000, NULL, NULL, 7, 1, 1, NULL),
(166, 1, 'Салихова Ирина', 'clinic', NULL, 37, 30000, NULL, NULL, 7, 1, 1, NULL),
(167, 1, 'Новикова Татьяна', 'clinic', NULL, 38, 30000, NULL, NULL, 7, 1, 1, NULL),
(168, 1, 'Скрипцина Наталья', 'clinic', NULL, 40, 30000, NULL, NULL, 8, 1, 1, NULL),
(169, 1, 'Пашкова Алла', 'clinic', NULL, 41, 30000, NULL, NULL, 8, 1, 1, NULL),
(170, 1, 'Любанская Светлана', 'clinic', NULL, 42, 30000, NULL, NULL, 8, 1, 1, NULL),
(171, 1, 'Боброва Ольга ', 'clinic', NULL, 43, 30000, NULL, NULL, 9, 1, 1, NULL),
(172, 1, 'Волкова Наталия ', 'clinic', NULL, 44, 30000, NULL, NULL, 9, 1, 1, NULL),
(173, 1, 'Луговой Артем', 'clinic', NULL, 45, 30000, NULL, NULL, 9, 1, 1, NULL),
(174, 1, 'Гогичаишвили Галина ', 'clinic', NULL, 46, 30000, NULL, NULL, 9, 1, 1, NULL),
(175, 1, 'Чунаев Роман ', 'clinic', NULL, 47, 30000, NULL, NULL, 10, 1, 1, NULL),
(176, 1, 'Хромылёв Алексей ', 'clinic', NULL, 48, 30000, NULL, NULL, 10, 1, 1, NULL),
(177, 1, 'Гринева Нина ', 'clinic', NULL, 49, 30000, NULL, NULL, 10, 1, 1, NULL),
(178, 1, 'Тишина Мария', 'clinic', NULL, 50, 30000, NULL, NULL, 10, 1, 1, NULL),
(179, 1, 'Буртасова Евгения', 'clinic', NULL, 51, 30000, NULL, NULL, 10, 1, 1, NULL),
(180, 1, 'Кон Юрий ', 'clinic', NULL, 52, 30000, NULL, NULL, 10, 1, 1, NULL),
(181, 1, 'Ткаченко Евгений', 'clinic', NULL, 53, 30000, NULL, NULL, 10, 1, 1, NULL),
(182, 1, 'Олейникова Наталья ', 'clinic', NULL, 54, 30000, NULL, NULL, 11, 1, 1, NULL),
(184, 1, 'Баранова Мария ', 'clinic', NULL, 57, 30000, NULL, NULL, 11, 1, 1, NULL),
(186, 1, 'Рашидов Тимур', 'clinic', NULL, 58, 30000, NULL, NULL, 18, 1, 1, NULL),
(187, 1, 'Савельева Анастасия', 'clinic', NULL, 59, 30000, NULL, NULL, 12, 1, 1, NULL),
(188, 1, 'Исаева Татьяна ', 'clinic', NULL, 60, 30000, NULL, NULL, 12, 1, 1, NULL),
(189, 1, 'Рогова Юлия ', 'clinic', NULL, 61, 30000, NULL, NULL, 12, 1, 1, NULL),
(190, 1, 'Чара Еганова ', 'clinic', NULL, 62, 30000, NULL, NULL, 13, 1, 1, NULL),
(191, 1, 'Буренкова Ирина ', 'clinic', NULL, 63, 30000, NULL, NULL, 13, 1, 1, NULL),
(192, 1, 'Родионов Евгений ', 'clinic', NULL, 64, 30000, NULL, NULL, 13, 1, 1, NULL),
(193, 1, 'Сапожникова Виктория ', 'clinic', NULL, 65, 30000, NULL, NULL, 13, 1, 1, NULL),
(194, 1, 'Готишан Елена ', 'clinic', NULL, 66, 30000, NULL, NULL, 13, 1, 1, NULL),
(195, 1, 'Буйнов Евгений ', 'clinic', NULL, 67, 30000, NULL, NULL, 13, 1, 1, NULL),
(196, 1, 'Моисеева Марианна ', 'clinic', NULL, 68, 30000, NULL, NULL, 13, 1, 1, NULL),
(197, 1, 'Тимошенкова Лариса ', 'clinic', NULL, 69, 30000, NULL, NULL, 13, 1, 1, NULL),
(198, 1, 'Деревяга Оксана ', 'clinic', NULL, 70, 30000, NULL, NULL, 13, 1, 1, NULL),
(199, 1, 'Демянюк Галина', 'clinic', NULL, 71, 30000, NULL, NULL, 20, 1, 1, NULL),
(200, 1, 'Аскерова Нюбар ', 'clinic', NULL, 72, 30000, NULL, NULL, 20, 1, 1, NULL),
(201, 1, 'Захаренко Наталья ', 'clinic', NULL, 73, 30000, NULL, NULL, 20, 1, 1, NULL),
(202, 1, 'Падафа Ирина ', 'clinic', NULL, 75, 30000, NULL, NULL, 33, 1, 1, NULL),
(203, 1, 'Пичкур Елена ', 'clinic', NULL, 76, 30000, NULL, NULL, 33, 1, 1, NULL),
(204, 1, 'Леладзе Григорий ', 'clinic', NULL, 77, 30000, NULL, NULL, 33, 1, 1, NULL),
(205, 1, 'Сонголова Екатерина ', 'clinic', NULL, 78, 30000, NULL, NULL, 32, 1, 1, NULL),
(206, 1, 'Месхи Нестор ', 'clinic', NULL, 79, 30000, NULL, NULL, 32, 1, 1, NULL),
(207, 1, 'Немировский Вячеслав ', 'clinic', NULL, 80, 30000, NULL, NULL, 32, 1, 1, NULL),
(208, 1, 'Дежурный врач-гинеколог', 'clinic', NULL, 81, 34500, NULL, NULL, 1, 1, 1, NULL),
(209, 1, 'Врач анестезиолог', 'clinic', NULL, 82, 28000, NULL, NULL, 1, 1, 1, NULL),
(210, 1, 'Врач акушер-гинеколог', 'clinic', NULL, 81, 34500, NULL, NULL, 2, 1, 1, NULL),
(211, 1, 'Врач акушер-гинеколог', 'clinic', NULL, 81, 34500, NULL, NULL, 3, 1, 1, NULL),
(212, 1, 'Врач акушер-гинеколог', 'clinic', NULL, 81, 34500, NULL, NULL, 4, 1, 1, NULL),
(213, 1, 'Врач акушер-гинеколог', 'clinic', NULL, 81, 34500, NULL, NULL, 5, 1, 1, NULL),
(214, 1, 'Врач акушер-гинеколог', 'clinic', NULL, 81, 34500, NULL, NULL, 6, 1, 1, NULL),
(215, 1, 'Врач акушер-гинеколог', 'clinic', NULL, 81, 34500, NULL, NULL, 7, 1, 1, NULL),
(216, 1, 'Врач акушер-гинеколог', 'clinic', NULL, 81, 34500, NULL, NULL, 8, 1, 1, NULL),
(217, 1, 'Врач акушер-гинеколог', 'clinic', NULL, 81, 34500, NULL, NULL, 9, 1, 1, NULL),
(218, 1, 'Врач акушер-гинеколог', 'clinic', NULL, 81, 34500, NULL, NULL, 10, 1, 1, NULL),
(219, 1, 'Врач акушер-гинеколог', 'clinic', NULL, 81, 34500, NULL, NULL, 11, 1, 1, NULL),
(220, 1, 'Врач акушер-гинеколог', 'clinic', NULL, 81, 34500, NULL, NULL, 12, 1, 1, NULL),
(221, 1, 'Врач акушер-гинеколог', 'clinic', NULL, 81, 34500, NULL, NULL, 13, 1, 1, NULL),
(222, 1, 'Врач акушер-гинеколог', 'clinic', NULL, 81, 34500, NULL, NULL, 14, 1, 1, NULL),
(223, 1, 'Врач акушер-гинеколог', 'clinic', NULL, 81, 34500, NULL, NULL, 15, 1, 1, NULL),
(224, 1, 'Врач акушер-гинеколог', 'clinic', NULL, 81, 34500, NULL, NULL, 18, 1, 1, NULL),
(225, 1, 'Врач акушер-гинеколог', 'clinic', NULL, 81, 34500, NULL, NULL, 19, 1, 1, NULL),
(226, 1, 'Врач акушер-гинеколог', 'clinic', NULL, 81, 34500, NULL, NULL, 20, 1, 1, NULL),
(227, 1, 'Врач акушер-гинеколог', 'clinic', NULL, 81, 34500, NULL, NULL, 23, 1, 1, NULL),
(228, 1, 'Врач акушер-гинеколог', 'clinic', NULL, 81, 34500, NULL, NULL, 24, 1, 1, NULL),
(229, 1, 'Врач акушер-гинеколог', 'clinic', NULL, 81, 34500, NULL, NULL, 25, 1, 1, NULL),
(230, 1, 'Врач акушер-гинеколог', 'clinic', NULL, 81, 34500, NULL, NULL, 26, 1, 1, NULL),
(231, 1, 'Врач акушер-гинеколог', 'clinic', NULL, 81, 34500, NULL, NULL, 27, 1, 1, NULL),
(232, 1, 'Врач акушер-гинеколог', 'clinic', NULL, 81, 34500, NULL, NULL, 29, 1, 1, NULL),
(233, 1, 'Врач акушер-гинеколог', 'clinic', NULL, 81, 34500, NULL, NULL, 30, 1, 1, NULL),
(234, 1, 'Врач акушер-гинеколог', 'clinic', NULL, 81, 34500, NULL, NULL, 32, 1, 1, NULL),
(235, 1, 'Врач акушер-гинеколог', 'clinic', NULL, 81, 34500, NULL, NULL, 33, 1, 1, NULL),
(236, 1, 'Врач акушер-гинеколог', 'clinic', NULL, 81, 34500, NULL, NULL, 34, 1, 1, NULL),
(237, 1, 'Врач анестезиолог', 'clinic', NULL, 82, 34500, NULL, NULL, 2, 1, 1, NULL),
(238, 1, 'Врач анестезиолог', 'clinic', NULL, 82, 34500, NULL, NULL, 3, 1, 1, NULL),
(239, 1, 'Врач анестезиолог', 'clinic', NULL, 82, 34500, NULL, NULL, 4, 1, 1, NULL),
(240, 1, 'Врач анестезиолог', 'clinic', NULL, 82, 34500, NULL, NULL, 5, 1, 1, NULL),
(241, 1, 'Врач анестезиолог', 'clinic', NULL, 82, 34500, NULL, NULL, 6, 1, 1, NULL),
(242, 1, 'Врач анестезиолог', 'clinic', NULL, 82, 34500, NULL, NULL, 7, 1, 1, NULL),
(243, 1, 'Врач анестезиолог', 'clinic', NULL, 82, 34500, NULL, NULL, 8, 1, 1, NULL),
(244, 1, 'Врач анестезиолог', 'clinic', NULL, 82, 34500, NULL, NULL, 9, 1, 1, NULL),
(245, 1, 'Врач анестезиолог', 'clinic', NULL, 82, 34500, NULL, NULL, 10, 1, 1, NULL),
(246, 1, 'Врач анестезиолог', 'clinic', NULL, 82, 34500, NULL, NULL, 11, 1, 1, NULL),
(247, 1, 'Врач анестезиолог', 'clinic', NULL, 82, 34500, NULL, NULL, 12, 1, 1, NULL),
(248, 1, 'Врач анестезиолог', 'clinic', NULL, 82, 34500, NULL, NULL, 13, 1, 1, NULL),
(249, 1, 'Врач анестезиолог', 'clinic', NULL, 82, 34500, NULL, NULL, 14, 1, 1, NULL),
(250, 1, 'Врач анестезиолог', 'clinic', NULL, 82, 34500, NULL, NULL, 15, 1, 1, NULL),
(251, 1, 'Врач анестезиолог', 'clinic', NULL, 82, 34500, NULL, NULL, 18, 1, 1, NULL),
(252, 1, 'Врач анестезиолог', 'clinic', NULL, 82, 34500, NULL, NULL, 19, 1, 1, NULL),
(253, 1, 'Врач анестезиолог', 'clinic', NULL, 82, 34500, NULL, NULL, 20, 1, 1, NULL),
(254, 1, 'Врач анестезиолог', 'clinic', NULL, 82, 34500, NULL, NULL, 23, 1, 1, NULL),
(255, 1, 'Врач анестезиолог', 'clinic', NULL, 82, 34500, NULL, NULL, 24, 1, 1, NULL),
(256, 1, 'Врач анестезиолог', 'clinic', NULL, 82, 34500, NULL, NULL, 25, 1, 1, NULL),
(257, 1, 'Врач анестезиолог', 'clinic', NULL, 82, 34500, NULL, NULL, 26, 1, 1, NULL),
(258, 1, 'Врач анестезиолог', 'clinic', NULL, 82, 34500, NULL, NULL, 27, 1, 1, NULL),
(259, 1, 'Врач анестезиолог', 'clinic', NULL, 82, 34500, NULL, NULL, 29, 1, 1, NULL),
(260, 1, 'Врач анестезиолог', 'clinic', NULL, 82, 34500, NULL, NULL, 30, 1, 1, NULL),
(261, 1, 'Врач анестезиолог', 'clinic', NULL, 82, 34500, NULL, NULL, 32, 1, 1, NULL),
(262, 1, 'Врач анестезиолог', 'clinic', NULL, 82, 34500, NULL, NULL, 33, 1, 1, NULL),
(263, 1, 'Врач анестезиолог', 'clinic', NULL, 82, 34500, NULL, NULL, 34, 1, 1, NULL),
(264, 1, 'Врач-неонатолог', 'clinic', NULL, 83, 34500, NULL, NULL, 1, 1, 1, NULL),
(265, 1, 'Врач-неонатолог', 'clinic', NULL, 83, 34500, NULL, NULL, 2, 1, 1, NULL),
(266, 1, 'Врач-неонатолог', 'clinic', NULL, 83, 34500, NULL, NULL, 3, 1, 1, NULL),
(267, 1, 'Врач-неонатолог', 'clinic', NULL, 83, 34500, NULL, NULL, 4, 1, 1, NULL),
(268, 1, 'Врач-неонатолог', 'clinic', NULL, 83, 34500, NULL, NULL, 5, 1, 1, NULL),
(269, 1, 'Врач-неонатолог', 'clinic', NULL, 83, 34500, NULL, NULL, 6, 1, 1, NULL),
(270, 1, 'Врач-неонатолог', 'clinic', NULL, 83, 34500, NULL, NULL, 7, 1, 1, NULL),
(271, 1, 'Врач-неонатолог', 'clinic', NULL, 83, 34500, NULL, NULL, 8, 1, 1, NULL),
(272, 1, 'Врач-неонатолог', 'clinic', NULL, 83, 34500, NULL, NULL, 9, 1, 1, NULL),
(273, 1, 'Врач-неонатолог', 'clinic', NULL, 83, 34500, NULL, NULL, 10, 1, 1, NULL),
(274, 1, 'Врач-неонатолог', 'clinic', NULL, 83, 34500, NULL, NULL, 11, 1, 1, NULL),
(275, 1, 'Врач-неонатолог', 'clinic', NULL, 83, 34500, NULL, NULL, 12, 1, 1, NULL),
(276, 1, 'Врач-неонатолог', 'clinic', NULL, 83, 34500, NULL, NULL, 13, 1, 1, NULL),
(277, 1, 'Врач-неонатолог', 'clinic', NULL, 83, 34500, NULL, NULL, 14, 1, 1, NULL),
(278, 1, 'Врач-неонатолог', 'clinic', NULL, 83, 34500, NULL, NULL, 15, 1, 1, NULL),
(279, 1, 'Врач-неонатолог', 'clinic', NULL, 83, 34500, NULL, NULL, 18, 1, 1, NULL),
(280, 1, 'Врач-неонатолог', 'clinic', NULL, 83, 34500, NULL, NULL, 19, 1, 1, NULL),
(281, 1, 'Врач-неонатолог', 'clinic', NULL, 83, 34500, NULL, NULL, 20, 1, 1, NULL),
(282, 1, 'Врач-неонатолог', 'clinic', NULL, 83, 34500, NULL, NULL, 23, 1, 1, NULL),
(283, 1, 'Врач-неонатолог', 'clinic', NULL, 83, 34500, NULL, NULL, 24, 1, 1, NULL),
(284, 1, 'Врач-неонатолог', 'clinic', NULL, 83, 34500, NULL, NULL, 25, 1, 1, NULL),
(285, 1, 'Врач-неонатолог', 'clinic', NULL, 83, 34500, NULL, NULL, 26, 1, 1, NULL),
(286, 1, 'Врач-неонатолог', 'clinic', NULL, 83, 34500, NULL, NULL, 27, 1, 1, NULL),
(287, 1, 'Врач-неонатолог', 'clinic', NULL, 83, 34500, NULL, NULL, 29, 1, 1, NULL),
(288, 1, 'Врач-неонатолог', 'clinic', NULL, 83, 34500, NULL, NULL, 30, 1, 1, NULL),
(289, 1, 'Врач-неонатолог', 'clinic', NULL, 83, 34500, NULL, NULL, 32, 1, 1, NULL),
(290, 1, 'Врач-неонатолог', 'clinic', NULL, 83, 34500, NULL, NULL, 33, 1, 1, NULL),
(291, 1, 'Врач-неонатолог', 'clinic', NULL, 83, 34500, NULL, NULL, 34, 1, 1, NULL),
(292, 1, 'Акушерка', 'clinic', NULL, 84, 34500, NULL, NULL, 1, 1, 1, NULL),
(293, 1, 'Акушерка', 'clinic', NULL, 84, 34500, NULL, NULL, 2, 1, 1, NULL),
(294, 1, 'Акушерка', 'clinic', NULL, 84, 34500, NULL, NULL, 3, 1, 1, NULL),
(295, 1, 'Акушерка', 'clinic', NULL, 84, 34500, NULL, NULL, 4, 1, 1, NULL),
(296, 1, 'Акушерка', 'clinic', NULL, 84, 34500, NULL, NULL, 5, 1, 1, NULL),
(297, 1, 'Акушерка', 'clinic', NULL, 84, 34500, NULL, NULL, 6, 1, 1, NULL),
(298, 1, 'Акушерка', 'clinic', NULL, 84, 34500, NULL, NULL, 7, 1, 1, NULL),
(299, 1, 'Акушерка', 'clinic', NULL, 84, 34500, NULL, NULL, 8, 1, 1, NULL),
(300, 1, 'Акушерка', 'clinic', NULL, 84, 34500, NULL, NULL, 9, 1, 1, NULL),
(301, 1, 'Акушерка', 'clinic', NULL, 84, 34500, NULL, NULL, 10, 1, 1, NULL),
(302, 1, 'Акушерка', 'clinic', NULL, 84, 34500, NULL, NULL, 11, 1, 1, NULL),
(303, 1, 'Акушерка', 'clinic', NULL, 84, 34500, NULL, NULL, 12, 1, 1, NULL),
(304, 1, 'Акушерка', 'clinic', NULL, 84, 34500, NULL, NULL, 13, 1, 1, NULL),
(305, 1, 'Акушерка', 'clinic', NULL, 84, 34500, NULL, NULL, 14, 1, 1, NULL),
(306, 1, 'Акушерка', 'clinic', NULL, 84, 34500, NULL, NULL, 15, 1, 1, NULL),
(307, 1, 'Акушерка', 'clinic', NULL, 84, 34500, NULL, NULL, 18, 1, 1, NULL),
(308, 1, 'Акушерка', 'clinic', NULL, 84, 34500, NULL, NULL, 19, 1, 1, NULL),
(309, 1, 'Акушерка', 'clinic', NULL, 84, 34500, NULL, NULL, 20, 1, 1, NULL),
(310, 1, 'Акушерка', 'clinic', NULL, 84, 34500, NULL, NULL, 23, 1, 1, NULL),
(311, 1, 'Акушерка', 'clinic', NULL, 84, 34500, NULL, NULL, 24, 1, 1, NULL),
(312, 1, 'Акушерка', 'clinic', NULL, 84, 34500, NULL, NULL, 25, 1, 1, NULL),
(313, 1, 'Акушерка', 'clinic', NULL, 84, 34500, NULL, NULL, 26, 1, 1, NULL),
(314, 1, 'Акушерка', 'clinic', NULL, 84, 34500, NULL, NULL, 27, 1, 1, NULL),
(315, 1, 'Акушерка', 'clinic', NULL, 84, 34500, NULL, NULL, 29, 1, 1, NULL),
(316, 1, 'Акушерка', 'clinic', NULL, 84, 34500, NULL, NULL, 30, 1, 1, NULL),
(317, 1, 'Акушерка', 'clinic', NULL, 84, 34500, NULL, NULL, 32, 1, 1, NULL),
(318, 1, 'Акушерка', 'clinic', NULL, 84, 34500, NULL, NULL, 33, 1, 1, NULL),
(319, 1, 'Акушерка', 'clinic', NULL, 84, 34500, NULL, NULL, 34, 1, 1, NULL),
(320, 1, 'Доула', 'clinic', NULL, 85, 34500, NULL, NULL, 1, 1, 1, NULL),
(321, 1, 'Доула', 'clinic', NULL, 85, 34500, NULL, NULL, 2, 1, 1, NULL),
(322, 1, 'Доула', 'clinic', NULL, 85, 34500, NULL, NULL, 3, 1, 1, NULL),
(323, 1, 'Доула', 'clinic', NULL, 85, 34500, NULL, NULL, 4, 1, 1, NULL),
(324, 1, 'Доула', 'clinic', NULL, 85, 34500, NULL, NULL, 5, 1, 1, NULL),
(325, 1, 'Доула', 'clinic', NULL, 85, 34500, NULL, NULL, 6, 1, 1, NULL),
(326, 1, 'Доула', 'clinic', NULL, 85, 34500, NULL, NULL, 7, 1, 1, NULL),
(327, 1, 'Доула', 'clinic', NULL, 85, 34500, NULL, NULL, 8, 1, 1, NULL),
(328, 1, 'Доула', 'clinic', NULL, 85, 34500, NULL, NULL, 9, 1, 1, NULL),
(329, 1, 'Доула', 'clinic', NULL, 85, 34500, NULL, NULL, 10, 1, 1, NULL),
(330, 1, 'Доула', 'clinic', NULL, 85, 34500, NULL, NULL, 11, 1, 1, NULL),
(331, 1, 'Доула', 'clinic', NULL, 85, 34500, NULL, NULL, 12, 1, 1, NULL),
(332, 1, 'Доула', 'clinic', NULL, 85, 34500, NULL, NULL, 13, 1, 1, NULL),
(333, 1, 'Доула', 'clinic', NULL, 85, 34500, NULL, NULL, 14, 1, 1, NULL),
(334, 1, 'Доула', 'clinic', NULL, 85, 34500, NULL, NULL, 15, 1, 1, NULL),
(335, 1, 'Доула', 'clinic', NULL, 85, 34500, NULL, NULL, 18, 1, 1, NULL),
(336, 1, 'Доула', 'clinic', NULL, 85, 34500, NULL, NULL, 19, 1, 1, NULL),
(337, 1, 'Доула', 'clinic', NULL, 85, 34500, NULL, NULL, 20, 1, 1, NULL),
(338, 1, 'Доула', 'clinic', NULL, 85, 34500, NULL, NULL, 23, 1, 1, NULL),
(339, 1, 'Доула', 'clinic', NULL, 85, 34500, NULL, NULL, 24, 1, 1, NULL),
(340, 1, 'Доула', 'clinic', NULL, 85, 34500, NULL, NULL, 25, 1, 1, NULL),
(341, 1, 'Доула', 'clinic', NULL, 85, 34500, NULL, NULL, 26, 1, 1, NULL),
(342, 1, 'Доула', 'clinic', NULL, 85, 34500, NULL, NULL, 27, 1, 1, NULL),
(343, 1, 'Доула', 'clinic', NULL, 85, 34500, NULL, NULL, 29, 1, 1, NULL),
(344, 1, 'Доула', 'clinic', NULL, 85, 34500, NULL, NULL, 30, 1, 1, NULL),
(345, 1, 'Доула', 'clinic', NULL, 85, 34500, NULL, NULL, 32, 1, 1, NULL),
(347, 1, 'Доула', 'clinic', NULL, 85, 34500, NULL, NULL, 34, 1, 1, NULL),
(348, 1, 'Акушер-гинеколог Первая категория', 'clinic', NULL, 86, 34500, NULL, NULL, 1, 1, 1, NULL),
(349, 1, 'Акушер-гинеколог Первая категория', 'clinic', NULL, 86, 34500, NULL, NULL, 2, 1, 1, NULL),
(350, 1, 'Акушер-гинеколог Первая категория', 'clinic', NULL, 86, 34500, NULL, NULL, 3, 1, 1, NULL),
(351, 1, 'Акушер-гинеколог Первая категория', 'clinic', NULL, 86, 34500, NULL, NULL, 4, 1, 1, NULL),
(352, 1, 'Акушер-гинеколог Первая категория', 'clinic', NULL, 86, 34500, NULL, NULL, 5, 1, 1, NULL),
(353, 1, 'Акушер-гинеколог Первая категория', 'clinic', NULL, 86, 34500, NULL, NULL, 6, 1, 1, NULL),
(354, 1, 'Акушер-гинеколог Первая категория', 'clinic', NULL, 86, 34500, NULL, NULL, 7, 1, 1, NULL),
(355, 1, 'Акушер-гинеколог Первая категория', 'clinic', NULL, 86, 34500, NULL, NULL, 8, 1, 1, NULL),
(356, 1, 'Акушер-гинеколог Первая категория', 'clinic', NULL, 86, 34500, NULL, NULL, 9, 1, 1, NULL),
(357, 1, 'Акушер-гинеколог Первая категория', 'clinic', NULL, 86, 34500, NULL, NULL, 10, 1, 1, NULL),
(358, 1, 'Акушер-гинеколог Первая категория', 'clinic', NULL, 86, 34500, NULL, NULL, 11, 1, 1, NULL),
(359, 1, 'Акушер-гинеколог Первая категория', 'clinic', NULL, 86, 34500, NULL, NULL, 12, 1, 1, NULL),
(360, 1, 'Акушер-гинеколог Первая категория', 'clinic', NULL, 86, 34500, NULL, NULL, 13, 1, 1, NULL),
(361, 1, 'Акушер-гинеколог Первая категория', 'clinic', NULL, 86, 34500, NULL, NULL, 14, 1, 1, NULL),
(362, 1, 'Акушер-гинеколог Первая категория', 'clinic', NULL, 86, 34500, NULL, NULL, 15, 1, 1, NULL),
(363, 1, 'Акушер-гинеколог Первая категория', 'clinic', NULL, 86, 34500, NULL, NULL, 18, 1, 1, NULL),
(364, 1, 'Акушер-гинеколог Первая категория', 'clinic', NULL, 86, 34500, NULL, NULL, 19, 1, 1, NULL),
(365, 1, 'Акушер-гинеколог Первая категория', 'clinic', NULL, 86, 34500, NULL, NULL, 20, 1, 1, NULL),
(366, 1, 'Акушер-гинеколог Первая категория', 'clinic', NULL, 86, 34500, NULL, NULL, 23, 1, 1, NULL),
(367, 1, 'Акушер-гинеколог Первая категория', 'clinic', NULL, 86, 34500, NULL, NULL, 24, 1, 1, NULL),
(368, 1, 'Акушер-гинеколог Первая категория', 'clinic', NULL, 86, 34500, NULL, NULL, 25, 1, 1, NULL),
(369, 1, 'Акушер-гинеколог Первая категория', 'clinic', NULL, 86, 34500, NULL, NULL, 26, 1, 1, NULL),
(370, 1, 'Акушер-гинеколог Первая категория', 'clinic', NULL, 86, 34500, NULL, NULL, 27, 1, 1, NULL),
(371, 1, 'Акушер-гинеколог Первая категория', 'clinic', NULL, 86, 34500, NULL, NULL, 29, 1, 1, NULL),
(372, 1, 'Акушер-гинеколог Первая категория', 'clinic', NULL, 86, 34500, NULL, NULL, 30, 1, 1, NULL),
(373, 1, 'Акушер-гинеколог Первая категория', 'clinic', NULL, 86, 34500, NULL, NULL, 32, 1, 1, NULL),
(374, 1, 'Акушер-гинеколог Первая категория', 'clinic', NULL, 86, 34500, NULL, NULL, 33, 1, 1, NULL),
(375, 1, 'Акушер-гинеколог Первая категория', 'clinic', NULL, 86, 34500, NULL, NULL, 34, 1, 1, NULL),
(376, 1, 'Акушер-гинеколог Вторая категория', 'clinic', NULL, 87, 34500, NULL, NULL, 1, 1, 1, NULL),
(377, 1, 'Акушер-гинеколог Вторая категория', 'clinic', NULL, 87, 34500, NULL, NULL, 2, 1, 1, NULL),
(378, 1, 'Акушер-гинеколог Вторая категория', 'clinic', NULL, 87, 34500, NULL, NULL, 3, 1, 1, NULL),
(379, 1, 'Акушер-гинеколог Вторая категория', 'clinic', NULL, 87, 34500, NULL, NULL, 4, 1, 1, NULL),
(380, 1, 'Акушер-гинеколог Вторая категория', 'clinic', NULL, 87, 34500, NULL, NULL, 5, 1, 1, NULL),
(381, 1, 'Акушер-гинеколог Вторая категория', 'clinic', NULL, 87, 34500, NULL, NULL, 6, 1, 1, NULL),
(382, 1, 'Акушер-гинеколог Вторая категория', 'clinic', NULL, 87, 34500, NULL, NULL, 7, 1, 1, NULL),
(383, 1, 'Акушер-гинеколог Вторая категория', 'clinic', NULL, 87, 34500, NULL, NULL, 8, 1, 1, NULL),
(384, 1, 'Акушер-гинеколог Вторая категория', 'clinic', NULL, 87, 34500, NULL, NULL, 9, 1, 1, NULL),
(385, 1, 'Акушер-гинеколог Вторая категория', 'clinic', NULL, 87, 34500, NULL, NULL, 10, 1, 1, NULL),
(386, 1, 'Акушер-гинеколог Вторая категория', 'clinic', NULL, 87, 34500, NULL, NULL, 11, 1, 1, NULL),
(387, 1, 'Акушер-гинеколог Вторая категория', 'clinic', NULL, 87, 34500, NULL, NULL, 12, 1, 1, NULL),
(388, 1, 'Акушер-гинеколог Вторая категория', 'clinic', NULL, 87, 34500, NULL, NULL, 13, 1, 1, NULL),
(389, 1, 'Акушер-гинеколог Вторая категория', 'clinic', NULL, 87, 34500, NULL, NULL, 14, 1, 1, NULL),
(390, 1, 'Акушер-гинеколог Вторая категория', 'clinic', NULL, 87, 34500, NULL, NULL, 15, 1, 1, NULL),
(391, 1, 'Акушер-гинеколог Вторая категория', 'clinic', NULL, 87, 34500, NULL, NULL, 18, 1, 1, NULL),
(392, 1, 'Акушер-гинеколог Вторая категория', 'clinic', NULL, 87, 34500, NULL, NULL, 19, 1, 1, NULL),
(393, 1, 'Акушер-гинеколог Вторая категория', 'clinic', NULL, 87, 34500, NULL, NULL, 20, 1, 1, NULL),
(394, 1, 'Акушер-гинеколог Вторая категория', 'clinic', NULL, 87, 34500, NULL, NULL, 23, 1, 1, NULL),
(395, 1, 'Акушер-гинеколог Вторая категория', 'clinic', NULL, 87, 34500, NULL, NULL, 24, 1, 1, NULL),
(396, 1, 'Акушер-гинеколог Вторая категория', 'clinic', NULL, 87, 34500, NULL, NULL, 25, 1, 1, NULL),
(397, 1, 'Акушер-гинеколог Вторая категория', 'clinic', NULL, 87, 34500, NULL, NULL, 26, 1, 1, NULL),
(398, 1, 'Акушер-гинеколог Вторая категория', 'clinic', NULL, 87, 34500, NULL, NULL, 27, 1, 1, NULL),
(399, 1, 'Акушер-гинеколог Вторая категория', 'clinic', NULL, 87, 34500, NULL, NULL, 29, 1, 1, NULL),
(400, 1, 'Акушер-гинеколог Вторая категория', 'clinic', NULL, 87, 34500, NULL, NULL, 30, 1, 1, NULL),
(401, 1, 'Акушер-гинеколог Вторая категория', 'clinic', NULL, 87, 34500, NULL, NULL, 32, 1, 1, NULL),
(402, 1, 'Акушер-гинеколог Вторая категория', 'clinic', NULL, 87, 34500, NULL, NULL, 33, 1, 1, NULL),
(403, 1, 'Акушер-гинеколог Вторая категория', 'clinic', NULL, 87, 34500, NULL, NULL, 34, 1, 1, NULL),
(404, 1, 'Врач-неонатолог Первая категория', 'clinic', NULL, 88, 34500, NULL, NULL, 1, 1, 1, NULL),
(405, 1, 'Врач-неонатолог Первая категория', 'clinic', NULL, 88, 34500, NULL, NULL, 2, 1, 1, NULL),
(406, 1, 'Врач-неонатолог Первая категория', 'clinic', NULL, 88, 34500, NULL, NULL, 3, 1, 1, NULL),
(407, 1, 'Врач-неонатолог Первая категория', 'clinic', NULL, 88, 34500, NULL, NULL, 4, 1, 1, NULL),
(408, 1, 'Врач-неонатолог Первая категория', 'clinic', NULL, 88, 34500, NULL, NULL, 5, 1, 1, NULL),
(409, 1, 'Врач-неонатолог Первая категория', 'clinic', NULL, 88, 34500, NULL, NULL, 6, 1, 1, NULL),
(410, 1, 'Врач-неонатолог Первая категория', 'clinic', NULL, 88, 34500, NULL, NULL, 7, 1, 1, NULL),
(411, 1, 'Врач-неонатолог Первая категория', 'clinic', NULL, 88, 34500, NULL, NULL, 8, 1, 1, NULL),
(412, 1, 'Врач-неонатолог Первая категория', 'clinic', NULL, 88, 34500, NULL, NULL, 9, 1, 1, NULL),
(413, 1, 'Врач-неонатолог Первая категория', 'clinic', NULL, 88, 34500, NULL, NULL, 10, 1, 1, NULL),
(414, 1, 'Врач-неонатолог Первая категория', 'clinic', NULL, 88, 34500, NULL, NULL, 11, 1, 1, NULL),
(415, 1, 'Врач-неонатолог Первая категория', 'clinic', NULL, 88, 34500, NULL, NULL, 12, 1, 1, NULL),
(416, 1, 'Врач-неонатолог Первая категория', 'clinic', NULL, 88, 34500, NULL, NULL, 13, 1, 1, NULL),
(417, 1, 'Врач-неонатолог Первая категория', 'clinic', NULL, 88, 34500, NULL, NULL, 14, 1, 1, NULL),
(418, 1, 'Врач-неонатолог Первая категория', 'clinic', NULL, 88, 34500, NULL, NULL, 15, 1, 1, NULL),
(419, 1, 'Врач-неонатолог Первая категория', 'clinic', NULL, 88, 34500, NULL, NULL, 18, 1, 1, NULL),
(420, 1, 'Врач-неонатолог Первая категория', 'clinic', NULL, 88, 34500, NULL, NULL, 19, 1, 1, NULL),
(421, 1, 'Врач-неонатолог Первая категория', 'clinic', NULL, 88, 34500, NULL, NULL, 20, 1, 1, NULL),
(422, 1, 'Врач-неонатолог Первая категория', 'clinic', NULL, 88, 34500, NULL, NULL, 23, 1, 1, NULL),
(423, 1, 'Врач-неонатолог Первая категория', 'clinic', NULL, 88, 34500, NULL, NULL, 24, 1, 1, NULL),
(424, 1, 'Врач-неонатолог Первая категория', 'clinic', NULL, 88, 34500, NULL, NULL, 25, 1, 1, NULL),
(425, 1, 'Врач-неонатолог Первая категория', 'clinic', NULL, 88, 34500, NULL, NULL, 26, 1, 1, NULL),
(426, 1, 'Врач-неонатолог Первая категория', 'clinic', NULL, 88, 34500, NULL, NULL, 27, 1, 1, NULL),
(427, 1, 'Врач-неонатолог Первая категория', 'clinic', NULL, 88, 34500, NULL, NULL, 29, 1, 1, NULL),
(428, 1, 'Врач-неонатолог Первая категория', 'clinic', NULL, 88, 34500, NULL, NULL, 30, 1, 1, NULL),
(429, 1, 'Врач-неонатолог Первая категория', 'clinic', NULL, 88, 34500, NULL, NULL, 32, 1, 1, NULL),
(430, 1, 'Врач-неонатолог Первая категория', 'clinic', NULL, 88, 34500, NULL, NULL, 33, 1, 1, NULL),
(431, 1, 'Врач-неонатолог Первая категория', 'clinic', NULL, 88, 34500, NULL, NULL, 34, 1, 1, NULL),
(432, 1, 'ЦКБ', 'clinic', NULL, 8, 17200, NULL, NULL, 1, 1, 2, 3),
(433, 1, 'Трансфер в роддом', 'clinic', NULL, 9, 5000, NULL, NULL, 1, 1, 4, NULL),
(434, 1, 'Маникюр', 'clinic', NULL, 10, 5000, NULL, NULL, 1, 1, 4, NULL),
(435, 1, 'Фото', 'clinic', NULL, 16, 6000, NULL, NULL, 1, 1, 4, NULL),
(436, 1, 'Визаж', 'clinic', NULL, 17, 4000, NULL, NULL, 1, 1, 4, NULL),
(437, 1, 'Биострахование', 'clinic', NULL, 18, 60000, NULL, NULL, 1, 1, 4, NULL),
(438, 1, 'Визаж', 'clinic', NULL, 17, 3700, NULL, NULL, 2, 1, 4, NULL),
(439, 1, 'Псих', 'clinic', NULL, 20, 11000, NULL, NULL, 2, 1, 4, NULL),
(440, 1, 'Биострахование', 'clinic', NULL, 18, 90000, NULL, NULL, 2, 1, 4, NULL),
(441, 1, 'Трансфер в роддом', 'clinic', NULL, 9, 5000, NULL, NULL, 2, 1, 4, NULL),
(442, 1, 'Трансфер из роддома', 'clinic', NULL, 19, 5000, NULL, NULL, 2, 1, 4, NULL),
(443, 1, 'Видеосъемка', 'clinic', NULL, 21, 11000, NULL, NULL, 1, 1, 4, NULL),
(444, 1, 'Визаж', 'clinic', NULL, 17, 4000, NULL, NULL, 3, 1, 4, NULL),
(445, 1, 'Биострахование', 'clinic', NULL, 18, 95000, NULL, NULL, 3, 1, 4, NULL),
(446, 1, 'Трансфер из роддома', 'clinic', NULL, 19, 5000, NULL, NULL, 5, 1, 4, NULL),
(447, 1, 'Визаж', 'clinic', NULL, 17, 4000, NULL, NULL, 9, 1, 4, NULL),
(448, 1, 'Псих', 'clinic', NULL, 20, 7000, NULL, NULL, 8, 1, 4, NULL),
(449, 1, 'Трансфер из роддома', 'clinic', NULL, 19, 5000, NULL, NULL, 18, 1, 4, NULL),
(450, 1, 'Биострахование', 'clinic', NULL, 18, 300000, NULL, NULL, 15, 1, 4, NULL),
(451, 1, 'Визаж', 'clinic', NULL, 17, 20000, NULL, NULL, 15, 1, 4, NULL),
(452, 1, 'Фото', 'clinic', NULL, 16, 6000, NULL, NULL, 15, 1, 4, NULL),
(453, 1, 'Псих', 'clinic', NULL, 20, 65000, NULL, NULL, 15, 1, 4, NULL),
(454, 1, 'Трансфер из роддома', 'clinic', NULL, 19, 5000, NULL, NULL, 9, 1, 4, NULL),
(455, 1, 'Визаж', 'clinic', NULL, 17, 20000, NULL, NULL, 20, 1, 4, NULL),
(456, 1, 'Доула', 'clinic', NULL, 85, 34500, NULL, NULL, 33, 1, 1, NULL),
(457, 1, 'Размещение в палате Люкс-студия', 'clinic', 43, 8, 230000, NULL, NULL, 15, 1, 2, 1),
(458, 1, 'Слава ФИО', 'consultation', NULL, 80, 15000, NULL, NULL, 36, 1, 1, NULL),
(459, 1, 'ЕМС на Спиридоновке', 'consultation', NULL, 81, 15000, NULL, NULL, 37, 1, 1, NULL),
(460, 1, 'Сheck-up 1 триместр', NULL, NULL, 4, 80000, NULL, NULL, 27, 1, 8, NULL),
(462, 1, 'Многоплодная 3 триместр', NULL, NULL, 24, 60000, NULL, NULL, 27, 1, 8, NULL),
(463, 1, 'Обследование (Check-up).Многоплодная беременность.', NULL, NULL, 24, 28000, NULL, NULL, 27, 1, 8, NULL),
(464, 1, 'ййййй', NULL, NULL, 28, 2555, NULL, NULL, 27, 1, 6, NULL);

-- --------------------------------------------------------

--
-- Структура таблицы `sessions`
--

CREATE TABLE `sessions` (
  `id` bigint UNSIGNED NOT NULL,
  `token` varchar(50) COLLATE utf8_unicode_ci NOT NULL,
  `user_id` bigint UNSIGNED NOT NULL,
  `datetime_create` timestamp NOT NULL DEFAULT CURRENT_TIMESTAMP,
  `datetime_update` timestamp NOT NULL DEFAULT CURRENT_TIMESTAMP ON UPDATE CURRENT_TIMESTAMP
) ENGINE=InnoDB DEFAULT CHARSET=utf8mb3 COLLATE=utf8_unicode_ci;

--
-- Дамп данных таблицы `sessions`
--

INSERT INTO `sessions` (`id`, `token`, `user_id`, `datetime_create`, `datetime_update`) VALUES
(272, 'b904d25b-6652-4fc0-ab91-dcf442d5b753', 3, '2021-12-16 14:47:35', '2021-12-16 15:52:52'),
(273, 'd8c5cab0-341a-4bc7-b1f7-c2a7bdae71c0', 3, '2021-12-17 18:01:06', '2021-12-17 18:01:06'),
(274, '73fcba08-de99-466e-b257-d349f7b2eb9e', 3, '2021-12-18 18:48:36', '2021-12-18 18:48:36'),
(275, 'fe497273-cc41-4b85-978e-bb3aa3e2aac4', 19, '2021-12-18 18:49:02', '2021-12-27 17:08:20'),
(276, '152b6822-7c97-45fc-bc4c-876e2ef18fbf', 3, '2021-12-19 17:57:47', '2021-12-19 17:57:47'),
(277, '8e5ff6fe-d834-4712-9cc7-68abcb09c64e', 1, '2021-12-19 18:38:38', '2022-03-05 21:09:33'),
(278, '802b4996-66a9-4c12-b6d3-6bd2fabdf0db', 3, '2021-12-19 19:16:54', '2021-12-19 19:16:54'),
(279, 'a12ea777-7ae1-48d5-b049-f71f4db8f58e', 3, '2021-12-19 19:33:06', '2021-12-19 19:33:06'),
(280, 'fac588a9-cc84-4df6-863d-0a13e84b6d12', 3, '2021-12-19 21:07:54', '2021-12-19 21:07:54'),
(281, 'aff8bcd0-ddc1-4d47-948b-9742daea287b', 3, '2021-12-19 21:57:20', '2021-12-19 21:57:20'),
(282, '47cce3df-113b-4cb5-933b-c9139d4b1849', 3, '2021-12-19 21:57:32', '2021-12-19 21:57:32'),
(283, '74b1bd2f-f310-4def-83ef-f398b96275e0', 3, '2021-12-19 22:06:01', '2021-12-19 22:06:01'),
(284, '88f796f5-331a-4a67-b412-3f5045f11a09', 3, '2021-12-19 22:06:29', '2021-12-19 22:06:29'),
(285, '50c6dcd7-4b31-4b7e-98c3-58bbdcd11e02', 3, '2021-12-20 07:15:22', '2021-12-20 07:15:22'),
(286, '1014dcfe-7b84-48ed-89d0-2ced9a3cfd5f', 1, '2021-12-20 15:23:59', '2021-12-20 15:24:05'),
(287, '01c2de92-1220-4811-b659-c135a049998a', 3, '2021-12-20 18:53:18', '2021-12-30 11:35:09'),
(288, 'fe8e64bd-7cd4-4893-9375-175acefd29d6', 3, '2021-12-20 21:21:16', '2021-12-20 21:21:16'),
(289, '58d707c8-9fa2-467b-bc88-f6fb4bc6fcba', 3, '2021-12-20 23:49:24', '2021-12-20 23:49:24'),
(290, '1f9cb09f-f040-4456-ac7c-b4f15b15357f', 3, '2021-12-21 08:30:42', '2021-12-21 08:30:42'),
(291, 'f47f33ec-6b25-40fd-abb2-4947f320ef89', 3, '2021-12-21 14:36:17', '2021-12-21 14:36:17'),
(292, '6be6679a-47c8-429d-9110-a24802bc3aae', 3, '2021-12-21 19:24:56', '2021-12-21 19:24:56'),
(293, '5d469e4b-9e0b-4a81-b427-c52db9dd807e', 3, '2021-12-22 06:08:13', '2021-12-22 06:08:13'),
(294, 'ab950f67-e6d6-4790-bc49-df20eeadb74b', 3, '2021-12-22 06:08:39', '2021-12-22 06:08:39'),
(295, '24a230f8-5af7-419f-a7d5-22b464f78e54', 3, '2021-12-23 10:11:50', '2021-12-23 10:11:50'),
(296, '3361f3e8-f92b-42d3-8d8c-3f45accd99a4', 3, '2021-12-23 10:44:16', '2021-12-23 10:44:16'),
(297, '4647bf4e-df36-4fc2-b96b-4fc6ed75b70b', 3, '2021-12-23 17:52:14', '2021-12-23 17:52:14'),
(298, 'fc1a37a4-4f86-4cbf-8db2-bf56c0d890f8', 3, '2021-12-24 19:35:13', '2021-12-24 19:35:13'),
(299, '7814c20a-7704-4390-b8fe-f4650b383a74', 3, '2021-12-25 05:06:34', '2021-12-25 05:06:34'),
(300, 'b465a72e-28fc-4030-bbd5-958379570983', 3, '2021-12-26 00:13:09', '2021-12-26 00:13:09'),
(301, '947c35cf-97a2-49fd-95f0-9fe17d996b56', 3, '2021-12-26 10:17:57', '2021-12-26 10:17:57'),
(302, 'a893a0af-75de-4662-98e0-3db3074a4c74', 3, '2021-12-26 10:18:20', '2021-12-26 10:18:20'),
(303, '1843b758-c11a-4982-b1da-7d7d3d4644d7', 3, '2021-12-26 10:18:25', '2021-12-26 10:18:25'),
(304, '564e1591-9a19-4f5a-b3f8-8b7cce3dd739', 3, '2021-12-26 16:33:16', '2021-12-26 16:33:16'),
(305, 'bf9eb272-e279-4f52-84bc-24e445181977', 3, '2021-12-26 16:34:33', '2021-12-26 16:34:33'),
(306, '79fc4f79-187b-4a97-a986-06ed17fcc64e', 3, '2021-12-26 19:02:19', '2021-12-26 19:02:19'),
(307, '715a3aed-d8a6-4ecf-8770-6aae9b4b43fa', 3, '2021-12-26 19:03:23', '2021-12-26 19:03:23'),
(308, '4c4cd01c-f953-48a8-a7d7-8428c9526eba', 3, '2021-12-26 19:10:02', '2021-12-26 19:10:02'),
(309, 'cab10f07-bdd8-4de7-9d4b-1fa67c688b52', 3, '2021-12-26 19:11:10', '2021-12-26 19:11:10'),
(310, '9b7eefcb-2e73-4973-aa7c-6d0829bca5b8', 3, '2021-12-26 19:11:55', '2021-12-26 19:11:55'),
(311, 'a66d0c22-102f-4320-810e-fabea81f725a', 3, '2021-12-26 19:15:56', '2021-12-26 19:15:56'),
(312, '20a0d889-e499-406b-a927-4b2c5ceea73a', 3, '2021-12-26 19:23:37', '2021-12-26 19:23:37'),
(313, '452f5f76-e5ee-4d70-9fef-bbe2f48ce764', 3, '2021-12-26 19:24:44', '2021-12-26 19:24:44'),
(314, 'e0938ea1-3faa-45c2-9366-968218f4d9b7', 3, '2021-12-26 19:26:08', '2021-12-26 19:26:08'),
(315, 'b5954761-8bbe-457c-aa10-137d4a75607b', 3, '2021-12-26 19:26:57', '2021-12-26 19:26:57'),
(316, 'cd67c566-5d20-4439-98b0-b238f537ffb3', 3, '2021-12-26 19:42:12', '2021-12-26 19:55:49'),
(317, '0ff14bb9-e11c-4b6e-84a7-036bcd1d6ff9', 1, '2021-12-26 19:56:09', '2021-12-31 09:25:46'),
(318, 'f289b78e-d794-4a75-a3ae-2ed53132713d', 3, '2021-12-27 10:15:45', '2021-12-27 10:15:45'),
(319, '75a345ae-1f4d-4482-a86e-f7b99acbd8a3', 3, '2021-12-27 11:56:32', '2021-12-27 11:56:32'),
(320, '6b1d3d01-54dc-49de-ad35-126c23622a41', 3, '2021-12-28 03:50:00', '2021-12-28 03:50:00'),
(321, '2b33cf6f-8398-41a5-81b0-a6a53bafee27', 3, '2021-12-28 04:05:55', '2021-12-28 04:05:55'),
(322, '0ce2fbca-8ba1-4233-a04f-70dd17a49bac', 3, '2021-12-28 15:33:52', '2021-12-28 15:33:52'),
(323, '182fc73b-a985-4878-86f2-8a2c4fc40e52', 1, '2021-12-28 18:24:30', '2022-03-10 13:43:10'),
(324, '927b5bd6-8532-4041-932e-b7b6e837f936', 3, '2021-12-29 06:33:31', '2021-12-29 06:33:31'),
(325, '74214079-bc81-4acd-8b03-7a9797df3bdc', 3, '2021-12-29 07:07:19', '2021-12-29 07:07:19'),
(326, 'af5fed43-88a4-41dd-a2c0-b204dbe1c277', 3, '2021-12-29 19:28:00', '2021-12-29 19:28:00'),
(327, 'f8bbdfef-9c9b-472e-a4d2-40060f9502ed', 3, '2021-12-30 00:19:14', '2021-12-30 00:19:14'),
(328, '12d88798-e583-41ce-88c1-35ed99263633', 3, '2021-12-30 21:49:11', '2021-12-30 21:49:11'),
(329, '880ce33b-a274-40de-87ac-48b2c8736ffb', 3, '2021-12-30 22:27:24', '2021-12-30 22:27:24'),
(330, '3878c235-6941-4a46-8923-82d4bab18f0e', 3, '2021-12-31 13:51:37', '2021-12-31 13:51:37'),
(331, 'd64288e7-9c1f-4ec6-b72d-e6fc71724a2f', 3, '2022-01-01 11:15:58', '2022-01-01 11:15:58'),
(332, '63ebf039-07e7-40d1-84fc-ee3ae9e2af5e', 3, '2022-01-01 20:22:48', '2022-01-01 20:22:48'),
(333, '77dcee98-eecf-4752-b19b-bd2253aaa956', 3, '2022-01-01 21:21:17', '2022-01-01 21:21:17'),
(334, '420496df-1132-4d45-8b25-d58e9c3a2788', 3, '2022-01-02 13:26:22', '2022-01-02 13:26:22'),
(335, '2d7fb43c-3f60-4add-add9-9b3524c29ba6', 3, '2022-01-02 22:37:00', '2022-01-02 22:37:00'),
(336, 'fbe9b893-95db-491b-87f4-e0ecbbebddf2', 3, '2022-01-03 08:21:07', '2022-01-03 08:21:07'),
(337, '5fe42671-cabe-47df-8a61-5516b6357f7c', 1, '2022-01-03 10:09:44', '2022-01-14 12:05:16'),
(338, 'ac03891e-dd88-4aa7-8d98-bfac985fe5fa', 3, '2022-01-03 17:50:00', '2022-01-03 17:50:00'),
(339, '5ffc2627-23cd-4a0d-8979-695b7fa26c03', 3, '2022-01-04 15:16:48', '2022-01-04 15:16:48'),
(340, '8c4dbeff-8a8e-483f-87e0-8c1b0e5b0c3d', 3, '2022-01-04 21:35:54', '2022-01-04 21:35:54'),
(341, '1aa8608e-5292-4b04-bb3b-60adc7673876', 3, '2022-01-06 03:27:37', '2022-01-06 03:27:37'),
(342, '52a1764f-3362-4fd4-9ffa-75d99d22179f', 3, '2022-01-06 12:26:28', '2022-01-06 12:26:28'),
(343, '73a4db9c-1b2e-44ff-8f2a-aeab2700a81b', 3, '2022-01-07 00:17:23', '2022-01-07 00:17:23'),
(344, '95b430ec-1af9-40af-acdd-476cb5d7454c', 3, '2022-01-07 14:30:42', '2022-01-07 14:30:42'),
(345, 'dc5e52ef-80b4-4aa0-afc2-f64ac9154e76', 3, '2022-01-07 17:41:19', '2022-01-07 17:41:19'),
(346, 'c6d6bf23-c074-4793-aae2-45eb0adcd429', 3, '2022-01-07 17:46:53', '2022-01-07 17:46:53'),
(347, '537d221b-edd8-4a23-a415-496e3f2d2ebe', 3, '2022-01-08 17:04:41', '2022-01-08 17:04:41'),
(348, 'fc9178b4-f931-4c2f-98ad-690e44d6ca25', 3, '2022-01-08 18:10:23', '2022-01-08 18:10:23'),
(349, '5d26dceb-1710-495f-a289-dc37234116fc', 3, '2022-01-09 03:04:08', '2022-01-09 03:04:08'),
(350, 'bb130d99-dc9f-4185-8fcb-b639550cc65b', 3, '2022-01-09 04:52:09', '2022-01-09 04:52:09'),
(351, '61db2ca7-cd55-4202-bf4b-ecd427e31dd1', 3, '2022-01-09 20:32:49', '2022-01-09 20:32:49'),
(352, '3f4441a0-7e63-450a-816e-8dee5c629152', 3, '2022-01-10 16:35:29', '2022-01-10 16:35:29'),
(353, '71e92a34-d7cd-473d-b48c-9f410f9e46e6', 1, '2022-01-12 13:38:48', '2022-01-13 19:49:27'),
(354, '6145e60e-37fa-453f-a573-2c19ee0ff5ac', 3, '2022-01-12 15:55:07', '2022-01-12 15:55:07'),
(355, 'df1b2851-bd7e-43e5-8e93-0b8377f8759f', 3, '2022-01-12 17:29:46', '2022-01-12 17:29:46'),
(356, 'c3702264-50f8-4d4c-a202-29310bf5b462', 3, '2022-01-12 23:39:42', '2022-01-12 23:39:42'),
(357, '19068bb8-9ab2-4623-8d17-01e744bfc51f', 3, '2022-01-13 03:03:36', '2022-01-13 03:03:36'),
(358, '54bbeaf6-1c49-4b67-b5a3-fd01bd8b854f', 3, '2022-01-13 06:02:37', '2022-01-13 06:02:37'),
(359, '770cce10-622d-43bb-b3cb-c4fb0233e895', 3, '2022-01-13 10:14:33', '2022-01-13 10:14:33'),
(360, '2886e804-6578-49ae-ba92-b1ec29fe8889', 3, '2022-01-13 23:03:09', '2022-01-13 23:03:09'),
(361, 'ff57796f-4378-4c2f-8739-4abf507c7122', 3, '2022-01-14 13:02:46', '2022-01-14 13:02:46'),
(362, '034a7e72-56bf-4f6f-96d4-6264d240b867', 3, '2022-01-14 18:04:08', '2022-01-14 18:04:08'),
(363, '768de5ed-bf2d-4ab9-a2c6-2a88f96cc8af', 3, '2022-01-14 21:45:47', '2022-01-14 21:45:47'),
(364, 'bcfd5688-8fc9-4285-87f4-c867ed59d1f7', 3, '2022-01-15 15:13:33', '2022-01-15 15:13:33'),
(365, '07a2e5ee-ec41-4d42-a5c2-0726de6791a7', 3, '2022-01-16 00:23:20', '2022-01-16 00:23:20'),
(366, 'd9b5f7c2-708a-4eb5-a604-c331f0518a05', 3, '2022-01-17 04:38:14', '2022-01-17 04:38:14'),
(367, '29aa28ca-166a-41a8-9c6a-eb6a5c1949d9', 3, '2022-01-17 05:26:50', '2022-01-17 05:26:50'),
(368, 'ec588676-4101-4b2b-8a4e-8e631311976e', 3, '2022-01-17 14:57:23', '2022-01-17 14:57:23'),
(369, 'bebda4c3-df93-4053-9616-5ad19473ec78', 3, '2022-01-17 21:56:58', '2022-01-17 21:56:58'),
(370, 'a902a173-f864-4a4d-8bd5-29e8424644ba', 3, '2022-01-18 00:37:00', '2022-01-18 00:37:00'),
(371, '32eeb191-d6a7-4f44-a0a6-974af05ecfd6', 3, '2022-01-20 11:48:25', '2022-01-20 11:48:25'),
(372, 'f70782e2-7f22-4404-8c41-78b0398bb042', 3, '2022-01-20 15:43:22', '2022-01-20 15:43:22'),
(373, 'c905e121-4930-440d-bb4c-b66c7ebb2d44', 3, '2022-01-20 17:03:46', '2022-01-20 17:03:46'),
(374, '078cf185-fdb4-4422-a9be-ead007d73eea', 3, '2022-01-20 19:31:36', '2022-01-20 19:31:36'),
(375, 'f77e489f-3c06-479f-98b9-7de9402dd9f6', 3, '2022-01-21 08:54:42', '2022-01-21 08:54:42'),
(376, '02985981-f903-4dea-b88c-609637115804', 3, '2022-01-22 15:23:34', '2022-01-22 15:23:34'),
(377, 'c4be9139-5be3-45ce-8ffa-14d06bdb08c2', 3, '2022-01-23 14:06:59', '2022-01-23 14:06:59'),
(378, 'cb2c5ccc-c5f8-43ce-9e1f-64a0974cd005', 1, '2022-01-23 14:11:11', '2022-03-06 14:54:59'),
(379, '700a056e-8591-4ac3-8ce7-f31b27f67423', 3, '2022-01-23 18:39:10', '2022-01-23 18:39:10'),
(380, '7acc23e4-8caf-4677-bb4e-cfc194a8472f', 3, '2022-01-23 23:24:54', '2022-01-23 23:24:54'),
(381, 'a386cf7b-a06a-481e-9821-44019363ed40', 3, '2022-01-24 10:26:20', '2022-01-24 10:26:20'),
(382, '03eb46f1-c31c-4d52-9d3b-edfde21fc9a0', 3, '2022-01-25 10:15:06', '2022-01-25 10:15:06'),
(383, '85a322ab-85d9-4b9e-8447-dd480ca7a87a', 3, '2022-01-25 22:05:27', '2022-01-25 22:05:27'),
(384, '01eb1ec3-310d-4b7f-bdd7-48affad64361', 3, '2022-01-26 01:23:32', '2022-01-26 01:23:32'),
(385, '1689d508-f7e5-4e2c-888e-f3a1de6c610e', 3, '2022-01-27 02:36:56', '2022-01-27 02:36:56'),
(386, '1e5c603a-d692-4e7c-b85a-c3ad5c389b7d', 3, '2022-01-27 05:17:13', '2022-01-27 05:17:13'),
(387, 'c1717d7c-e62c-454d-9e49-d77a6e9617ad', 3, '2022-01-28 02:38:05', '2022-01-28 02:38:05'),
(388, 'e787aca3-5b61-45f3-88c2-3e745867fd00', 3, '2022-01-28 10:16:14', '2022-01-28 10:16:14'),
(389, '4307979c-e5b1-4d54-a7a9-68ba4a847391', 3, '2022-01-28 13:24:51', '2022-01-28 13:24:51'),
(390, '23174f42-135b-46e9-8598-e3f6a931c41a', 3, '2022-01-28 23:32:22', '2022-01-28 23:32:22'),
(391, '77673743-0986-4b87-902d-cd14b0796a6b', 3, '2022-01-29 11:11:03', '2022-01-29 11:11:03'),
(392, '93cf4d8a-a240-4cff-8d0f-558984278d95', 19, '2022-01-29 19:12:35', '2022-01-29 19:12:51'),
(393, 'ee87c28c-e6bd-41c6-a1cd-9ef3803c23bd', 3, '2022-01-30 13:29:57', '2022-01-30 13:29:57'),
(394, 'bb715562-3ff0-4090-80a1-09fe807ed615', 3, '2022-01-30 22:19:29', '2022-01-30 22:19:29'),
(395, 'f5fd2195-fe63-4874-b56c-da12e6cfecef', 3, '2022-02-01 21:00:56', '2022-02-01 21:00:56'),
(396, 'c82163ac-03ee-497a-8e09-0e3e1f5405ad', 3, '2022-02-01 23:54:54', '2022-02-01 23:54:54'),
(397, '16d5ee75-0b59-4958-b4e7-f087c1c4cc41', 3, '2022-02-03 00:04:27', '2022-02-03 00:04:27'),
(398, '86bfded6-af1a-4233-84ca-0cf386d53cdd', 3, '2022-02-03 08:43:18', '2022-02-03 08:43:18'),
(399, 'd81be9aa-c6c8-41a4-9665-f3f14de357c8', 3, '2022-02-03 09:25:13', '2022-02-03 09:25:13'),
(400, 'a2e14091-4f8f-496d-8ddf-1288b1db203b', 3, '2022-02-03 09:37:02', '2022-02-03 09:37:02'),
(401, 'adba8aef-1b8b-4715-b01a-c6222c643354', 3, '2022-02-04 08:57:13', '2022-02-04 08:57:13'),
(402, 'fc829b97-0559-4b16-bb64-a74ce254f7cb', 3, '2022-02-04 17:05:03', '2022-02-04 17:05:03'),
(403, '8983347e-ad0a-40c0-ba53-28affd233e8a', 3, '2022-02-05 00:03:46', '2022-02-05 00:03:46'),
(404, '9124d11d-b55a-40c3-93e8-88c37432e3c2', 3, '2022-02-05 11:43:35', '2022-02-05 11:43:35'),
(405, '5ce7c78e-99b9-4526-b443-dc07748064be', 3, '2022-02-06 04:52:59', '2022-02-06 04:52:59'),
(406, 'a54f5a0b-5d06-4f13-bc97-8e5aa811a69a', 3, '2022-02-06 09:34:40', '2022-02-06 09:34:40'),
(407, '4c9244cf-ba6f-480b-9f38-f9e54aa864ec', 3, '2022-02-06 23:00:36', '2022-02-06 23:00:36'),
(408, 'dd8cb977-b200-48f9-bb28-11ae70a93628', 3, '2022-02-07 12:14:59', '2022-02-07 12:14:59'),
(409, '7dd644cc-72dd-48a3-b92b-53c324b1b33e', 3, '2022-02-07 22:30:11', '2022-02-07 22:30:11'),
(410, '94f044a0-2841-495b-81d1-9b06f1d70be6', 3, '2022-02-09 06:39:58', '2022-02-09 06:39:58'),
(411, 'c958f6d6-9835-4f9d-bb82-cf06474afca8', 3, '2022-02-09 07:04:18', '2022-02-09 07:04:18'),
(412, '4a49e477-3c1d-47af-883f-2eff7b05a551', 3, '2022-02-09 12:51:13', '2022-02-09 12:51:13'),
(413, 'c0f09ab1-b470-4ed0-aeb7-d86426c25b94', 3, '2022-02-09 18:50:40', '2022-02-09 18:50:40'),
(414, '05ca40cc-a488-4186-b516-8d82d73eba24', 3, '2022-02-10 13:24:01', '2022-02-10 13:24:01'),
(415, '54784f0c-02dc-4371-835c-f2d8cd647012', 3, '2022-02-10 13:44:17', '2022-02-10 13:44:17'),
(416, '5764a02e-2b06-4b7b-947e-04030a2b7cfb', 3, '2022-02-10 14:11:13', '2022-02-10 14:11:13'),
(417, 'd9397c7a-a592-416b-a2b8-d706dc4bd7d7', 3, '2022-02-10 16:19:51', '2022-02-10 16:19:51'),
(418, '31fa7011-62f7-40a5-ac73-2775032274e1', 3, '2022-02-11 04:35:56', '2022-02-11 04:35:56'),
(419, 'c74cc760-8d17-433f-8397-f1e738546020', 3, '2022-02-12 01:24:05', '2022-02-12 01:24:05'),
(420, 'e12db5ec-3292-4fc1-b1c6-aa677d2f5701', 3, '2022-02-12 08:47:37', '2022-02-12 08:47:37'),
(421, 'f585b4bb-bb99-41b8-b0dc-38585259af3a', 3, '2022-02-13 09:47:00', '2022-02-13 09:47:00'),
(422, '7d558bac-81a8-49fc-81de-d8039e01c247', 3, '2022-02-13 10:34:16', '2022-02-13 10:34:16'),
(423, 'eab8bee9-7de5-473d-85a4-5f6a6f905501', 3, '2022-02-13 11:41:08', '2022-02-13 11:41:08'),
(424, '424bcad0-ad5d-4936-b7e5-865440a835cd', 3, '2022-02-14 02:52:28', '2022-02-14 02:52:28'),
(425, 'a0f2668f-69f0-4490-aa0a-4a6e238e3689', 3, '2022-02-14 18:23:24', '2022-02-14 18:23:24'),
(426, '50418c76-1322-47d1-8bd4-82da0b7b3708', 3, '2022-02-14 22:15:32', '2022-02-14 22:15:32'),
(427, '0ebc9633-fdb7-41d6-9abe-65180d3e0bca', 3, '2022-02-15 18:46:38', '2022-02-15 18:46:38'),
(428, 'f3968493-b9e9-4f59-91f2-ab8f807aff41', 3, '2022-02-16 10:29:08', '2022-02-16 10:29:08'),
(429, '710fc78d-83c4-4c99-a8f1-893e6801731f', 3, '2022-02-16 11:16:43', '2022-02-16 11:16:43'),
(430, '656827ba-2c76-4f81-b388-3adf07e906b7', 3, '2022-02-16 19:56:17', '2022-02-16 19:56:17'),
(431, 'b8ab45c4-5672-4146-8224-2e40f15cbf1b', 3, '2022-02-16 20:26:49', '2022-02-16 20:26:49'),
(432, '3f417290-ff4e-447a-90c2-f8b645b9e541', 3, '2022-02-17 00:31:49', '2022-02-17 00:31:49'),
(433, 'ff579823-b509-4a14-8152-6653a57ccfe3', 3, '2022-02-17 03:26:28', '2022-02-17 03:26:28'),
(434, '2eaf0ed9-f59b-4584-a91b-80f919611579', 3, '2022-02-17 06:21:21', '2022-02-17 06:21:21'),
(435, 'e75efdf4-3aec-4291-98bb-00eaf79b1f1d', 3, '2022-02-17 21:53:45', '2022-02-17 21:53:45'),
(436, '33f68e1d-871d-439f-920f-22444797cc30', 3, '2022-02-18 01:07:15', '2022-02-18 01:07:15'),
(437, 'd61288e1-c19b-4b52-b341-95426a4cafb4', 3, '2022-02-18 03:33:34', '2022-02-18 03:33:34'),
(438, '966b2802-864a-4f66-a7c4-207cadbc7c39', 3, '2022-02-18 07:42:29', '2022-02-18 07:42:29'),
(439, '0278d553-66da-4b95-ab80-26b1302c95bb', 3, '2022-02-18 09:19:54', '2022-02-18 09:19:54'),
(440, '61a39efd-a7fa-43c0-97c3-40fdd07d3e26', 3, '2022-02-18 10:01:58', '2022-02-18 10:01:58'),
(441, 'b682a26c-9efc-4f9a-af27-6e113ecbdd95', 3, '2022-02-18 21:06:52', '2022-02-18 21:06:52'),
(442, 'a8303da7-2b6e-4587-a324-dcee12bbf896', 3, '2022-02-18 23:19:07', '2022-02-18 23:19:07'),
(443, 'a4bc9798-0256-4eae-909f-2693c6fd6f3c', 3, '2022-02-20 01:29:11', '2022-02-20 01:29:11'),
(444, '069f7b74-cba2-4a88-bdc8-f9ec376d72a7', 3, '2022-02-20 09:32:45', '2022-02-20 09:32:45'),
(445, 'e63dc1a8-665a-476d-95e9-24e0fb28e285', 19, '2022-02-20 15:21:51', '2022-03-01 19:07:49'),
(446, 'e0e2f450-a790-41e2-8714-23c420e2d7cc', 3, '2022-02-20 15:26:55', '2022-02-20 15:26:55'),
(447, '56f5ed40-3b5e-4976-a1eb-ced0938b1623', 3, '2022-02-20 21:08:27', '2022-02-20 21:08:27'),
(448, 'acfc84cc-bd6e-47a6-b6a7-81556b638ee1', 3, '2022-02-21 15:43:18', '2022-02-21 15:43:18'),
(449, '5d23f9e0-7f4b-4da7-9163-a87d2c898024', 3, '2022-02-21 20:48:51', '2022-02-21 20:48:51'),
(450, '902018f8-451c-46c3-801d-18d9540c7d3b', 3, '2022-02-22 04:02:57', '2022-02-22 04:02:57'),
(451, '21e50b57-2e14-47b0-8fc2-0d3213ef8353', 3, '2022-02-22 06:43:41', '2022-02-22 06:43:41'),
(452, 'da223dae-6278-4450-a4f4-5eec37642c01', 3, '2022-02-23 10:07:33', '2022-02-23 10:07:33'),
(453, 'a487af03-cd90-46b8-ae91-14d97e03377f', 3, '2022-02-23 10:08:02', '2022-02-23 10:08:02'),
(454, 'b0a0b651-672c-4e1b-a534-b6dee9f987dd', 19, '2022-02-23 10:21:41', '2022-02-23 10:22:08'),
(455, '0b9e4a63-1b80-4912-ba9c-16210e45d921', 3, '2022-02-24 17:47:38', '2022-02-24 17:47:38'),
(456, 'd2571905-3cb0-4526-ba64-3f12014fd500', 3, '2022-02-25 21:18:26', '2022-02-25 21:18:26'),
(457, 'f0065b9f-edbd-4614-b703-48f68a0a05f7', 3, '2022-02-26 10:08:22', '2022-02-26 10:08:22'),
(458, 'd6a85287-57dd-4f4d-8530-92bfabd5fb47', 3, '2022-02-26 20:00:02', '2022-02-26 20:00:02'),
(459, '5f2932bd-77cb-4e3c-801b-f4b9a9c9a83e', 3, '2022-02-26 23:35:48', '2022-02-26 23:35:48'),
(460, 'aa59efb8-c719-4834-a5fb-9ea504ea959d', 3, '2022-02-27 00:28:23', '2022-02-27 00:28:23'),
(461, '0609e198-b812-4c74-a32b-244223993b1e', 3, '2022-02-27 02:38:51', '2022-02-27 02:38:51'),
(462, '1e17f968-b58d-498c-bc17-a09df90609f1', 3, '2022-02-27 04:07:44', '2022-02-27 04:07:44'),
(463, '59376484-64fd-4691-ac7d-5dd75eeba95f', 3, '2022-02-27 04:46:39', '2022-02-27 04:46:39'),
(464, 'd6e9190b-6a00-4d5c-8356-36330b0fcf50', 3, '2022-02-27 05:18:26', '2022-02-27 05:18:26'),
(465, 'dad5a06e-491a-4ce5-852d-a9b1cab6e14a', 3, '2022-02-27 07:49:44', '2022-02-27 07:49:44'),
(466, '79054ff1-8594-466d-90a0-421711503556', 3, '2022-02-27 08:59:05', '2022-02-27 08:59:05'),
(467, '9edbb310-0970-4ac5-9075-f97855840963', 19, '2022-02-27 12:15:02', '2022-02-27 12:15:44'),
(468, '5caba27a-f7b7-49eb-9386-2347861f4fdf', 3, '2022-02-27 13:30:50', '2022-02-27 13:30:50'),
(469, '6d61d619-c7e7-4dfa-bd0a-822468a99f55', 3, '2022-02-27 16:34:09', '2022-02-27 16:34:09'),
(470, '02658879-bf18-4d6b-a356-68bb7e79c2d9', 3, '2022-02-27 16:58:39', '2022-02-27 16:58:39'),
(471, '65a6ba5a-b137-49b7-bb0f-1c5efab56a55', 3, '2022-02-27 23:53:23', '2022-02-27 23:53:23'),
(472, 'fb4c1549-a141-4907-a5ee-f6251c94a56e', 3, '2022-02-28 03:13:54', '2022-02-28 03:13:54'),
(473, '4d65b647-1bcc-412d-a5a0-2915888664e8', 3, '2022-02-28 03:27:06', '2022-02-28 03:27:06'),
(474, 'df0d6ad0-14fc-4db8-ae65-30f93c87fd2c', 3, '2022-02-28 05:08:05', '2022-02-28 05:08:05'),
(475, '754eef23-e95a-49b0-a805-e80eb51bad5d', 3, '2022-02-28 06:38:51', '2022-02-28 06:38:51'),
(476, '3eb9b20e-a6bb-4b97-a0ab-795822fc7f4b', 1, '2022-02-28 16:11:29', '2022-02-28 16:11:42'),
(477, '587fd1cd-7bd7-490c-946a-00a054fb8b41', 3, '2022-03-01 15:28:47', '2022-03-01 15:28:47'),
(478, '5d42b533-2657-4dd2-9f1b-dcf0e0aa5506', 3, '2022-03-01 22:35:02', '2022-03-01 22:35:02'),
(479, 'cdf9fc43-998b-4113-ab18-78de8d3f3fbb', 3, '2022-03-03 10:16:24', '2022-03-03 10:16:24'),
(480, 'a0a2dfc1-856d-409a-9e0b-9d94eb2fa8a0', 3, '2022-03-03 23:33:36', '2022-03-03 23:33:36'),
(481, 'a55b5157-5c0e-4d83-b79d-6171f32aadbb', 3, '2022-03-04 02:47:36', '2022-03-04 02:47:36'),
(482, '6d7a8c04-8d5c-4bb7-8ff4-526961b3d05c', 3, '2022-03-04 10:33:09', '2022-03-04 10:33:09'),
(483, '872c503d-12f9-4a22-95b5-e5754df39042', 3, '2022-03-05 19:02:44', '2022-03-05 19:02:44'),
(484, '5a644b91-9b1e-438b-b9a6-60e8b640e619', 3, '2022-03-05 21:09:28', '2022-03-05 21:09:28'),
(485, 'dbee46fc-ed24-466b-acf1-c010adf05e7d', 3, '2022-03-05 22:32:00', '2022-03-05 22:32:00'),
(486, '61c8ae23-bacb-448d-bca0-c8feab6ae82b', 3, '2022-03-05 22:32:02', '2022-03-05 22:32:02'),
(487, 'b6c20763-57ff-42e6-afd3-b0da5f7d45ab', 3, '2022-03-05 22:32:03', '2022-03-05 22:32:03'),
(488, '30acbb3b-1308-44e2-b8e5-cbbecd9f65a8', 3, '2022-03-05 22:32:05', '2022-03-05 22:32:05'),
(489, '7f5eb875-c32d-49f3-9705-24ecb038fc6b', 3, '2022-03-06 01:44:49', '2022-03-06 01:44:49'),
(490, '2bc296fc-cbb4-420c-a891-ca9f00c5f199', 3, '2022-03-06 02:25:02', '2022-03-06 02:25:02'),
(491, '063e8883-cabf-4615-87c2-1269a914dce3', 3, '2022-03-06 02:25:14', '2022-03-06 02:25:14'),
(492, 'ed57b4b0-5ed5-4f0a-8c37-e73c3f4e3b53', 3, '2022-03-06 02:25:15', '2022-03-06 02:25:15'),
(493, '0a001c27-0c2b-43fd-bdc5-12e8b56e3b23', 3, '2022-03-06 15:54:31', '2022-03-06 15:54:31'),
(494, 'cd797857-e79b-4e7c-bf94-038497f098df', 3, '2022-03-06 20:51:25', '2022-03-06 20:51:25'),
(495, '768e8a2e-7b45-41ae-bf32-18ece7083b3d', 3, '2022-03-06 21:54:54', '2022-03-06 21:54:54'),
(496, '963f51f4-f603-46c7-b2f9-47f63c3b65f7', 3, '2022-03-06 22:10:01', '2022-03-06 22:10:01'),
(497, 'ef95a89b-9124-41cb-a69d-0827434e6710', 3, '2022-03-07 00:34:33', '2022-03-07 00:34:33'),
(498, 'e0bd9d3e-9b97-4bc7-abae-3e56027ccace', 3, '2022-03-08 12:32:59', '2022-03-08 12:32:59'),
(499, 'd405b7e4-b9d2-453d-8957-799611ba9081', 3, '2022-03-09 08:34:31', '2022-03-09 08:34:31'),
(500, 'ebc91168-0e5d-4566-a333-15cd1e74cad7', 3, '2022-03-09 13:35:04', '2022-03-09 13:35:04'),
(501, '0973cd48-c886-4e8f-8db8-0d36bedaa318', 3, '2022-03-09 23:43:37', '2022-03-09 23:43:37'),
(502, '5673462e-2401-4cc2-9488-689cdfee5cff', 3, '2022-03-10 17:47:07', '2022-03-10 17:47:07'),
(503, 'ce5f8bac-23f1-45ba-ac28-da81a2e59bec', 3, '2022-03-10 18:36:16', '2022-03-10 18:36:16'),
(504, 'bc16752b-0a33-4c32-9533-d7d5b78a5d71', 3, '2022-03-10 19:00:58', '2022-03-10 19:00:58'),
(505, 'db1e02df-5bd1-4b7b-8992-251a0469d5c5', 3, '2022-03-10 19:51:05', '2022-03-10 19:51:05'),
(506, '99857844-dcf1-49e4-894a-0c28d9f108d4', 3, '2022-03-11 14:07:07', '2022-03-11 14:07:07'),
(507, 'd10ea3b8-7435-4e44-924d-da6c636966d5', 3, '2022-03-11 17:05:45', '2022-03-11 17:05:45'),
(508, 'c808aa87-0e03-4de5-a9a4-ff8039236126', 3, '2022-03-12 06:40:44', '2022-03-12 06:40:44'),
(509, '60d62253-78c7-4b26-9e5a-e8a56b05c790', 3, '2022-03-12 10:10:49', '2022-03-12 10:10:49'),
(510, '99800c2f-bff7-4710-9023-362a8bb37169', 3, '2022-03-12 16:19:29', '2022-03-12 16:19:29'),
(511, '5d58211d-bf0d-4819-a834-db0a548d91be', 3, '2022-03-12 16:50:26', '2022-03-12 16:50:26'),
(512, '14bd493c-b7ef-4396-b49e-a54ce3075419', 3, '2022-03-12 17:37:08', '2022-03-12 17:37:08'),
(513, 'c86df930-fcd6-474e-a52f-0844f733066a', 3, '2022-03-12 18:04:57', '2022-03-12 18:04:57'),
(514, '4d4bf443-4046-499b-9fbf-fcc66ce06d6d', 3, '2022-03-12 18:07:32', '2022-03-12 18:07:32'),
(515, '4d95375f-29de-4192-bb8f-35ca2ff98c2b', 3, '2022-03-12 18:19:15', '2022-03-12 18:19:15'),
(516, '21139179-00b5-4e68-870f-d8c02b62fcb2', 3, '2022-03-12 18:43:03', '2022-03-12 18:43:03'),
(517, 'c4a9d8a9-169b-4cec-acff-3a06c7518bb8', 3, '2022-03-12 20:14:21', '2022-03-12 20:14:21'),
(518, '6c911a6e-910c-4f14-895a-33894f48d17d', 3, '2022-03-13 00:24:49', '2022-03-13 00:24:49'),
(519, '5d004bd1-e93a-4bf4-8b4e-25b8dddb87ec', 3, '2022-03-13 02:25:07', '2022-03-13 02:25:07'),
(520, '197b2b36-ba9f-4c15-a56c-3d653face353', 3, '2022-03-13 04:31:19', '2022-03-13 04:31:19'),
(521, '593667fa-099f-49c7-bc21-7c4293ebd358', 3, '2022-03-13 05:22:28', '2022-03-13 05:22:28'),
(522, 'fa3d724b-948f-44ee-a0d6-274e39dd2c4a', 3, '2022-03-13 05:43:54', '2022-03-13 05:43:54'),
(523, 'eab7c848-efd6-4a8f-9a00-4d9f7c223942', 3, '2022-03-13 09:00:11', '2022-03-13 09:00:11'),
(524, '54b9e4ef-042c-4116-b44e-c43304fdc033', 3, '2022-03-13 09:14:54', '2022-03-13 09:14:54'),
(525, '80653578-5783-4132-b2ef-43c132808563', 3, '2022-03-13 11:39:32', '2022-03-13 11:39:32'),
(526, '5d55d8c5-8e67-41f7-8602-84172b6bf169', 3, '2022-03-13 14:31:23', '2022-03-13 14:31:23'),
(527, '925eedf4-fd55-47a9-bca7-3a0f13fe6efe', 3, '2022-03-13 14:47:00', '2022-03-13 14:47:00'),
(528, '5005f3af-1395-4c0c-8050-68be237c7055', 3, '2022-03-13 19:41:24', '2022-03-13 19:41:24'),
(529, 'daec1bdb-86f3-407a-8e76-76547aaa2b5c', 3, '2022-03-13 19:56:58', '2022-03-13 19:56:58'),
(530, '4d99d281-e24c-4ffd-8c7e-34aa400494be', 3, '2022-03-13 19:57:35', '2022-03-13 19:57:35'),
(531, 'acc8f19e-9805-4053-9424-e23a800b2767', 3, '2022-03-13 20:11:52', '2022-03-13 20:11:52'),
(532, '0c1cb918-4a06-459e-a292-31c57ffc9e69', 3, '2022-03-13 21:06:51', '2022-03-13 21:06:51'),
(533, '425da5d5-e1a3-4fa3-94e4-55ec51d38c75', 3, '2022-03-13 21:17:32', '2022-03-13 21:17:32'),
(534, '99c47e67-6912-47c0-853d-e86443efb9c1', 3, '2022-03-13 22:24:18', '2022-03-13 22:24:18'),
(535, '439fcdd9-8610-4175-b112-d1a8a1edd473', 3, '2022-03-14 02:41:52', '2022-03-14 02:41:52'),
(536, 'a67122be-7222-43f3-8082-5ebe796a9933', 3, '2022-03-14 03:40:54', '2022-03-14 03:40:54'),
(537, '74eee21a-2db0-4e22-8d1b-dde1bb4e6675', 3, '2022-03-14 05:28:19', '2022-03-14 05:28:19'),
(538, '75ff8b44-33ab-4173-be08-faabd2454c20', 3, '2022-03-14 06:03:21', '2022-03-14 06:03:21'),
(539, 'ee370a04-d126-4931-a5b1-91ab2071d41b', 3, '2022-03-14 06:31:22', '2022-03-14 06:31:22'),
(540, 'c876e837-e98f-4a40-9aaf-09a86e389215', 3, '2022-03-14 06:51:19', '2022-03-14 06:51:19'),
(541, 'd739096f-b45a-4f4f-94e1-a035e3891e96', 3, '2022-03-14 07:06:12', '2022-03-14 07:06:12'),
(542, '175c7ec1-e299-40a5-aef3-e830726ae81f', 3, '2022-03-14 07:38:52', '2022-03-14 07:38:52'),
(543, 'e270c669-a2f4-4036-a644-737ea7fbcaeb', 3, '2022-03-14 12:48:53', '2022-03-14 12:48:53'),
(544, '929571c8-5a82-4c6d-a2cf-2ff90aefc68c', 3, '2022-03-14 15:35:09', '2022-03-14 15:35:09'),
(545, 'b1450e7a-add7-4989-b252-52333cd8b7ca', 3, '2022-03-14 20:31:57', '2022-03-14 20:31:57'),
(546, 'c851d4df-ebcb-4ba8-94d1-f63975f81bb6', 3, '2022-03-15 01:22:02', '2022-03-15 01:22:02'),
(547, '2f7e95c4-58da-4042-a26d-ed65f6e9b635', 3, '2022-03-15 02:33:55', '2022-03-15 02:33:55'),
(548, 'd58b763c-d8fb-4461-afb4-63063d2fad29', 3, '2022-03-15 07:21:40', '2022-03-15 07:21:40'),
(549, '834b4060-4dde-496b-8ff3-457f769ca0bb', 3, '2022-03-15 08:33:41', '2022-03-15 08:33:41'),
(550, '8513ac14-33ee-4912-a1df-67a5bc5aef1a', 3, '2022-03-15 08:49:28', '2022-03-15 08:49:28'),
(551, 'f17e7564-7ce3-4d74-b041-59d66e068040', 3, '2022-03-15 09:36:52', '2022-03-15 09:36:52'),
(552, 'fe206900-3986-452c-9adc-7db13e47b750', 3, '2022-03-16 02:15:21', '2022-03-16 02:15:21'),
(553, '45afc9db-57db-4a39-9209-be50853673c2', 3, '2022-03-16 05:27:03', '2022-03-16 05:27:03'),
(554, '289bc7fa-3e6c-45ef-951f-60b8b78f2c40', 3, '2022-03-17 19:17:27', '2022-03-17 19:17:27'),
(555, '8abd84bd-c424-4ce0-8169-f09e2a6d90b5', 3, '2022-03-17 19:40:23', '2022-03-17 19:40:23'),
(556, '0f229c04-1736-45fd-af49-eab18901e5a1', 3, '2022-03-17 19:50:13', '2022-03-17 19:50:13'),
(557, 'f18c4a54-e308-4414-a8d2-6030ae241b8b', 3, '2022-03-19 09:57:55', '2022-03-19 09:57:55'),
(558, 'd675e40d-8ff0-4cbe-b9a3-39e715a1be41', 3, '2022-03-19 16:22:56', '2022-03-19 16:22:56'),
(559, '54d402bc-b8e9-444f-a9dc-a3d09da6d592', 3, '2022-03-20 04:17:36', '2022-03-20 04:17:36'),
(560, '71e6aa6f-3762-4ca6-96ae-873c88555983', 3, '2022-03-20 05:50:59', '2022-04-03 14:21:36'),
(561, '4a088679-138d-4816-88da-cf94faab5b2a', 3, '2022-03-21 01:33:56', '2022-03-21 01:33:56'),
(562, '52312836-c38d-4b98-90e7-a34879b69f52', 3, '2022-03-21 02:38:47', '2022-03-21 02:38:47'),
(563, '56506147-e230-4564-b482-817b33bce1f9', 3, '2022-03-22 00:09:36', '2022-03-22 00:09:36'),
(564, '5bcc6a0f-213f-4648-acdf-38fd95d8b341', 3, '2022-03-24 19:07:37', '2022-03-24 19:07:37'),
(565, '4bb52a7c-c382-4529-8dca-faef83dd7dcf', 3, '2022-03-26 02:19:07', '2022-03-26 02:19:07'),
(566, '23bae337-ff78-40d0-93ab-fc769b66b1ed', 3, '2022-03-26 20:38:08', '2022-03-26 20:38:08'),
(567, '304c2a2f-8bb7-4885-af64-a7cdeaf9f649', 3, '2022-03-28 09:41:04', '2022-03-28 09:41:04'),
(568, '152a1eeb-7731-4c7c-9b1c-2c5b5d5b9f03', 3, '2022-03-28 11:57:57', '2022-03-28 11:57:57'),
(569, '9090b053-554f-4e25-b133-7d0c94862995', 3, '2022-03-28 12:13:01', '2022-03-28 12:13:01'),
(570, 'e5ead960-3ddd-4097-af6d-6389d144bdc1', 3, '2022-03-28 12:13:11', '2022-03-28 12:13:11'),
(571, 'a9ce76ec-5039-484c-92c4-95810eabf1b6', 3, '2022-03-28 19:58:20', '2022-03-28 19:58:20'),
(572, 'bff27192-d634-46ee-b7c4-59422b25fb7e', 3, '2022-03-29 16:48:33', '2022-03-29 16:48:33'),
(573, 'f51f556f-c62e-4a64-9c86-6df804288c67', 3, '2022-03-29 17:35:48', '2022-03-29 17:35:48'),
(574, '9cd95b64-31f7-4486-9a14-fc7d699427a9', 3, '2022-03-29 18:25:07', '2022-03-29 18:25:07'),
(575, '02ed5b56-33c3-40bb-81f0-de2a85f6c277', 3, '2022-03-29 18:44:37', '2022-03-29 18:44:37'),
(576, '099b3a22-4374-4a76-b7ee-89f2e856f4a2', 3, '2022-03-30 03:57:46', '2022-03-30 03:57:46'),
(577, '02256ae7-8b7d-4a80-a067-c3ac35be7bc2', 3, '2022-03-30 10:25:31', '2022-03-30 10:25:31'),
(578, '1df488fd-7016-4621-9bd0-f08e32244264', 3, '2022-03-30 19:52:45', '2022-03-30 19:52:45'),
(579, '58eed9d6-056b-42c8-a6c9-90f580cdb36c', 3, '2022-03-30 23:54:36', '2022-03-30 23:54:36'),
(580, '8f63a6b6-3736-431d-ba69-0c58a8c1b712', 3, '2022-03-31 02:24:15', '2022-03-31 02:24:15'),
(581, '0857f0f1-302f-45b3-884d-4763b553a66b', 3, '2022-03-31 15:37:15', '2022-03-31 15:37:15'),
(582, 'bad328b3-45f4-43b7-bfd9-44d4eca06b45', 3, '2022-03-31 18:42:58', '2022-03-31 18:42:58'),
(583, '69334330-4975-4781-aac0-862be51d263c', 3, '2022-03-31 19:08:15', '2022-03-31 19:08:15'),
(584, '9619d8be-52d4-4a95-a065-2d225c54b90b', 3, '2022-03-31 19:21:01', '2022-03-31 19:21:01'),
(585, '1e02b23e-d57e-4c9c-8071-9a9b506a3627', 3, '2022-03-31 21:22:50', '2022-03-31 21:22:50'),
(586, '5da2d8c0-bb3e-4c2c-b27d-c080ead036a2', 3, '2022-03-31 21:59:53', '2022-03-31 21:59:53'),
(587, '7b212374-b813-4be3-abde-d70a1ce95b9b', 3, '2022-03-31 22:00:07', '2022-03-31 22:00:07'),
(588, 'cf4b9997-d75e-436e-8dd4-c39b26a9e640', 3, '2022-03-31 22:15:41', '2022-03-31 22:15:41'),
(589, '3583941c-a599-48e5-89cf-330d1db8deee', 3, '2022-03-31 22:59:10', '2022-03-31 22:59:10'),
(590, '774cb744-9c13-4007-83c6-374e2f366be5', 3, '2022-04-01 00:10:23', '2022-04-01 00:10:23'),
(591, '4b90b29c-4522-4164-8a6b-824ccf1dab5a', 3, '2022-04-01 02:17:08', '2022-04-01 02:17:08'),
(592, 'c4fbc0e1-c5a6-4d9a-9315-c492d3f9e6d5', 3, '2022-04-01 02:34:50', '2022-04-01 02:34:50'),
(593, 'bae12827-83b0-4fba-9f48-7aa91e8ea38f', 3, '2022-04-01 03:38:27', '2022-04-01 03:38:27'),
(594, 'f2445ef6-0b8b-43de-b2a3-17bbaf93d017', 3, '2022-04-01 05:22:45', '2022-04-01 05:22:45'),
(595, '6b63222e-ea27-43eb-98f3-95f254f767da', 3, '2022-04-01 05:36:34', '2022-04-01 05:36:34'),
(596, '7aa4b178-a0c4-4fb6-ac71-c506c4e57c32', 3, '2022-04-01 07:16:07', '2022-04-01 07:16:07'),
(597, '2c3998cc-951f-4cd9-99cd-d00933da47a5', 3, '2022-04-01 08:36:41', '2022-04-01 08:36:41'),
(598, 'a395f306-4492-4f7b-8aae-de469d8cb4ad', 3, '2022-04-01 09:23:45', '2022-04-01 09:23:45'),
(599, '895ec6f0-bb14-4bbf-980d-0c82a9674823', 3, '2022-04-01 10:21:41', '2022-04-01 10:21:41'),
(600, 'aa217e24-f938-4efe-8342-dba154794558', 3, '2022-04-01 10:42:53', '2022-04-01 10:42:53'),
(601, 'c555c143-f7c0-4ea7-8aea-4bb3d1bd552c', 3, '2022-04-01 11:03:51', '2022-04-01 11:03:51'),
(602, '6eca96e4-9d2c-4f5b-a924-47aa953c1cec', 3, '2022-04-01 12:25:14', '2022-04-01 12:25:14'),
(603, '64d10f68-e10b-4600-9499-48ff802ff5bd', 3, '2022-04-01 13:07:24', '2022-04-01 13:07:24'),
(604, 'e6e608d0-54f2-48c3-b63a-7ccb04fdbe06', 3, '2022-04-01 13:20:13', '2022-04-01 13:20:13'),
(605, 'a059cbf8-2f37-463d-8771-d555e43b6a82', 3, '2022-04-01 13:43:14', '2022-04-01 13:43:14'),
(606, '91b35a08-f011-45be-b400-cc4f5bc7a51f', 3, '2022-04-01 14:58:05', '2022-04-01 14:58:05'),
(607, '7228bd59-8b62-4c1c-850a-b3b541707bba', 3, '2022-04-01 15:34:02', '2022-04-01 15:34:02'),
(608, 'ce5400ee-8692-4152-b6a2-85afae9d9480', 3, '2022-04-01 17:04:21', '2022-04-01 17:04:21'),
(609, '951bfbb5-e6c0-4c58-a46f-03470b1382e5', 3, '2022-04-01 17:56:41', '2022-04-01 17:56:41'),
(610, '347765ee-49f8-453e-aa00-9d9a5cbaa6d8', 3, '2022-04-01 20:29:29', '2022-04-01 20:29:29'),
(611, '4c973498-df8a-4f9b-9986-56e57c888599', 3, '2022-04-01 21:23:35', '2022-04-01 21:23:35'),
(612, 'e5e9b2d2-1ea2-484a-927e-d6d1ec0e192d', 3, '2022-04-01 23:32:33', '2022-04-01 23:32:33'),
(613, 'fdd8888f-8499-4e50-a45e-f396dd054af2', 3, '2022-04-02 00:16:02', '2022-04-02 00:16:02'),
(614, 'af2ce1e5-2b9d-4996-b146-720ef941830f', 3, '2022-04-02 00:36:00', '2022-04-02 00:36:00'),
(615, 'bcd1fcd0-015b-41af-9740-6fd8593faff4', 3, '2022-04-02 03:39:38', '2022-04-02 03:39:38'),
(616, '11b67600-39be-405a-8274-c50d9c8a2dd6', 3, '2022-04-02 03:54:49', '2022-04-02 03:54:49'),
(617, 'dfa7198f-4cdc-41ef-b8c0-721ae91c5f01', 3, '2022-04-02 04:14:52', '2022-04-02 04:14:52'),
(618, '44b66241-a97d-42f4-817d-a409c2b206c8', 3, '2022-04-02 04:31:00', '2022-04-02 04:31:00'),
(619, '141d5621-274e-4614-a8ba-b2ee6906b663', 3, '2022-04-02 08:06:45', '2022-04-02 08:06:45'),
(620, 'ab15e654-b5e0-4c66-9ad0-7ed4979ace4b', 3, '2022-04-02 08:37:58', '2022-04-02 08:37:58'),
(621, '4c2963e0-733b-4131-8831-1e7c39288513', 3, '2022-04-02 08:59:19', '2022-04-02 08:59:19'),
(622, '4cbe2d0e-f260-4aa7-b457-6e29767b9fb3', 3, '2022-04-02 09:18:30', '2022-04-02 09:18:30'),
(623, '5d21b72e-3bdc-4e35-9963-13e92dc5a516', 3, '2022-04-02 09:30:16', '2022-04-02 09:30:16'),
(624, '15ad0db8-a50d-487e-bdc5-ce8ae1e8c7d9', 3, '2022-04-02 09:41:30', '2022-04-02 09:41:30'),
(625, '37b242a1-dd11-44f1-acdd-6c50b2112d75', 3, '2022-04-02 09:57:50', '2022-04-02 09:57:50'),
(626, 'a1281cae-744f-4a7e-84d6-66ffb0c589cc', 3, '2022-04-02 10:30:26', '2022-04-02 10:30:26'),
(627, '9d9b13bb-8b8f-47f4-938f-1ceb3a4744b4', 3, '2022-04-02 10:45:56', '2022-04-02 10:45:56'),
(628, 'b94610dd-ff7b-43d7-845b-b6fdc67b32b0', 3, '2022-04-02 11:05:20', '2022-04-02 11:05:20'),
(629, '6e425de4-5992-417f-a2c9-e3a3bda554af', 3, '2022-04-02 11:32:10', '2022-04-02 11:32:10'),
(630, '585ddf86-aa5e-460c-8f35-8e7a62306fbf', 3, '2022-04-02 11:32:14', '2022-04-02 11:32:14'),
(631, '1b83371e-62df-4c1c-a105-4404c6daddc6', 3, '2022-04-02 11:47:41', '2022-04-02 11:47:41'),
(632, '26c3ef5c-0d7b-4819-ab87-e35b3ae1cf30', 3, '2022-04-02 13:02:37', '2022-04-02 13:02:37'),
(633, '90cecb25-c5af-4be0-990b-4a5298b5d513', 3, '2022-04-02 14:57:15', '2022-04-02 14:57:15'),
(634, 'f8e8cd1f-ad7f-4c3a-902a-58e54b5ab761', 3, '2022-04-02 16:01:00', '2022-04-02 16:01:00'),
(635, '88c5f5d6-e890-4449-9ce6-756823cb61e9', 3, '2022-04-02 17:23:12', '2022-04-02 17:23:12'),
(636, '5a3aba25-4e41-4801-b744-c0cbc26c5c2a', 3, '2022-04-02 18:12:02', '2022-04-02 18:12:02'),
(637, '9f1bedf5-0593-496b-909f-0fffb9cc08c3', 3, '2022-04-02 19:48:16', '2022-04-02 19:48:16'),
(638, 'df22bbb9-2f1c-46cf-86ef-91bb1bd1ffa3', 3, '2022-04-02 20:27:29', '2022-04-02 20:27:29'),
(639, 'e6cfbd17-c00e-40e9-a2a3-8185f2bc91e9', 3, '2022-04-02 20:41:08', '2022-04-02 20:41:08'),
(640, '75bc4efc-b9f0-42e5-ad8f-2d2f86c6c59c', 3, '2022-04-02 20:59:15', '2022-04-02 20:59:15'),
(641, '246e5ba7-937b-446c-ba7e-025f8fda439b', 3, '2022-04-02 21:36:29', '2022-04-02 21:36:29'),
(642, '6165ab40-5cef-47b4-83c9-0e935b55fc4b', 3, '2022-04-02 22:06:26', '2022-04-02 22:06:26'),
(643, '9d210838-4917-4ffa-b7a1-c129e470cdca', 3, '2022-04-02 22:22:49', '2022-04-02 22:22:49'),
(644, '7d3473a0-7708-4399-a0ec-3b7b330ab101', 3, '2022-04-02 22:50:12', '2022-04-02 22:50:12'),
(645, '35b1789c-a645-4010-b5b0-982084cf7ac9', 3, '2022-04-03 00:37:23', '2022-04-03 00:37:23'),
(646, '76c425b7-41b7-4fcb-b60d-b6dfe33780c4', 3, '2022-04-03 01:28:51', '2022-04-03 01:28:51'),
(647, 'ef203861-a079-4061-860f-1dd3473c0e88', 3, '2022-04-03 03:25:13', '2022-04-03 03:25:13'),
(648, '4438d99f-ea6f-437b-bafa-909ad50456f0', 3, '2022-04-03 04:25:51', '2022-04-03 04:25:51'),
(649, 'aed3f152-8418-444b-a543-a60ad348103d', 3, '2022-04-03 05:53:57', '2022-04-03 05:53:57'),
(650, '0da76c10-2c02-4d01-b555-34ef02e8b34f', 3, '2022-04-03 06:06:07', '2022-04-03 06:06:07'),
(651, '37876048-6394-4a63-a874-9068cc3b535a', 3, '2022-04-03 07:31:54', '2022-04-03 07:31:54'),
(652, 'fc206a2f-6763-4c55-84b9-585d34a14669', 3, '2022-04-03 08:47:44', '2022-04-03 08:47:44'),
(653, 'db8a41b8-6f1b-441c-b474-bf40477506b3', 3, '2022-04-03 10:11:49', '2022-04-03 10:11:49'),
(654, 'c4793617-9728-4cfd-96ce-beb922e3e6e1', 3, '2022-04-03 14:16:14', '2022-04-03 14:16:14'),
(655, '608a05e3-97fc-4e0a-875c-e33a5929209a', 3, '2022-04-03 14:16:25', '2022-04-03 14:16:25'),
(656, '5245d056-2c87-4086-9283-7315a74cae9b', 3, '2022-04-03 14:17:40', '2022-04-03 14:17:40'),
(657, '42010aeb-aa30-4f50-a7f2-5c007ba7d002', 3, '2022-04-03 14:21:03', '2022-04-03 14:21:03'),
(658, '5d7ef3af-b314-4a7f-8b93-0c7a680b5687', 19, '2022-04-03 14:21:58', '2022-04-03 14:22:11'),
(659, '973d77a6-8df2-4717-b9f9-4c5feed82020', 3, '2022-04-03 16:07:21', '2022-04-03 16:07:21'),
(660, 'a9d7905d-b236-4892-8177-e4d2f4bbbeef', 3, '2022-04-03 16:54:29', '2022-04-03 16:54:29'),
(661, '79fe97a8-fe15-4d4d-9e7c-48326ae53839', 3, '2022-04-03 19:39:20', '2022-04-03 19:39:20'),
(662, 'c17de22c-e58d-470b-a89b-f1d9f295f025', 3, '2022-04-03 20:44:09', '2022-04-03 20:44:09'),
(663, '0fed337c-ebbd-43eb-bff9-08978dafa374', 3, '2022-04-03 21:10:39', '2022-04-03 21:10:39'),
(664, '82e9a1de-b372-437c-b3a7-a94e154e893b', 3, '2022-04-03 22:26:32', '2022-04-03 22:26:32'),
(665, '646ac346-34e9-4931-9ea9-5a7325aae4e2', 3, '2022-04-04 00:29:19', '2022-04-04 00:29:19'),
(666, 'b362f8a7-d338-4e0c-963f-8848092fbd3c', 3, '2022-04-04 06:14:06', '2022-04-04 06:14:06'),
(667, '5f3b6ac9-6e66-425d-ad10-d7391b77e15b', 3, '2022-04-04 07:14:20', '2022-04-04 07:14:20'),
(668, '38eadc39-c958-4194-b3f1-b175c4a9693b', 3, '2022-04-04 09:49:18', '2022-04-04 09:49:18'),
(669, '98bad4f8-123d-447c-a303-faa47cfec336', 3, '2022-04-04 16:16:43', '2022-04-04 16:16:43'),
(670, '37209bc0-0a70-4cea-a52d-fb8b8a7f6620', 3, '2022-04-05 00:06:58', '2022-04-05 00:06:58'),
(671, '0c06c8f6-22da-445d-ab52-705786d53695', 3, '2022-04-05 18:16:54', '2022-04-05 18:16:54'),
(672, 'b9e866dd-d6d1-4f9d-8f98-d96dd01c79e1', 3, '2022-04-06 11:59:49', '2022-04-06 11:59:49'),
(673, 'd079ff49-cc5c-4dc6-980c-e8408aacfcda', 3, '2022-04-06 18:44:49', '2022-04-06 18:44:49'),
(674, '9d19926c-159b-4452-b84f-05e96e9f1c1d', 3, '2022-04-07 04:02:48', '2022-04-07 04:02:48'),
(675, '1716749d-34f6-4647-9cec-36dbbf5ed70f', 3, '2022-04-07 09:09:27', '2022-04-07 09:09:27'),
(676, '0aa130bb-4545-47be-bd0b-69dcecda3882', 3, '2022-04-07 14:33:17', '2022-04-07 14:33:17'),
(677, 'bafb5e66-e10f-4b5f-9d36-e52fbd355162', 3, '2022-04-07 14:35:43', '2022-04-07 14:35:43'),
(678, 'd33f6cd8-0102-4730-8fb0-f1cf0e722d96', 3, '2022-04-08 03:10:40', '2022-04-08 03:10:40'),
(679, '5997d3ba-2a7b-4262-8d26-b4408fa3e155', 3, '2022-04-08 03:59:22', '2022-04-08 03:59:22'),
(680, '9e4e9871-992d-4f9e-b4cb-bab8ad1be821', 3, '2022-04-08 04:07:46', '2022-04-08 04:07:46'),
(681, '54c0fd17-ed66-418c-aa96-450cf1a6096e', 3, '2022-04-08 16:33:02', '2022-04-08 16:33:02'),
(682, '5430bd5c-21ae-4d27-b003-bd13082b7ef9', 3, '2022-04-09 10:12:36', '2022-04-09 10:12:36'),
(683, '2dd13082-679f-4ee0-8ee2-502a2565f9f0', 3, '2022-04-09 10:13:11', '2022-04-09 10:13:11'),
(684, 'b75f660d-396a-4d83-856b-7f1ca34e11b1', 3, '2022-04-09 23:46:51', '2022-04-09 23:46:51'),
(685, 'c0bd5976-08af-46f6-9773-9e3f6bcaceb6', 19, '2022-04-10 16:18:16', '2022-04-10 17:00:11'),
(686, '547c97b8-fc79-426c-aeed-077da03d469b', 3, '2022-04-11 11:12:57', '2022-04-11 11:12:57'),
(687, 'bae1b7b3-ee7f-4f24-8821-2fabedc1387c', 3, '2022-04-12 04:32:46', '2022-04-12 04:32:46'),
(688, '3fdddb6c-19f9-4226-8efa-d54beac35f4a', 3, '2022-04-15 22:53:20', '2022-04-15 22:53:20'),
(689, '5c3f1eb3-49ad-4bf5-ab3d-522324aa7802', 3, '2022-04-16 00:26:16', '2022-04-16 00:26:16'),
(690, '07f50939-fb3a-48d3-bcc1-803d89f86fe6', 3, '2022-04-16 00:26:32', '2022-04-16 00:26:32'),
(691, 'd1bf53fd-1a42-45ad-bbde-e169f9885c0e', 3, '2022-04-16 00:39:27', '2022-04-16 00:39:27'),
(692, 'd0de3b2b-c9c5-4bf1-9917-fad8790907b2', 3, '2022-04-16 00:40:10', '2022-04-16 00:40:10'),
(693, 'd4ff2ed3-dfd9-4053-b461-1339ee5bb1a9', 3, '2022-04-16 00:40:19', '2022-04-16 00:40:19'),
(694, '10e013c5-df5f-4ba6-9db1-b58c058dbe81', 3, '2022-04-16 00:41:01', '2022-04-16 00:41:01'),
(695, '92ea7e5c-179d-4a99-9911-20b7cd97825a', 3, '2022-04-16 00:44:20', '2022-04-16 00:44:20'),
(696, '475bc279-1d83-4ff2-bb1f-3d0e1614e8aa', 3, '2022-04-16 16:29:47', '2022-04-16 16:29:47'),
(697, '5bf8e333-ed5c-409c-a853-f83fd366cc24', 3, '2022-04-18 17:36:04', '2022-04-18 17:36:04'),
(698, 'b5c89e0d-4026-4680-aa7e-ccddfd5d3be5', 3, '2022-04-19 00:52:05', '2022-04-19 00:52:05'),
(699, 'e4835e90-908f-4741-b085-41145b8e3b8d', 3, '2022-04-19 02:24:29', '2022-04-19 02:24:29'),
(700, 'ee81ca41-5793-4ad9-993f-baf0990c1a4c', 3, '2022-04-19 11:09:05', '2022-04-19 11:09:05'),
(701, '3e694b80-7695-4da1-901d-55ff4646a780', 3, '2022-04-24 00:41:47', '2022-04-24 00:41:47'),
(702, '58a4ca5a-348b-48d3-8951-6c32bb93051a', 3, '2022-04-26 05:35:55', '2022-04-26 05:35:55'),
(703, '2eeb2b39-6253-4ddb-af6b-3884f70932c9', 3, '2022-04-28 05:15:33', '2022-04-28 05:15:33'),
(704, 'cd4bfd40-9773-45ac-958f-4a69bdc35565', 3, '2022-04-29 06:51:45', '2022-04-29 06:51:45'),
(705, 'c7fe07ff-b4e3-482f-914c-6bd70df63afe', 3, '2022-04-30 01:11:12', '2022-04-30 01:11:12'),
(706, 'e6c14630-1a87-43f5-8b0a-37762d95de8b', 3, '2022-05-01 11:24:29', '2022-05-01 11:24:29'),
(707, 'dde45a96-403b-4b92-85c4-c0eabc8717c0', 3, '2022-05-02 03:19:34', '2022-05-02 03:19:34'),
(708, 'feeb765d-a039-4363-94f3-35c34a4e38ab', 3, '2022-05-02 15:16:11', '2022-05-02 15:16:11'),
(709, 'ea5c0e25-22b2-49b2-a599-5932c39cde3b', 3, '2022-05-03 15:23:28', '2022-05-03 15:23:28'),
(710, 'cdb8309d-8793-4fcc-b5b3-3a094048eeb9', 3, '2022-05-03 21:22:29', '2022-05-03 21:22:29'),
(711, 'fe287253-ea2b-4b39-8ea1-8aee385e99ad', 3, '2022-05-05 12:59:21', '2022-05-05 12:59:21'),
(712, 'e7e0991a-c4d0-431c-9145-c7e74aa51771', 3, '2022-05-06 05:26:05', '2022-05-06 05:26:05'),
(713, 'c0006d2c-e84d-482f-baec-2645e5b13720', 3, '2022-05-06 06:46:30', '2022-05-06 06:46:30'),
(714, '6f20cd66-1827-4eda-968a-bf4d1dbb2364', 3, '2022-05-07 23:55:09', '2022-05-07 23:55:09'),
(715, '77aba712-ed28-4d66-b02a-07561149622a', 3, '2022-05-08 12:20:39', '2022-05-08 12:20:39'),
(716, '89989f92-27f6-40c1-8425-d226d2b6dc28', 3, '2022-05-10 06:14:56', '2022-05-10 06:14:56');

-- --------------------------------------------------------

--
-- Структура таблицы `slot_category_type`
--

CREATE TABLE `slot_category_type` (
  `id` bigint UNSIGNED NOT NULL,
  `title` varchar(50) COLLATE utf8_unicode_ci DEFAULT NULL,
  `description` text COLLATE utf8_unicode_ci,
  `icon` varchar(50) COLLATE utf8_unicode_ci DEFAULT NULL,
  `bg_color` varchar(10) COLLATE utf8_unicode_ci DEFAULT NULL
) ENGINE=InnoDB DEFAULT CHARSET=utf8mb3 COLLATE=utf8_unicode_ci COMMENT='Словарь категорий услуг';

--
-- Дамп данных таблицы `slot_category_type`
--

INSERT INTO `slot_category_type` (`id`, `title`, `description`, `icon`, `bg_color`) VALUES
(1, 'Персонал', 'Сотрудники клиники.', NULL, NULL),
(2, 'Размещение', 'Палаты и зоны отдыха клиники', NULL, NULL),
(3, 'Вид родов', 'Различные типы родовспоможения, в воду, кесарево и пр пр ', NULL, NULL),
(4, 'Дополнительные услуги', 'Фото видео и пр вещи которые может предоставить роддом', NULL, NULL),
(5, 'Эко', 'Услуги относящиеся к оплодотворению вне тела', NULL, NULL),
(6, 'Многоплодная беременность', 'Услуги относящиеся к беременности с несколькими плодами', NULL, NULL),
(7, 'Онлайн консультации', 'Услуги по оказанию консультаций без очного визита к врачу', NULL, NULL),
(8, 'Ведение беременности', 'Услуги по ведению и поддержке беременных', NULL, NULL);

-- --------------------------------------------------------

--
-- Структура таблицы `trimester`
--

CREATE TABLE `trimester` (
  `id` int NOT NULL,
  `name` varchar(50) CHARACTER SET utf8mb3 COLLATE utf8_unicode_ci NOT NULL,
  `title` varchar(50) CHARACTER SET utf32 COLLATE utf32_unicode_ci NOT NULL,
  `description` text CHARACTER SET utf8mb3 COLLATE utf8_unicode_ci NOT NULL,
  `icon` varchar(150) CHARACTER SET utf8mb3 COLLATE utf8_unicode_ci DEFAULT NULL,
  `bg_color` varchar(50) CHARACTER SET utf8mb3 COLLATE utf8_unicode_ci DEFAULT NULL,
  `article_id` int DEFAULT NULL
) ENGINE=InnoDB DEFAULT CHARSET=latin1;

--
-- Дамп данных таблицы `trimester`
--

INSERT INTO `trimester` (`id`, `name`, `title`, `description`, `icon`, `bg_color`, `article_id`) VALUES
(1, 'first', 'Первый триместер', '', NULL, NULL, NULL),
(2, 'second', 'Второй триместер', '', NULL, NULL, NULL),
(3, 'third', 'Третий триметр', '', NULL, NULL, NULL);

-- --------------------------------------------------------

--
-- Структура таблицы `users`
--

CREATE TABLE `users` (
  `id` bigint UNSIGNED NOT NULL COMMENT 'id',
  `active` tinyint(1) NOT NULL DEFAULT '0' COMMENT 'статус активности юзера',
  `login` varchar(50) COLLATE utf8_unicode_ci NOT NULL COMMENT 'логин',
  `password` varchar(50) COLLATE utf8_unicode_ci DEFAULT NULL COMMENT 'пароль',
  `role` bigint UNSIGNED NOT NULL COMMENT 'роль в системе (привилегии)',
  `activation` varchar(50) COLLATE utf8_unicode_ci DEFAULT NULL COMMENT 'активационный код(для активации учетки при регистрации)',
  `first_name` varchar(50) COLLATE utf8_unicode_ci DEFAULT NULL,
  `last_name` varchar(50) COLLATE utf8_unicode_ci DEFAULT NULL,
  `patronymic` varchar(50) COLLATE utf8_unicode_ci DEFAULT NULL,
  `photo_id` bigint UNSIGNED DEFAULT NULL,
  `status_type` int DEFAULT NULL COMMENT 'статус пользователя  (планирует , выбирает , беременна, родила ...)',
  `multi_pregnant` tinyint(1) DEFAULT '0' COMMENT 'многоплодная беременность',
  `client_birthday_datetime` timestamp NULL DEFAULT NULL COMMENT 'дата рождения клиента',
  `conception_datetime` timestamp NULL DEFAULT NULL COMMENT 'дата зачатия ребенка если беременна',
  `has_problems` tinyint(1) NOT NULL DEFAULT '0' COMMENT 'осложнения',
  `phone` varchar(50) COLLATE utf8_unicode_ci DEFAULT NULL,
  `email` varchar(150) COLLATE utf8_unicode_ci DEFAULT NULL,
  `skype` varchar(150) COLLATE utf8_unicode_ci DEFAULT NULL,
  `ch_skype` tinyint(1) NOT NULL DEFAULT '0' COMMENT 'предпочитаемый канал связи',
  `ch_phone` tinyint(1) NOT NULL DEFAULT '0' COMMENT 'предпочитаемый канал связи',
  `ch_viber` tinyint(1) NOT NULL DEFAULT '0' COMMENT 'предпочитаемый канал связи',
  `ch_whatsapp` tinyint(1) NOT NULL DEFAULT '0' COMMENT 'предпочитаемый канал связи',
  `ch_telegram` tinyint(1) NOT NULL DEFAULT '0' COMMENT 'предпочитаемый канал связи',
  `ch_email` tinyint(1) NOT NULL DEFAULT '0' COMMENT 'предпочитаемый канал связи',
  `height` int DEFAULT NULL COMMENT 'Рост',
  `weight` int DEFAULT NULL COMMENT 'Вес',
  `clothes_size` int UNSIGNED DEFAULT NULL COMMENT 'Размер одежды',
  `shoes_size` int UNSIGNED DEFAULT NULL COMMENT 'Размер обуви',
  `datetime_update` timestamp NOT NULL DEFAULT CURRENT_TIMESTAMP,
  `datetime_create` timestamp NOT NULL DEFAULT CURRENT_TIMESTAMP
) ENGINE=InnoDB DEFAULT CHARSET=utf8mb3 COLLATE=utf8_unicode_ci;

--
-- Дамп данных таблицы `users`
--

INSERT INTO `users` (`id`, `active`, `login`, `password`, `role`, `activation`, `first_name`, `last_name`, `patronymic`, `photo_id`, `status_type`, `multi_pregnant`, `client_birthday_datetime`, `conception_datetime`, `has_problems`, `phone`, `email`, `skype`, `ch_skype`, `ch_phone`, `ch_viber`, `ch_whatsapp`, `ch_telegram`, `ch_email`, `height`, `weight`, `clothes_size`, `shoes_size`, `datetime_update`, `datetime_create`) VALUES
(1, 1, 'admin', '21232f297a57a5a743894a0e4a801fc3', 7, NULL, 'Сергей', 'Савин', 'Владимирович', 46, 1, 0, NULL, NULL, 0, '89171215000', 'alter4444@gmail.com', 'exclusive_login', 0, 0, 0, 1, 1, 0, NULL, NULL, NULL, NULL, '2021-08-23 16:55:02', '2021-08-16 20:35:44'),
(3, 1, 'guest', NULL, 1, NULL, NULL, NULL, NULL, NULL, NULL, NULL, NULL, NULL, 0, NULL, NULL, NULL, 0, 0, 0, 0, 0, 0, NULL, NULL, NULL, NULL, '2021-08-23 16:55:08', '2021-08-17 12:52:35'),
(19, 1, 'EgorenkovOV', 'f9202cc7caf572f0c160379f17e325eb', 6, '55c6f51c-9992-4d77-9323-e6fa1562ad52', NULL, NULL, NULL, NULL, NULL, NULL, NULL, NULL, 0, NULL, NULL, NULL, 0, 0, 0, 0, 0, 0, NULL, NULL, NULL, NULL, '2021-08-26 08:06:40', '2021-08-26 08:04:34'),
(20, 1, 'testuser', '5f4dcc3b5aa765d61d8327deb882cf99', 2, NULL, 'Анна', 'Протасова', NULL, NULL, 0, 0, NULL, NULL, 0, NULL, NULL, NULL, 0, 0, 0, 0, 0, 0, NULL, NULL, NULL, NULL, '2021-12-28 09:44:16', '2021-12-28 09:44:16'),
(21, 1, 'user', 'ee11cbb19052e40b07aac0ca060c23ee', 2, 'c643e8d3-d5ea-4d9f-b231-e72facbc5cb7', NULL, NULL, NULL, NULL, NULL, 0, NULL, NULL, 0, NULL, NULL, NULL, 0, 0, 0, 0, 0, 0, NULL, NULL, NULL, NULL, '2021-12-30 11:38:02', '2021-12-30 11:38:02');

-- --------------------------------------------------------

--
-- Структура таблицы `user_status_type`
--

CREATE TABLE `user_status_type` (
  `id` bigint UNSIGNED NOT NULL,
  `title` varchar(50) COLLATE utf8_unicode_ci DEFAULT NULL,
  `description` text COLLATE utf8_unicode_ci,
  `icon` varchar(50) COLLATE utf8_unicode_ci DEFAULT NULL,
  `bg_color` varchar(10) COLLATE utf8_unicode_ci DEFAULT NULL
) ENGINE=InnoDB DEFAULT CHARSET=utf8mb3 COLLATE=utf8_unicode_ci COMMENT='Словарь категорий услуг';

--
-- Дамп данных таблицы `user_status_type`
--

INSERT INTO `user_status_type` (`id`, `title`, `description`, `icon`, `bg_color`) VALUES
(1, 'Интересуюсь', NULL, NULL, NULL),
(2, 'Планирую', NULL, NULL, NULL),
(3, 'Беременна', NULL, NULL, NULL),
(4, 'Родила', NULL, NULL, NULL);

--
-- Индексы сохранённых таблиц
--

--
-- Индексы таблицы `birthtype`
--
ALTER TABLE `birthtype`
  ADD PRIMARY KEY (`id`),
  ADD KEY `image_id` (`image_id`);

--
-- Индексы таблицы `clinics`
--
ALTER TABLE `clinics`
  ADD PRIMARY KEY (`id`),
  ADD KEY `ref` (`contragent`);

--
-- Индексы таблицы `clinic_specialities_containers`
--
ALTER TABLE `clinic_specialities_containers`
  ADD PRIMARY KEY (`id`);

--
-- Индексы таблицы `clinic_specialities_containers_repo`
--
ALTER TABLE `clinic_specialities_containers_repo`
  ADD PRIMARY KEY (`id`),
  ADD UNIQUE KEY `id` (`id`);

--
-- Индексы таблицы `clinic_specialities_type`
--
ALTER TABLE `clinic_specialities_type`
  ADD PRIMARY KEY (`id`);

--
-- Индексы таблицы `consultation`
--
ALTER TABLE `consultation`
  ADD PRIMARY KEY (`id`),
  ADD KEY `ref` (`contragent`);

--
-- Индексы таблицы `contragents`
--
ALTER TABLE `contragents`
  ADD PRIMARY KEY (`id`),
  ADD KEY `image_id` (`image_id`);

--
-- Индексы таблицы `districts`
--
ALTER TABLE `districts`
  ADD PRIMARY KEY (`id`),
  ADD UNIQUE KEY `id` (`id`);

--
-- Индексы таблицы `doctors`
--
ALTER TABLE `doctors`
  ADD PRIMARY KEY (`id`),
  ADD KEY `category` (`category`),
  ADD KEY `position` (`position`),
  ADD KEY `image_id` (`image_id`);

--
-- Индексы таблицы `doctor_category_type`
--
ALTER TABLE `doctor_category_type`
  ADD PRIMARY KEY (`id`);

--
-- Индексы таблицы `doctor_position_type`
--
ALTER TABLE `doctor_position_type`
  ADD PRIMARY KEY (`id`);

--
-- Индексы таблицы `entity_type`
--
ALTER TABLE `entity_type`
  ADD PRIMARY KEY (`id`),
  ADD UNIQUE KEY `id` (`id`);

--
-- Индексы таблицы `facilities_containers`
--
ALTER TABLE `facilities_containers`
  ADD PRIMARY KEY (`id`);

--
-- Индексы таблицы `facilities_containers_repo`
--
ALTER TABLE `facilities_containers_repo`
  ADD PRIMARY KEY (`id`),
  ADD UNIQUE KEY `id` (`id`);

--
-- Индексы таблицы `facilities_type`
--
ALTER TABLE `facilities_type`
  ADD PRIMARY KEY (`id`);

--
-- Индексы таблицы `files`
--
ALTER TABLE `files`
  ADD PRIMARY KEY (`id`),
  ADD UNIQUE KEY `id` (`id`);

--
-- Индексы таблицы `images`
--
ALTER TABLE `images`
  ADD UNIQUE KEY `id` (`id`),
  ADD KEY `file_id` (`file_id`);

--
-- Индексы таблицы `lk_permissions`
--
ALTER TABLE `lk_permissions`
  ADD PRIMARY KEY (`id`),
  ADD UNIQUE KEY `id` (`id`),
  ADD KEY `user_id` (`user_id`),
  ADD KEY `permission_id` (`permission_id`);

--
-- Индексы таблицы `lk_permission_type`
--
ALTER TABLE `lk_permission_type`
  ADD PRIMARY KEY (`id`);

--
-- Индексы таблицы `orders`
--
ALTER TABLE `orders`
  ADD PRIMARY KEY (`id`),
  ADD UNIQUE KEY `id` (`id`),
  ADD KEY `user_id` (`user_id`),
  ADD KEY `refferer` (`refferer`),
  ADD KEY `status` (`status`),
  ADD KEY `session_id` (`session_id`);

--
-- Индексы таблицы `order_contacts`
--
ALTER TABLE `order_contacts`
  ADD PRIMARY KEY (`id`);

--
-- Индексы таблицы `order_status_type`
--
ALTER TABLE `order_status_type`
  ADD UNIQUE KEY `slug` (`slug`);

--
-- Индексы таблицы `phones`
--
ALTER TABLE `phones`
  ADD PRIMARY KEY (`id`),
  ADD UNIQUE KEY `id` (`id`),
  ADD KEY `section` (`section`);

--
-- Индексы таблицы `phones_containers_repo`
--
ALTER TABLE `phones_containers_repo`
  ADD PRIMARY KEY (`id`),
  ADD UNIQUE KEY `id` (`id`);

--
-- Индексы таблицы `phone_containers`
--
ALTER TABLE `phone_containers`
  ADD PRIMARY KEY (`id`);

--
-- Индексы таблицы `roles`
--
ALTER TABLE `roles`
  ADD PRIMARY KEY (`id`),
  ADD UNIQUE KEY `id` (`id`),
  ADD UNIQUE KEY `slug` (`slug`);

--
-- Индексы таблицы `search`
--
ALTER TABLE `search`
  ADD UNIQUE KEY `hash` (`hash`);

--
-- Индексы таблицы `section_type`
--
ALTER TABLE `section_type`
  ADD PRIMARY KEY (`slug`),
  ADD UNIQUE KEY `slug` (`slug`),
  ADD UNIQUE KEY `id` (`id`);

--
-- Индексы таблицы `services`
--
ALTER TABLE `services`
  ADD PRIMARY KEY (`id`),
  ADD KEY `slot_category_type` (`slot_category_type`),
  ADD KEY `image_id` (`image_id`);

--
-- Индексы таблицы `services_containers_repo`
--
ALTER TABLE `services_containers_repo`
  ADD PRIMARY KEY (`id`),
  ADD UNIQUE KEY `id` (`id`);

--
-- Индексы таблицы `service_containers`
--
ALTER TABLE `service_containers`
  ADD PRIMARY KEY (`id`),
  ADD UNIQUE KEY `id` (`id`);

--
-- Индексы таблицы `service_slot`
--
ALTER TABLE `service_slot`
  ADD PRIMARY KEY (`id`),
  ADD UNIQUE KEY `id` (`id`),
  ADD KEY `entity_type` (`entity_type`),
  ADD KEY `slot_category_type` (`slot_category_type`),
  ADD KEY `service_id` (`service_id`),
  ADD KEY `image_id` (`image_id`),
  ADD KEY `section` (`section`);

--
-- Индексы таблицы `sessions`
--
ALTER TABLE `sessions`
  ADD PRIMARY KEY (`id`),
  ADD UNIQUE KEY `id` (`id`),
  ADD KEY `user_id` (`user_id`);

--
-- Индексы таблицы `slot_category_type`
--
ALTER TABLE `slot_category_type`
  ADD PRIMARY KEY (`id`);

--
-- Индексы таблицы `trimester`
--
ALTER TABLE `trimester`
  ADD PRIMARY KEY (`id`);

--
-- Индексы таблицы `users`
--
ALTER TABLE `users`
  ADD PRIMARY KEY (`id`),
  ADD UNIQUE KEY `id` (`id`),
  ADD KEY `role` (`role`),
  ADD KEY `photo_id` (`photo_id`);

--
-- Индексы таблицы `user_status_type`
--
ALTER TABLE `user_status_type`
  ADD PRIMARY KEY (`id`);

--
-- AUTO_INCREMENT для сохранённых таблиц
--

--
-- AUTO_INCREMENT для таблицы `birthtype`
--
ALTER TABLE `birthtype`
  MODIFY `id` int NOT NULL AUTO_INCREMENT, AUTO_INCREMENT=8;

--
-- AUTO_INCREMENT для таблицы `clinics`
--
ALTER TABLE `clinics`
  MODIFY `id` int NOT NULL AUTO_INCREMENT, AUTO_INCREMENT=35;

--
-- AUTO_INCREMENT для таблицы `clinic_specialities_containers`
--
ALTER TABLE `clinic_specialities_containers`
  MODIFY `id` int NOT NULL AUTO_INCREMENT, AUTO_INCREMENT=7;

--
-- AUTO_INCREMENT для таблицы `clinic_specialities_containers_repo`
--
ALTER TABLE `clinic_specialities_containers_repo`
  MODIFY `id` bigint UNSIGNED NOT NULL AUTO_INCREMENT, AUTO_INCREMENT=2;

--
-- AUTO_INCREMENT для таблицы `clinic_specialities_type`
--
ALTER TABLE `clinic_specialities_type`
  MODIFY `id` int NOT NULL AUTO_INCREMENT, AUTO_INCREMENT=7;

--
-- AUTO_INCREMENT для таблицы `consultation`
--
ALTER TABLE `consultation`
  MODIFY `id` int NOT NULL AUTO_INCREMENT, AUTO_INCREMENT=28;

--
-- AUTO_INCREMENT для таблицы `contragents`
--
ALTER TABLE `contragents`
  MODIFY `id` bigint UNSIGNED NOT NULL AUTO_INCREMENT, AUTO_INCREMENT=46;

--
-- AUTO_INCREMENT для таблицы `districts`
--
ALTER TABLE `districts`
  MODIFY `id` bigint UNSIGNED NOT NULL AUTO_INCREMENT, AUTO_INCREMENT=10;

--
-- AUTO_INCREMENT для таблицы `doctors`
--
ALTER TABLE `doctors`
  MODIFY `id` int NOT NULL AUTO_INCREMENT, AUTO_INCREMENT=97;

--
-- AUTO_INCREMENT для таблицы `doctor_category_type`
--
ALTER TABLE `doctor_category_type`
  MODIFY `id` bigint UNSIGNED NOT NULL AUTO_INCREMENT, AUTO_INCREMENT=9;

--
-- AUTO_INCREMENT для таблицы `doctor_position_type`
--
ALTER TABLE `doctor_position_type`
  MODIFY `id` bigint UNSIGNED NOT NULL AUTO_INCREMENT, AUTO_INCREMENT=6;

--
-- AUTO_INCREMENT для таблицы `entity_type`
--
ALTER TABLE `entity_type`
  MODIFY `id` bigint UNSIGNED NOT NULL AUTO_INCREMENT, AUTO_INCREMENT=3;

--
-- AUTO_INCREMENT для таблицы `facilities_containers`
--
ALTER TABLE `facilities_containers`
  MODIFY `id` int NOT NULL AUTO_INCREMENT, AUTO_INCREMENT=157;

--
-- AUTO_INCREMENT для таблицы `facilities_containers_repo`
--
ALTER TABLE `facilities_containers_repo`
  MODIFY `id` bigint UNSIGNED NOT NULL AUTO_INCREMENT, AUTO_INCREMENT=6;

--
-- AUTO_INCREMENT для таблицы `facilities_type`
--
ALTER TABLE `facilities_type`
  MODIFY `id` int NOT NULL AUTO_INCREMENT, AUTO_INCREMENT=20;

--
-- AUTO_INCREMENT для таблицы `files`
--
ALTER TABLE `files`
  MODIFY `id` bigint UNSIGNED NOT NULL AUTO_INCREMENT, AUTO_INCREMENT=127;

--
-- AUTO_INCREMENT для таблицы `images`
--
ALTER TABLE `images`
  MODIFY `id` bigint UNSIGNED NOT NULL AUTO_INCREMENT, AUTO_INCREMENT=127;

--
-- AUTO_INCREMENT для таблицы `lk_permissions`
--
ALTER TABLE `lk_permissions`
  MODIFY `id` bigint UNSIGNED NOT NULL AUTO_INCREMENT, AUTO_INCREMENT=7;

--
-- AUTO_INCREMENT для таблицы `lk_permission_type`
--
ALTER TABLE `lk_permission_type`
  MODIFY `id` bigint UNSIGNED NOT NULL AUTO_INCREMENT, AUTO_INCREMENT=3;

--
-- AUTO_INCREMENT для таблицы `orders`
--
ALTER TABLE `orders`
  MODIFY `id` bigint UNSIGNED NOT NULL AUTO_INCREMENT, AUTO_INCREMENT=7;

--
-- AUTO_INCREMENT для таблицы `order_contacts`
--
ALTER TABLE `order_contacts`
  MODIFY `id` bigint UNSIGNED NOT NULL AUTO_INCREMENT;

--
-- AUTO_INCREMENT для таблицы `phones`
--
ALTER TABLE `phones`
  MODIFY `id` bigint UNSIGNED NOT NULL AUTO_INCREMENT, AUTO_INCREMENT=14;

--
-- AUTO_INCREMENT для таблицы `phones_containers_repo`
--
ALTER TABLE `phones_containers_repo`
  MODIFY `id` bigint UNSIGNED NOT NULL AUTO_INCREMENT, AUTO_INCREMENT=21;

--
-- AUTO_INCREMENT для таблицы `phone_containers`
--
ALTER TABLE `phone_containers`
  MODIFY `id` int NOT NULL AUTO_INCREMENT, AUTO_INCREMENT=132;

--
-- AUTO_INCREMENT для таблицы `roles`
--
ALTER TABLE `roles`
  MODIFY `id` bigint UNSIGNED NOT NULL AUTO_INCREMENT, AUTO_INCREMENT=8;

--
-- AUTO_INCREMENT для таблицы `section_type`
--
ALTER TABLE `section_type`
  MODIFY `id` bigint NOT NULL AUTO_INCREMENT, AUTO_INCREMENT=3;

--
-- AUTO_INCREMENT для таблицы `services`
--
ALTER TABLE `services`
  MODIFY `id` int NOT NULL AUTO_INCREMENT, AUTO_INCREMENT=29;

--
-- AUTO_INCREMENT для таблицы `services_containers_repo`
--
ALTER TABLE `services_containers_repo`
  MODIFY `id` bigint UNSIGNED NOT NULL AUTO_INCREMENT, AUTO_INCREMENT=5;

--
-- AUTO_INCREMENT для таблицы `service_containers`
--
ALTER TABLE `service_containers`
  MODIFY `id` bigint UNSIGNED NOT NULL AUTO_INCREMENT, AUTO_INCREMENT=15;

--
-- AUTO_INCREMENT для таблицы `service_slot`
--
ALTER TABLE `service_slot`
  MODIFY `id` bigint UNSIGNED NOT NULL AUTO_INCREMENT, AUTO_INCREMENT=465;

--
-- AUTO_INCREMENT для таблицы `sessions`
--
ALTER TABLE `sessions`
  MODIFY `id` bigint UNSIGNED NOT NULL AUTO_INCREMENT, AUTO_INCREMENT=717;

--
-- AUTO_INCREMENT для таблицы `slot_category_type`
--
ALTER TABLE `slot_category_type`
  MODIFY `id` bigint UNSIGNED NOT NULL AUTO_INCREMENT, AUTO_INCREMENT=9;

--
-- AUTO_INCREMENT для таблицы `trimester`
--
ALTER TABLE `trimester`
  MODIFY `id` int NOT NULL AUTO_INCREMENT, AUTO_INCREMENT=4;

--
-- AUTO_INCREMENT для таблицы `users`
--
ALTER TABLE `users`
  MODIFY `id` bigint UNSIGNED NOT NULL AUTO_INCREMENT COMMENT 'id', AUTO_INCREMENT=22;

--
-- AUTO_INCREMENT для таблицы `user_status_type`
--
ALTER TABLE `user_status_type`
  MODIFY `id` bigint UNSIGNED NOT NULL AUTO_INCREMENT, AUTO_INCREMENT=5;

--
-- Ограничения внешнего ключа сохраненных таблиц
--

--
-- Ограничения внешнего ключа таблицы `birthtype`
--
ALTER TABLE `birthtype`
  ADD CONSTRAINT `birthtype_ibfk_1` FOREIGN KEY (`image_id`) REFERENCES `images` (`id`) ON DELETE RESTRICT ON UPDATE RESTRICT;

--
-- Ограничения внешнего ключа таблицы `clinics`
--
ALTER TABLE `clinics`
  ADD CONSTRAINT `clinics_ibfk_1` FOREIGN KEY (`contragent`) REFERENCES `contragents` (`id`) ON DELETE RESTRICT ON UPDATE RESTRICT;

--
-- Ограничения внешнего ключа таблицы `doctors`
--
ALTER TABLE `doctors`
  ADD CONSTRAINT `doctors_ibfk_1` FOREIGN KEY (`category`) REFERENCES `doctor_category_type` (`id`) ON DELETE RESTRICT ON UPDATE RESTRICT,
  ADD CONSTRAINT `doctors_ibfk_2` FOREIGN KEY (`position`) REFERENCES `doctor_position_type` (`id`) ON DELETE RESTRICT ON UPDATE RESTRICT,
  ADD CONSTRAINT `doctors_ibfk_3` FOREIGN KEY (`image_id`) REFERENCES `images` (`id`) ON DELETE RESTRICT ON UPDATE RESTRICT;

--
-- Ограничения внешнего ключа таблицы `images`
--
ALTER TABLE `images`
  ADD CONSTRAINT `images_ibfk_1` FOREIGN KEY (`file_id`) REFERENCES `files` (`id`) ON DELETE RESTRICT ON UPDATE RESTRICT;

--
-- Ограничения внешнего ключа таблицы `lk_permissions`
--
ALTER TABLE `lk_permissions`
  ADD CONSTRAINT `lk_permissions_ibfk_1` FOREIGN KEY (`user_id`) REFERENCES `users` (`id`) ON DELETE RESTRICT ON UPDATE RESTRICT,
  ADD CONSTRAINT `lk_permissions_ibfk_2` FOREIGN KEY (`permission_id`) REFERENCES `lk_permission_type` (`id`) ON DELETE RESTRICT ON UPDATE RESTRICT;

--
-- Ограничения внешнего ключа таблицы `orders`
--
ALTER TABLE `orders`
  ADD CONSTRAINT `orders_ibfk_1` FOREIGN KEY (`user_id`) REFERENCES `users` (`id`) ON DELETE RESTRICT ON UPDATE RESTRICT,
  ADD CONSTRAINT `orders_ibfk_2` FOREIGN KEY (`refferer`) REFERENCES `users` (`id`) ON DELETE RESTRICT ON UPDATE RESTRICT,
  ADD CONSTRAINT `orders_ibfk_3` FOREIGN KEY (`status`) REFERENCES `order_status_type` (`slug`) ON DELETE RESTRICT ON UPDATE RESTRICT,
  ADD CONSTRAINT `orders_ibfk_4` FOREIGN KEY (`session_id`) REFERENCES `sessions` (`id`) ON DELETE RESTRICT ON UPDATE RESTRICT;

--
-- Ограничения внешнего ключа таблицы `phones`
--
ALTER TABLE `phones`
  ADD CONSTRAINT `phones_ibfk_1` FOREIGN KEY (`section`) REFERENCES `section_type` (`slug`) ON DELETE RESTRICT ON UPDATE RESTRICT;

--
-- Ограничения внешнего ключа таблицы `services`
--
ALTER TABLE `services`
  ADD CONSTRAINT `services_ibfk_1` FOREIGN KEY (`slot_category_type`) REFERENCES `slot_category_type` (`id`) ON DELETE RESTRICT ON UPDATE RESTRICT,
  ADD CONSTRAINT `services_ibfk_2` FOREIGN KEY (`image_id`) REFERENCES `images` (`id`) ON DELETE RESTRICT ON UPDATE RESTRICT;

--
-- Ограничения внешнего ключа таблицы `service_slot`
--
ALTER TABLE `service_slot`
  ADD CONSTRAINT `service_slot_ibfk_1` FOREIGN KEY (`entity_type`) REFERENCES `entity_type` (`id`) ON DELETE RESTRICT ON UPDATE RESTRICT,
  ADD CONSTRAINT `service_slot_ibfk_2` FOREIGN KEY (`slot_category_type`) REFERENCES `slot_category_type` (`id`) ON DELETE RESTRICT ON UPDATE RESTRICT,
  ADD CONSTRAINT `service_slot_ibfk_3` FOREIGN KEY (`image_id`) REFERENCES `images` (`id`) ON DELETE RESTRICT ON UPDATE RESTRICT,
  ADD CONSTRAINT `service_slot_ibfk_4` FOREIGN KEY (`section`) REFERENCES `section_type` (`slug`) ON DELETE RESTRICT ON UPDATE RESTRICT;

--
-- Ограничения внешнего ключа таблицы `sessions`
--
ALTER TABLE `sessions`
  ADD CONSTRAINT `sessions_ibfk_1` FOREIGN KEY (`user_id`) REFERENCES `users` (`id`) ON DELETE RESTRICT ON UPDATE RESTRICT;

--
-- Ограничения внешнего ключа таблицы `users`
--
ALTER TABLE `users`
  ADD CONSTRAINT `users_ibfk_1` FOREIGN KEY (`role`) REFERENCES `roles` (`id`) ON DELETE RESTRICT ON UPDATE RESTRICT,
  ADD CONSTRAINT `users_ibfk_2` FOREIGN KEY (`photo_id`) REFERENCES `images` (`id`) ON DELETE RESTRICT ON UPDATE RESTRICT;
COMMIT;

/*!40101 SET CHARACTER_SET_CLIENT=@OLD_CHARACTER_SET_CLIENT */;
/*!40101 SET CHARACTER_SET_RESULTS=@OLD_CHARACTER_SET_RESULTS */;
/*!40101 SET COLLATION_CONNECTION=@OLD_COLLATION_CONNECTION */;
